; HEADER_BLOCK_START
; generated by Snapmaker Orca 2.3.5 on 2026-08-19 at 16:04:30
; total layer number: 100
; filament_density: 0
; filament_diameter: 1.75
; max_z_height: 20.00
; HEADER_BLOCK_END

; external perimeters extrusion width = 0.45mm
; perimeters extrusion width = 0.45mm
; infill extrusion width = 0.45mm
; solid infill extrusion width = 0.45mm
; top infill extrusion width = 0.40mm

; EXECUTABLE_BLOCK_START
M73 P0 R44
M201 X1000 Y1000 Z500 E5000
M203 X500 Y500 Z12 E120
M204 P1500 R1500 T1500
M205 X10.00 Y10.00 Z0.20 E2.50 ; sets the jerk limits, mm/sec
M190 S35 ; set bed temperature and wait for it to be reached
M104 S200 ; set nozzle temperature
;TYPE:Custom
G28 ; home all axes
G1 Z5 F5000 ; lift nozzle
G90
G21
M83 ; use relative distances for extrusion
M106 S0
;LAYER_CHANGE
;Z:0.2
;HEIGHT:0.2
G92 E0
;_SET_FAN_SPEED_CHANGING_LAYER
M204 S300
G1 E-.8 F1800
G1 X87.59 Y87.417 F7200
G1 Z.6
M73 P0 R43
G1 Z.2
G1 E.8 F1800
;TYPE:Skirt
;WIDTH:0.45
G1 F1473.913
G1 X87.881 Y87.077 E.01515
G1 X90 Y86.389 E.0754
G1 X110 Y86.389 E.67698
G1 X111.641 Y86.784 E.05713
G1 X112.923 Y87.881 E.05713
G1 X113.611 Y90 E.0754
G1 X113.611 Y110 E.67698
G1 X113.216 Y111.641 E.05713
G1 X112.119 Y112.923 E.05713
G1 X110 Y113.611 E.0754
G1 X90 Y113.611 E.67698
G1 X88.359 Y113.216 E.05713
G1 X87.077 Y112.119 E.05713
G1 X86.389 Y110 E.0754
G1 X86.389 Y90 E.67698
G1 X86.784 Y88.359 E.05713
G1 X87.564 Y87.447 E.04062
G1 X87.564 Y87.447 F7200
G1 X87.881 Y87.077
G1 X90 Y86.389
G1 X110 Y86.389
G1 X87.87 Y87.733
G1 F1473.913
G1 X88.275 Y87.301 E.02004
G1 X90 Y86.796 E.06084
G1 X110 Y86.796 E.67698
G1 X111.539 Y87.19 E.05376
G1 X112.699 Y88.275 E.05376
G1 X113.204 Y90 E.06084
G1 X113.204 Y110 E.67698
G1 X112.81 Y111.539 E.05376
G1 X111.725 Y112.699 E.05376
G1 X110 Y113.204 E.06084
G1 X90 Y113.204 E.67698
G1 X88.461 Y112.81 E.05376
G1 X87.301 Y111.725 E.05376
G1 X86.796 Y110 E.06084
G1 X86.796 Y90 E.67698
G1 X87.19 Y88.461 E.05376
G1 X87.843 Y87.763 E.03237
; printing object 20mmbox-LF.stl id:0 copy 0
G1 E-.8 F1800
G1 X93.23 Y93.17 Z.6 F7200
G1 X109.175 Y109.175 Z.6
G1 Z.2
G1 E.8 F1800
;TYPE:Inner wall
G1 F1473.913
G1 X90.825 Y109.175 E.62113
G1 X90.825 Y90.825 E.62113
G1 X109.175 Y90.825 E.62113
G1 X109.175 Y109.135 E.61977
G1 X109.625 Y109.625 F7200
;TYPE:Outer wall
G1 F1473.913
G1 X90.375 Y109.625 E.65159
G1 X90.375 Y90.375 E.65159
G1 X109.625 Y90.375 E.65159
G1 X109.625 Y109.585 E.65024
G1 E-.8 F1800
G1 X109.055 Y101.974 Z.6 F7200
G1 X108.229 Y90.947 Z.6
G1 Z.2
G1 E.8 F1800
;TYPE:Bottom surface
;WIDTH:0.450268
G1 F1472.942
G1 X108.87 Y91.587 E.03067
G1 X108.87 Y92.163 E.01951
G1 X107.837 Y91.13 E.04949
G1 X107.26 Y91.13 E.01951
G1 X108.87 Y92.74 E.07709
G1 X108.87 Y93.316 E.01951
G1 X106.684 Y91.13 E.10468
G1 X106.108 Y91.13 E.01951
G1 X108.87 Y93.892 E.13227
G1 X108.87 Y94.468 E.01951
G1 X105.532 Y91.13 E.15987
G1 X104.956 Y91.13 E.01951
G1 X108.87 Y95.044 E.18746
G1 X108.87 Y95.62 E.01951
G1 X104.38 Y91.13 E.21506
G1 X103.804 Y91.13 E.01951
G1 X108.87 Y96.196 E.24265
G1 X108.87 Y96.772 E.01951
G1 X103.228 Y91.13 E.27025
G1 X102.652 Y91.13 E.01951
G1 X108.87 Y97.348 E.29784
G1 X108.87 Y97.924 E.01951
G1 X102.076 Y91.13 E.32544
G1 X101.5 Y91.13 E.01951
G1 X108.87 Y98.5 E.35303
G1 X108.87 Y99.076 E.01951
G1 X100.924 Y91.13 E.38063
G1 X100.348 Y91.13 E.01951
G1 X108.87 Y99.652 E.40822
G1 X108.87 Y100.229 E.01951
G1 X99.771 Y91.13 E.43582
G1 X99.195 Y91.13 E.01951
G1 X108.87 Y100.805 E.46341
G1 X108.87 Y101.381 E.01951
G1 X98.619 Y91.13 E.49101
G1 X98.043 Y91.13 E.01951
M73 P1 R43
G1 X108.87 Y101.957 E.5186
G1 X108.87 Y102.533 E.01951
G1 X97.467 Y91.13 E.54619
G1 X96.891 Y91.13 E.01951
G1 X108.87 Y103.109 E.57379
G1 X108.87 Y103.685 E.01951
G1 X96.315 Y91.13 E.60138
G1 X95.739 Y91.13 E.01951
G1 X108.87 Y104.261 E.62898
G1 X108.87 Y104.837 E.01951
G1 X95.163 Y91.13 E.65657
G1 X94.587 Y91.13 E.01951
G1 X108.87 Y105.413 E.68417
G1 X108.87 Y105.989 E.01951
G1 X94.011 Y91.13 E.71176
G1 X93.435 Y91.13 E.01951
G1 X108.87 Y106.565 E.73936
G1 X108.87 Y107.142 E.01951
G1 X92.859 Y91.13 E.76695
G1 X92.282 Y91.13 E.01951
G1 X108.87 Y107.718 E.79455
G1 X108.87 Y108.294 E.01951
G1 X91.706 Y91.13 E.82214
G1 X91.13 Y91.13 E.01951
G1 X108.87 Y108.87 E.84973
G1 X108.294 Y108.87 E.01951
G1 X91.13 Y91.706 E.82214
G1 X91.13 Y92.283 E.01951
G1 X107.718 Y108.87 E.79454
G1 X107.141 Y108.87 E.01951
G1 X91.13 Y92.859 E.76695
G1 X91.13 Y93.435 E.01951
G1 X106.565 Y108.87 E.73935
G1 X105.989 Y108.87 E.01951
G1 X91.13 Y94.011 E.71176
G1 X91.13 Y94.587 E.01951
G1 X105.413 Y108.87 E.68416
G1 X104.837 Y108.87 E.01951
G1 X91.13 Y95.163 E.65657
G1 X91.13 Y95.739 E.01951
G1 X104.261 Y108.87 E.62898
G1 X103.685 Y108.87 E.01951
G1 X91.13 Y96.315 E.60138
G1 X91.13 Y96.891 E.01951
G1 X103.109 Y108.87 E.57379
G1 X102.533 Y108.87 E.01951
G1 X91.13 Y97.467 E.54619
G1 X91.13 Y98.043 E.01951
G1 X101.957 Y108.87 E.5186
G1 X101.381 Y108.87 E.01951
G1 X91.13 Y98.619 E.491
G1 X91.13 Y99.195 E.01951
G1 X100.805 Y108.87 E.46341
G1 X100.228 Y108.87 E.01951
G1 X91.13 Y99.772 E.43581
G1 X91.13 Y100.348 E.01951
G1 X99.652 Y108.87 E.40822
G1 X99.076 Y108.87 E.01951
G1 X91.13 Y100.924 E.38062
G1 X91.13 Y101.5 E.01951
G1 X98.5 Y108.87 E.35303
G1 X97.924 Y108.87 E.01951
G1 X91.13 Y102.076 E.32543
G1 X91.13 Y102.652 E.01951
G1 X97.348 Y108.87 E.29784
G1 X96.772 Y108.87 E.01951
G1 X91.13 Y103.228 E.27024
G1 X91.13 Y103.804 E.01951
M73 P2 R43
G1 X96.196 Y108.87 E.24265
G1 X95.62 Y108.87 E.01951
G1 X91.13 Y104.38 E.21505
G1 X91.13 Y104.956 E.01951
G1 X95.044 Y108.87 E.18746
G1 X94.468 Y108.87 E.01951
G1 X91.13 Y105.532 E.15987
G1 X91.13 Y106.108 E.01951
G1 X93.892 Y108.87 E.13227
G1 X93.316 Y108.87 E.01951
G1 X91.13 Y106.684 E.10468
G1 X91.13 Y107.261 E.01951
G1 X92.739 Y108.87 E.07708
G1 X92.163 Y108.87 E.01951
G1 X91.13 Y107.837 E.04949
G1 X91.13 Y108.413 E.01951
G1 X91.771 Y109.053 E.03067
; stop printing object 20mmbox-LF.stl id:0 copy 0
M106 S91
;LAYER_CHANGE
;Z:0.4
;HEIGHT:0.2
G92 E0
;_SET_FAN_SPEED_CHANGING_LAYER
M204 S500
M204 S10000
G1 E-.8 F1800
G1 X91.771 Y113.611 Z.8 F7200
G1 Z.4
G1 E.8 F1800
M204 S500
;TYPE:Skirt
;WIDTH:0.45
G1 F1473.913
G1 X90 Y113.611 E.05993
G1 X88.359 Y113.216 E.05713
G1 X87.077 Y112.119 E.05713
G1 X86.389 Y110 E.0754
G1 X86.389 Y90 E.67698
G1 X86.784 Y88.359 E.05713
G1 X87.881 Y87.077 E.05713
G1 X90 Y86.389 E.0754
G1 X110 Y86.389 E.67698
G1 X111.641 Y86.784 E.05713
G1 X112.923 Y87.881 E.05713
G1 X113.611 Y90 E.0754
G1 X113.611 Y110 E.67698
G1 X113.216 Y111.641 E.05713
G1 X112.119 Y112.923 E.05713
G1 X110 Y113.611 E.0754
G1 X91.811 Y113.611 E.61569
M204 S10000
G1 X91.811 Y113.611 F7200
G1 X90 Y113.611
G1 X88.359 Y113.216
G1 X87.077 Y112.119
G1 X91.811 Y113.204
M204 S500
G1 F1473.913
G1 X90 Y113.204 E.06128
G1 X88.461 Y112.81 E.05376
G1 X87.301 Y111.725 E.05376
G1 X86.796 Y110 E.06084
G1 X86.796 Y90 E.67698
G1 X87.19 Y88.461 E.05376
M73 P2 R42
G1 X88.275 Y87.301 E.05376
G1 X90 Y86.796 E.06084
G1 X110 Y86.796 E.67698
G1 X111.539 Y87.19 E.05376
G1 X112.699 Y88.275 E.05376
G1 X113.204 Y90 E.06084
G1 X113.204 Y110 E.67698
G1 X112.81 Y111.539 E.05376
G1 X111.725 Y112.699 E.05376
G1 X110 Y113.204 E.06084
G1 X91.851 Y113.204 E.61434
; printing object 20mmbox-LF.stl id:0 copy 0
M204 S10000
G1 E-.8 F1800
G1 X99.302 Y111.55 Z.8 F7200
G1 X109.325 Y109.325 Z.8
G1 Z.4
G1 E.8 F1800
M204 S1500
;TYPE:Inner wall
G1 F1473.913
G1 X90.675 Y109.325 E.63128
G1 X90.675 Y90.675 E.63128
G1 X109.325 Y90.675 E.63128
G1 X109.325 Y109.285 E.62993
M204 S10000
G1 X109.775 Y109.775 F7200
M204 S500
;TYPE:Outer wall
G1 F1473.913
G1 X90.225 Y109.775 E.66174
G1 X90.225 Y90.225 E.66174
G1 X109.775 Y90.225 E.66174
G1 X109.775 Y109.735 E.66039
M204 S10000
G1 E-.8 F1800
G1 X107.972 Y108.861 Z.8 F7200
G1 Z.4
G1 E.8 F1800
M204 S500
;TYPE:Internal solid infill
;WIDTH:0.563777
G1 F1151.948
G1 X108.861 Y108.861 E.03851
G1 X108.861 Y107.972 E.03851
G1 X108 Y108.833 E.05273
M204 S10000
G1 E-.8 F1800
G1 X109.162 Y107.071 Z.8 F7200
G1 Z.4
G1 E.8 F1800
M204 S500
;WIDTH:0.451379
G1 F1468.936
G1 X107.254 Y108.979 E.09164
G1 X106.677 Y108.979 E.01962
G1 X108.979 Y106.677 E.11058
G1 X108.979 Y106.099 E.01962
G1 X106.099 Y108.979 E.13833
G1 X105.521 Y108.979 E.01962
G1 X108.979 Y105.521 E.16608
G1 X108.979 Y104.944 E.01962
G1 X104.944 Y108.979 E.19382
G1 X104.366 Y108.979 E.01962
G1 X108.979 Y104.366 E.22157
G1 X108.979 Y103.788 E.01962
G1 X103.788 Y108.979 E.24931
G1 X103.211 Y108.979 E.01962
G1 X108.979 Y103.211 E.27706
G1 X108.979 Y102.633 E.01962
G1 X102.633 Y108.979 E.3048
G1 X102.055 Y108.979 E.01962
G1 X108.979 Y102.055 E.33255
G1 X108.979 Y101.478 E.01962
G1 X101.478 Y108.979 E.36029
G1 X100.9 Y108.979 E.01962
G1 X108.979 Y100.9 E.38804
G1 X108.979 Y100.323 E.01962
G1 X100.323 Y108.979 E.41578
G1 X99.745 Y108.979 E.01962
G1 X108.979 Y99.745 E.44353
G1 X108.979 Y99.167 E.01962
G1 X99.167 Y108.979 E.47127
G1 X98.59 Y108.979 E.01962
G1 X108.979 Y98.59 E.49902
G1 X108.979 Y98.012 E.01962
G1 X98.012 Y108.979 E.52677
G1 X97.434 Y108.979 E.01962
G1 X108.979 Y97.434 E.55451
G1 X108.979 Y96.857 E.01962
M73 P3 R42
G1 X96.857 Y108.979 E.58226
G1 X96.279 Y108.979 E.01962
G1 X108.979 Y96.279 E.61
G1 X108.979 Y95.701 E.01962
G1 X95.701 Y108.979 E.63775
G1 X95.124 Y108.979 E.01962
G1 X108.979 Y95.124 E.66549
G1 X108.979 Y94.546 E.01962
G1 X94.546 Y108.979 E.69324
G1 X93.968 Y108.979 E.01962
G1 X108.979 Y93.968 E.72098
G1 X108.979 Y93.391 E.01962
G1 X93.391 Y108.979 E.74873
G1 X92.813 Y108.979 E.01962
G1 X108.979 Y92.813 E.77647
G1 X108.979 Y92.235 E.01962
G1 X92.235 Y108.979 E.80422
G1 X91.658 Y108.979 E.01962
G1 X108.979 Y91.658 E.83196
G1 X108.979 Y91.08 E.01962
G1 X91.08 Y108.979 E.85971
G1 X91.021 Y108.979 E.00201
G1 X91.021 Y108.46 E.01761
G1 X108.46 Y91.021 E.83765
G1 X107.883 Y91.021 E.01962
G1 X91.021 Y107.883 E.8099
G1 X91.021 Y107.305 E.01962
G1 X107.305 Y91.021 E.78216
G1 X106.728 Y91.021 E.01962
G1 X91.021 Y106.728 E.75441
G1 X91.021 Y106.15 E.01962
G1 X106.15 Y91.021 E.72666
G1 X105.572 Y91.021 E.01962
G1 X91.021 Y105.572 E.69892
G1 X91.021 Y104.995 E.01962
G1 X104.995 Y91.021 E.67117
G1 X104.417 Y91.021 E.01962
G1 X91.021 Y104.417 E.64343
G1 X91.021 Y103.839 E.01962
G1 X103.839 Y91.021 E.61568
G1 X103.262 Y91.021 E.01962
G1 X91.021 Y103.262 E.58794
G1 X91.021 Y102.684 E.01962
G1 X102.684 Y91.021 E.56019
G1 X102.106 Y91.021 E.01962
G1 X91.021 Y102.106 E.53245
G1 X91.021 Y101.529 E.01962
G1 X101.529 Y91.021 E.5047
G1 X100.951 Y91.021 E.01962
G1 X91.021 Y100.951 E.47696
G1 X91.021 Y100.373 E.01962
G1 X100.373 Y91.021 E.44921
G1 X99.796 Y91.021 E.01962
G1 X91.021 Y99.796 E.42147
G1 X91.021 Y99.218 E.01962
G1 X99.218 Y91.021 E.39372
G1 X98.64 Y91.021 E.01962
G1 X91.021 Y98.64 E.36597
G1 X91.021 Y98.063 E.01962
G1 X98.063 Y91.021 E.33823
G1 X97.485 Y91.021 E.01962
G1 X91.021 Y97.485 E.31048
G1 X91.021 Y96.908 E.01962
G1 X96.908 Y91.021 E.28274
G1 X96.33 Y91.021 E.01962
G1 X91.021 Y96.33 E.25499
G1 X91.021 Y95.752 E.01962
G1 X95.752 Y91.021 E.22725
G1 X95.175 Y91.021 E.01962
G1 X91.021 Y95.175 E.1995
G1 X91.021 Y94.597 E.01962
G1 X94.597 Y91.021 E.17176
G1 X94.019 Y91.021 E.01962
M73 P4 R42
G1 X91.021 Y94.019 E.14401
G1 X91.021 Y93.442 E.01962
G1 X93.442 Y91.021 E.11627
G1 X92.864 Y91.021 E.01962
G1 X91.021 Y92.864 E.08852
G1 X91.021 Y92.286 E.01962
G1 X92.286 Y91.021 E.06077
G1 X91.709 Y91.021 E.01962
G1 X90.838 Y91.892 E.04183
M204 S10000
G1 X91.123 Y91.049 F7200
M204 S500
;WIDTH:0.477238
G1 F1381.476
G1 X91.069 Y91.049 E.00196
G1 X91.041 Y91.096 E.00196
G1 X91.069 Y91.143 E.00196
G1 X91.123 Y91.143 E.00196
G1 X91.13 Y91.13 E.00052
; stop printing object 20mmbox-LF.stl id:0 copy 0
M106 S89
;LAYER_CHANGE
;Z:0.6
;HEIGHT:0.2
G92 E0
;_SET_FAN_SPEED_CHANGING_LAYER
M204 S10000
G1 E-.8 F1800
G1 X86.389 Y91.13 Z1 F7200
G1 Z.6
G1 E.8 F1800
M204 S500
;TYPE:Skirt
;WIDTH:0.45
G1 F1473.913
G1 X86.389 Y90 E.03826
G1 X86.784 Y88.359 E.05713
G1 X87.881 Y87.077 E.05713
G1 X90 Y86.389 E.0754
G1 X110 Y86.389 E.67698
G1 X111.641 Y86.784 E.05713
G1 X112.923 Y87.881 E.05713
G1 X113.611 Y90 E.0754
G1 X113.611 Y110 E.67698
G1 X113.216 Y111.641 E.05713
G1 X112.119 Y112.923 E.05713
G1 X110 Y113.611 E.0754
G1 X90 Y113.611 E.67698
G1 X88.359 Y113.216 E.05713
G1 X87.077 Y112.119 E.05713
G1 X86.389 Y110 E.0754
G1 X86.389 Y91.17 E.63736
M204 S10000
G1 X86.389 Y91.17 F7200
G1 X86.389 Y90
G1 X86.784 Y88.359
G1 X87.881 Y87.077
G1 X86.796 Y91.17
M204 S500
G1 F1473.913
G1 X86.796 Y90 E.03961
G1 X87.19 Y88.461 E.05376
G1 X88.275 Y87.301 E.05376
G1 X90 Y86.796 E.06084
G1 X110 Y86.796 E.67698
G1 X111.539 Y87.19 E.05376
G1 X112.699 Y88.275 E.05376
G1 X113.204 Y90 E.06084
G1 X113.204 Y110 E.67698
G1 X112.81 Y111.539 E.05376
G1 X111.725 Y112.699 E.05376
G1 X110 Y113.204 E.06084
G1 X90 Y113.204 E.67698
G1 X88.461 Y112.81 E.05376
G1 X87.301 Y111.725 E.05376
G1 X86.796 Y110 E.06084
G1 X86.796 Y91.21 E.63601
; printing object 20mmbox-LF.stl id:0 copy 0
M204 S10000
G1 E-.8 F1800
G1 X92.745 Y95.993 Z1 F7200
G1 X109.325 Y109.325 Z1
G1 Z.6
G1 E.8 F1800
M204 S1500
;TYPE:Inner wall
G1 F1473.913
G1 X90.675 Y109.325 E.63128
G1 X90.675 Y90.675 E.63128
G1 X109.325 Y90.675 E.63128
G1 X109.325 Y109.285 E.62993
M204 S10000
G1 X109.775 Y109.775 F7200
M204 S500
;TYPE:Outer wall
G1 F1473.913
G1 X90.225 Y109.775 E.66174
G1 X90.225 Y90.225 E.66174
G1 X109.775 Y90.225 E.66174
G1 X109.775 Y109.735 E.66039
M73 P4 R41
M204 S10000
G1 E-.8 F1800
G1 X109.382 Y102.113 Z1 F7200
G1 X108.861 Y92.028 Z1
G1 Z.6
G1 E.8 F1800
M204 S500
;TYPE:Internal solid infill
;WIDTH:0.563778
G1 F1151.945
G1 X108.861 Y91.139 E.03851
G1 X107.972 Y91.139 E.03851
G1 X108.833 Y92 E.05273
M204 S10000
G1 E-.8 F1800
G1 X107.071 Y90.838 Z1 F7200
G1 Z.6
G1 E.8 F1800
M204 S500
;WIDTH:0.451379
G1 F1468.936
G1 X108.979 Y92.746 E.09164
G1 X108.979 Y93.323 E.01962
G1 X106.677 Y91.021 E.11058
G1 X106.099 Y91.021 E.01962
G1 X108.979 Y93.901 E.13833
G1 X108.979 Y94.479 E.01962
G1 X105.521 Y91.021 E.16608
G1 X104.944 Y91.021 E.01962
G1 X108.979 Y95.056 E.19382
G1 X108.979 Y95.634 E.01962
G1 X104.366 Y91.021 E.22157
G1 X103.788 Y91.021 E.01962
G1 X108.979 Y96.212 E.24931
G1 X108.979 Y96.789 E.01962
G1 X103.211 Y91.021 E.27706
G1 X102.633 Y91.021 E.01962
G1 X108.979 Y97.367 E.3048
G1 X108.979 Y97.945 E.01962
G1 X102.055 Y91.021 E.33255
G1 X101.478 Y91.021 E.01962
G1 X108.979 Y98.522 E.36029
G1 X108.979 Y99.1 E.01962
G1 X100.9 Y91.021 E.38804
G1 X100.323 Y91.021 E.01962
G1 X108.979 Y99.677 E.41578
G1 X108.979 Y100.255 E.01962
G1 X99.745 Y91.021 E.44353
G1 X99.167 Y91.021 E.01962
G1 X108.979 Y100.833 E.47127
G1 X108.979 Y101.41 E.01962
G1 X98.59 Y91.021 E.49902
G1 X98.012 Y91.021 E.01962
G1 X108.979 Y101.988 E.52677
G1 X108.979 Y102.566 E.01962
G1 X97.434 Y91.021 E.55451
G1 X96.857 Y91.021 E.01962
G1 X108.979 Y103.143 E.58226
G1 X108.979 Y103.721 E.01962
G1 X96.279 Y91.021 E.61
G1 X95.701 Y91.021 E.01962
M73 P5 R41
G1 X108.979 Y104.299 E.63775
G1 X108.979 Y104.876 E.01962
G1 X95.124 Y91.021 E.66549
G1 X94.546 Y91.021 E.01962
G1 X108.979 Y105.454 E.69324
G1 X108.979 Y106.032 E.01962
G1 X93.968 Y91.021 E.72098
G1 X93.391 Y91.021 E.01962
G1 X108.979 Y106.609 E.74873
G1 X108.979 Y107.187 E.01962
G1 X92.813 Y91.021 E.77647
G1 X92.235 Y91.021 E.01962
G1 X108.979 Y107.765 E.80422
G1 X108.979 Y108.342 E.01962
G1 X91.658 Y91.021 E.83196
G1 X91.08 Y91.021 E.01962
G1 X108.979 Y108.92 E.85971
G1 X108.979 Y108.979 E.00201
G1 X108.46 Y108.979 E.01761
G1 X91.021 Y91.54 E.83765
G1 X91.021 Y92.117 E.01962
G1 X107.883 Y108.979 E.8099
G1 X107.305 Y108.979 E.01962
G1 X91.021 Y92.695 E.78216
G1 X91.021 Y93.272 E.01962
G1 X106.728 Y108.979 E.75441
G1 X106.15 Y108.979 E.01962
G1 X91.021 Y93.85 E.72666
G1 X91.021 Y94.428 E.01962
G1 X105.572 Y108.979 E.69892
G1 X104.995 Y108.979 E.01962
G1 X91.021 Y95.005 E.67117
G1 X91.021 Y95.583 E.01962
G1 X104.417 Y108.979 E.64343
G1 X103.839 Y108.979 E.01962
G1 X91.021 Y96.161 E.61568
G1 X91.021 Y96.738 E.01962
G1 X103.262 Y108.979 E.58794
G1 X102.684 Y108.979 E.01962
G1 X91.021 Y97.316 E.56019
G1 X91.021 Y97.894 E.01962
G1 X102.106 Y108.979 E.53245
G1 X101.529 Y108.979 E.01962
G1 X91.021 Y98.471 E.5047
G1 X91.021 Y99.049 E.01962
G1 X100.951 Y108.979 E.47696
G1 X100.373 Y108.979 E.01962
G1 X91.021 Y99.627 E.44921
G1 X91.021 Y100.204 E.01962
G1 X99.796 Y108.979 E.42147
G1 X99.218 Y108.979 E.01962
G1 X91.021 Y100.782 E.39372
G1 X91.021 Y101.36 E.01962
G1 X98.64 Y108.979 E.36597
G1 X98.063 Y108.979 E.01962
G1 X91.021 Y101.937 E.33823
G1 X91.021 Y102.515 E.01962
G1 X97.485 Y108.979 E.31048
G1 X96.908 Y108.979 E.01962
G1 X91.021 Y103.092 E.28274
G1 X91.021 Y103.67 E.01962
G1 X96.33 Y108.979 E.25499
G1 X95.752 Y108.979 E.01962
G1 X91.021 Y104.248 E.22725
G1 X91.021 Y104.825 E.01962
G1 X95.175 Y108.979 E.1995
G1 X94.597 Y108.979 E.01962
G1 X91.021 Y105.403 E.17176
G1 X91.021 Y105.981 E.01962
G1 X94.019 Y108.979 E.14401
G1 X93.442 Y108.979 E.01962
G1 X91.021 Y106.558 E.11627
G1 X91.021 Y107.136 E.01962
G1 X92.864 Y108.979 E.08852
G1 X92.286 Y108.979 E.01962
G1 X91.021 Y107.714 E.06077
G1 X91.021 Y108.291 E.01962
G1 X91.892 Y109.162 E.04183
M204 S10000
G1 X91.123 Y108.857 F7200
M204 S500
;WIDTH:0.477236
G1 F1381.483
G1 X91.069 Y108.857 E.00196
G1 X91.041 Y108.904 E.00196
G1 X91.069 Y108.951 E.00196
G1 X91.123 Y108.951 E.00196
G1 X91.13 Y108.939 E.00052
; stop printing object 20mmbox-LF.stl id:0 copy 0
M106 S189
;LAYER_CHANGE
;Z:0.8
;HEIGHT:0.2
G92 E0
;_SET_FAN_SPEED_CHANGING_LAYER
M204 S10000
G1 E-.8 F1800
G1 X91.13 Y113.611 Z1.2 F7200
G1 Z.8
M73 P6 R41
G1 E.8 F1800
M204 S500
;TYPE:Skirt
;WIDTH:0.45
G1 F1473.913
G1 X90 Y113.611 E.03825
G1 X88.359 Y113.216 E.05713
G1 X87.077 Y112.119 E.05713
G1 X86.389 Y110 E.0754
G1 X86.389 Y90 E.67698
G1 X86.784 Y88.359 E.05713
G1 X87.881 Y87.077 E.05713
G1 X90 Y86.389 E.0754
G1 X110 Y86.389 E.67698
G1 X111.641 Y86.784 E.05713
G1 X112.923 Y87.881 E.05713
G1 X113.611 Y90 E.0754
G1 X113.611 Y110 E.67698
G1 X113.216 Y111.641 E.05713
G1 X112.119 Y112.923 E.05713
G1 X110 Y113.611 E.0754
G1 X91.17 Y113.611 E.63737
M204 S10000
G1 X91.17 Y113.611 F7200
G1 X90 Y113.611
G1 X88.359 Y113.216
G1 X87.077 Y112.119
G1 X91.17 Y113.204
M204 S500
G1 F1473.913
G1 X90 Y113.204 E.0396
G1 X88.461 Y112.81 E.05376
G1 X87.301 Y111.725 E.05376
G1 X86.796 Y110 E.06084
G1 X86.796 Y90 E.67698
G1 X87.19 Y88.461 E.05376
G1 X88.275 Y87.301 E.05376
G1 X90 Y86.796 E.06084
G1 X110 Y86.796 E.67698
G1 X111.539 Y87.19 E.05376
G1 X112.699 Y88.275 E.05376
G1 X113.204 Y90 E.06084
G1 X113.204 Y110 E.67698
G1 X112.81 Y111.539 E.05376
G1 X111.725 Y112.699 E.05376
G1 X110 Y113.204 E.06084
G1 X91.21 Y113.204 E.63602
; printing object 20mmbox-LF.stl id:0 copy 0
M204 S10000
G1 E-.8 F1800
G1 X98.673 Y111.606 Z1.2 F7200
G1 X109.325 Y109.325 Z1.2
G1 Z.8
G1 E.8 F1800
M204 S1500
;TYPE:Inner wall
G1 F1473.913
G1 X90.675 Y109.325 E.63128
G1 X90.675 Y90.675 E.63128
G1 X109.325 Y90.675 E.63128
G1 X109.325 Y109.285 E.62993
M204 S10000
G1 X109.775 Y109.775 F7200
M204 S500
;TYPE:Outer wall
G1 F1473.913
G1 X90.225 Y109.775 E.66174
G1 X90.225 Y90.225 E.66174
G1 X109.775 Y90.225 E.66174
G1 X109.775 Y109.735 E.66039
M204 S10000
G1 E-.8 F1800
G1 X108.979 Y106.664 Z1.2 F7200
G1 Z.8
G1 E.8 F1800
M204 S500
;TYPE:Sparse infill
G1 F1473.913
G1 X108.979 Y108.292 E.05512
G1 X108.292 Y108.979 E.03289
G1 X108.979 Y108.979 E.02326
G1 X91.021 Y91.021 E.85964
G1 X91.021 Y91.708 E.02326
G1 X91.708 Y91.021 E.03289
G1 X93.336 Y91.021 E.05512
M204 S10000
G1 E-.8 F1800
G1 X100.887 Y92.139 Z1.2 F7200
G1 X108.979 Y93.336 Z1.2
G1 Z.8
G1 E.8 F1800
M204 S500
G1 F1473.913
G1 X108.979 Y91.708 E.05512
G1 X108.292 Y91.021 E.03289
G1 X108.979 Y91.021 E.02326
G1 X91.021 Y108.979 E.85964
G1 X91.021 Y108.292 E.02326
G1 X91.708 Y108.979 E.03289
G1 X96.778 Y108.979 E.17161
G1 X108.979 Y96.778 E.58405
G1 X108.979 Y97.465 E.02326
G1 X102.535 Y91.021 E.30847
G1 X103.222 Y91.021 E.02326
G1 X91.021 Y103.222 E.58405
G1 X91.021 Y102.535 E.02326
G1 X97.465 Y108.979 E.30847
G1 X102.535 Y108.979 E.17161
G1 X108.979 Y102.535 E.30847
G1 X108.979 Y103.222 E.02326
G1 X96.778 Y91.021 E.58405
G1 X97.465 Y91.021 E.02326
M73 P6 R40
G1 X91.021 Y97.465 E.30847
G1 X91.021 Y96.778 E.02326
G1 X103.222 Y108.979 E.58405
G1 X104.85 Y108.979 E.05512
; stop printing object 20mmbox-LF.stl id:0 copy 0
;LAYER_CHANGE
;Z:1
;HEIGHT:0.2
G92 E0
;_SET_FAN_SPEED_CHANGING_LAYER
M204 S10000
G1 E-.8 F1800
G1 X104.85 Y113.611 Z1.4 F7200
G1 Z1
G1 E.8 F1800
M204 S500
;TYPE:Skirt
G1 F1473.913
G1 X90 Y113.611 E.50267
G1 X88.359 Y113.216 E.05713
G1 X87.077 Y112.119 E.05713
G1 X86.389 Y110 E.0754
G1 X86.389 Y90 E.67698
G1 X86.784 Y88.359 E.05713
G1 X87.881 Y87.077 E.05713
G1 X90 Y86.389 E.0754
G1 X110 Y86.389 E.67698
M73 P7 R40
G1 X111.641 Y86.784 E.05713
G1 X112.923 Y87.881 E.05713
G1 X113.611 Y90 E.0754
G1 X113.611 Y110 E.67698
G1 X113.216 Y111.641 E.05713
G1 X112.119 Y112.923 E.05713
G1 X110 Y113.611 E.0754
G1 X104.89 Y113.611 E.17296
M204 S10000
G1 X104.89 Y113.611 F7200
G1 X90 Y113.611
G1 X104.89 Y113.204
M204 S500
G1 F1473.913
G1 X90 Y113.204 E.50402
G1 X88.461 Y112.81 E.05376
G1 X87.301 Y111.725 E.05376
G1 X86.796 Y110 E.06084
G1 X86.796 Y90 E.67698
G1 X87.19 Y88.461 E.05376
G1 X88.275 Y87.301 E.05376
G1 X90 Y86.796 E.06084
G1 X110 Y86.796 E.67698
G1 X111.539 Y87.19 E.05376
G1 X112.699 Y88.275 E.05376
G1 X113.204 Y90 E.06084
G1 X113.204 Y110 E.67698
G1 X112.81 Y111.539 E.05376
G1 X111.725 Y112.699 E.05376
G1 X110 Y113.204 E.06084
G1 X104.93 Y113.204 E.1716
; printing object 20mmbox-LF.stl id:0 copy 0
M204 S10000
G1 E-.8 F1800
G1 X109.325 Y109.325 Z1.4 F7200
G1 Z1
G1 E.8 F1800
M204 S1500
;TYPE:Inner wall
G1 F1473.913
G1 X90.675 Y109.325 E.63128
G1 X90.675 Y90.675 E.63128
G1 X109.325 Y90.675 E.63128
G1 X109.325 Y109.285 E.62993
M204 S10000
G1 X109.775 Y109.775 F7200
M204 S500
;TYPE:Outer wall
G1 F1473.913
G1 X90.225 Y109.775 E.66174
G1 X90.225 Y90.225 E.66174
G1 X109.775 Y90.225 E.66174
G1 X109.775 Y109.735 E.66039
M204 S10000
G1 E-.8 F1800
G1 X104.85 Y108.979 Z1.4 F7200
G1 Z1
G1 E.8 F1800
M204 S500
;TYPE:Sparse infill
G1 F1473.913
G1 X103.222 Y108.979 E.05512
G1 X91.021 Y96.778 E.58405
G1 X91.021 Y97.465 E.02326
G1 X97.465 Y91.021 E.30847
G1 X96.778 Y91.021 E.02326
G1 X108.979 Y103.222 E.58405
G1 X108.979 Y102.535 E.02326
G1 X102.535 Y108.979 E.30847
G1 X97.465 Y108.979 E.17161
G1 X91.021 Y102.535 E.30847
G1 X91.021 Y103.222 E.02326
G1 X103.222 Y91.021 E.58405
G1 X102.535 Y91.021 E.02326
G1 X108.979 Y97.465 E.30847
G1 X108.979 Y96.778 E.02326
G1 X96.778 Y108.979 E.58405
G1 X91.708 Y108.979 E.17161
G1 X91.021 Y108.292 E.03289
G1 X91.021 Y108.979 E.02326
G1 X108.979 Y91.021 E.85964
G1 X108.292 Y91.021 E.02326
G1 X108.979 Y91.708 E.03289
G1 X108.979 Y93.336 E.05512
M204 S10000
G1 E-.8 F1800
G1 X101.429 Y92.219 Z1.4 F7200
G1 X93.336 Y91.021 Z1.4
G1 Z1
G1 E.8 F1800
M204 S500
G1 F1473.913
G1 X91.708 Y91.021 E.05512
G1 X91.021 Y91.708 E.03289
G1 X91.021 Y91.021 E.02326
G1 X108.979 Y108.979 E.85964
G1 X108.292 Y108.979 E.02326
G1 X108.979 Y108.292 E.03289
G1 X108.979 Y106.664 E.05512
; stop printing object 20mmbox-LF.stl id:0 copy 0
;LAYER_CHANGE
;Z:1.2
;HEIGHT:0.2
G92 E0
;_SET_FAN_SPEED_CHANGING_LAYER
M204 S10000
G1 E-.8 F1800
G1 X113.611 Y106.664 Z1.6 F7200
G1 Z1.2
G1 E.8 F1800
M204 S500
;TYPE:Skirt
G1 F1473.913
G1 X113.611 Y110 E.11293
G1 X113.216 Y111.641 E.05713
G1 X112.119 Y112.923 E.05713
G1 X110 Y113.611 E.0754
G1 X90 Y113.611 E.67698
G1 X88.359 Y113.216 E.05713
G1 X87.077 Y112.119 E.05713
G1 X86.389 Y110 E.0754
G1 X86.389 Y90 E.67698
G1 X86.784 Y88.359 E.05713
G1 X87.881 Y87.077 E.05713
G1 X90 Y86.389 E.0754
G1 X110 Y86.389 E.67698
G1 X111.641 Y86.784 E.05713
G1 X112.923 Y87.881 E.05713
G1 X113.611 Y90 E.0754
G1 X113.611 Y106.624 E.56269
M204 S10000
G1 X113.611 Y106.624 F7200
M73 P8 R40
G1 X113.611 Y110
G1 X113.216 Y111.641
G1 X113.204 Y106.624
M204 S500
G1 F1473.913
G1 X113.204 Y110 E.11429
G1 X112.81 Y111.539 E.05376
G1 X111.725 Y112.699 E.05376
G1 X110 Y113.204 E.06084
G1 X90 Y113.204 E.67698
G1 X88.461 Y112.81 E.05376
G1 X87.301 Y111.725 E.05376
G1 X86.796 Y110 E.06084
G1 X86.796 Y90 E.67698
G1 X87.19 Y88.461 E.05376
G1 X88.275 Y87.301 E.05376
G1 X90 Y86.796 E.06084
G1 X110 Y86.796 E.67698
G1 X111.539 Y87.19 E.05376
G1 X112.699 Y88.275 E.05376
G1 X113.204 Y90 E.06084
G1 X113.204 Y106.584 E.56134
; printing object 20mmbox-LF.stl id:0 copy 0
M204 S10000
G1 E-.8 F1800
G1 X109.325 Y109.325 Z1.6 F7200
G1 Z1.2
G1 E.8 F1800
M204 S1500
;TYPE:Inner wall
G1 F1473.913
G1 X90.675 Y109.325 E.63128
G1 X90.675 Y90.675 E.63128
G1 X109.325 Y90.675 E.63128
G1 X109.325 Y109.285 E.62993
M204 S10000
G1 X109.775 Y109.775 F7200
M204 S500
;TYPE:Outer wall
G1 F1473.913
G1 X90.225 Y109.775 E.66174
G1 X90.225 Y90.225 E.66174
G1 X109.775 Y90.225 E.66174
G1 X109.775 Y109.735 E.66039
M204 S10000
G1 E-.8 F1800
G1 X108.979 Y106.664 Z1.6 F7200
G1 Z1.2
G1 E.8 F1800
M204 S500
;TYPE:Sparse infill
G1 F1473.913
G1 X108.979 Y108.292 E.05512
G1 X108.292 Y108.979 E.03289
G1 X108.979 Y108.979 E.02326
G1 X91.021 Y91.021 E.85964
G1 X91.021 Y91.708 E.02326
G1 X91.708 Y91.021 E.03289
G1 X93.336 Y91.021 E.05512
M204 S10000
G1 E-.8 F1800
G1 X100.887 Y92.139 Z1.6 F7200
G1 X108.979 Y93.336 Z1.6
G1 Z1.2
G1 E.8 F1800
M204 S500
G1 F1473.913
G1 X108.979 Y91.708 E.05512
G1 X108.292 Y91.021 E.03289
G1 X108.979 Y91.021 E.02326
G1 X91.021 Y108.979 E.85964
G1 X91.021 Y108.292 E.02326
G1 X91.708 Y108.979 E.03289
G1 X96.778 Y108.979 E.17161
G1 X108.979 Y96.778 E.58405
G1 X108.979 Y97.465 E.02326
G1 X102.535 Y91.021 E.30847
G1 X103.222 Y91.021 E.02326
G1 X91.021 Y103.222 E.58405
G1 X91.021 Y102.535 E.02326
G1 X97.465 Y108.979 E.30847
G1 X102.535 Y108.979 E.17161
G1 X108.979 Y102.535 E.30847
G1 X108.979 Y103.222 E.02326
G1 X96.778 Y91.021 E.58405
G1 X97.465 Y91.021 E.02326
G1 X91.021 Y97.465 E.30847
G1 X91.021 Y96.778 E.02326
G1 X103.222 Y108.979 E.58405
G1 X104.85 Y108.979 E.05512
; stop printing object 20mmbox-LF.stl id:0 copy 0
;LAYER_CHANGE
;Z:1.4
;HEIGHT:0.2
G92 E0
;_SET_FAN_SPEED_CHANGING_LAYER
M204 S10000
G1 E-.8 F1800
G1 X104.85 Y113.611 Z1.8 F7200
G1 Z1.4
G1 E.8 F1800
M204 S500
;TYPE:Skirt
G1 F1473.913
G1 X90 Y113.611 E.50267
G1 X88.359 Y113.216 E.05713
G1 X87.077 Y112.119 E.05713
G1 X86.389 Y110 E.0754
G1 X86.389 Y90 E.67698
G1 X86.784 Y88.359 E.05713
G1 X87.881 Y87.077 E.05713
G1 X90 Y86.389 E.0754
G1 X110 Y86.389 E.67698
G1 X111.641 Y86.784 E.05713
G1 X112.923 Y87.881 E.05713
G1 X113.611 Y90 E.0754
G1 X113.611 Y110 E.67698
G1 X113.216 Y111.641 E.05713
G1 X112.119 Y112.923 E.05713
G1 X110 Y113.611 E.0754
G1 X104.89 Y113.611 E.17296
M204 S10000
G1 X104.89 Y113.611 F7200
G1 X90 Y113.611
G1 X104.89 Y113.204
M204 S500
G1 F1473.913
G1 X90 Y113.204 E.50402
G1 X88.461 Y112.81 E.05376
G1 X87.301 Y111.725 E.05376
G1 X86.796 Y110 E.06084
G1 X86.796 Y90 E.67698
G1 X87.19 Y88.461 E.05376
M73 P9 R40
G1 X88.275 Y87.301 E.05376
G1 X90 Y86.796 E.06084
G1 X110 Y86.796 E.67698
G1 X111.539 Y87.19 E.05376
G1 X112.699 Y88.275 E.05376
G1 X113.204 Y90 E.06084
G1 X113.204 Y110 E.67698
G1 X112.81 Y111.539 E.05376
G1 X111.725 Y112.699 E.05376
G1 X110 Y113.204 E.06084
G1 X104.93 Y113.204 E.1716
; printing object 20mmbox-LF.stl id:0 copy 0
M204 S10000
G1 E-.8 F1800
G1 X109.325 Y109.325 Z1.8 F7200
G1 Z1.4
G1 E.8 F1800
M204 S1500
;TYPE:Inner wall
G1 F1473.913
G1 X90.675 Y109.325 E.63128
G1 X90.675 Y90.675 E.63128
M73 P9 R39
G1 X109.325 Y90.675 E.63128
G1 X109.325 Y109.285 E.62993
M204 S10000
G1 X109.775 Y109.775 F7200
M204 S500
;TYPE:Outer wall
G1 F1473.913
G1 X90.225 Y109.775 E.66174
G1 X90.225 Y90.225 E.66174
G1 X109.775 Y90.225 E.66174
G1 X109.775 Y109.735 E.66039
M204 S10000
G1 E-.8 F1800
G1 X104.85 Y108.979 Z1.8 F7200
G1 Z1.4
G1 E.8 F1800
M204 S500
;TYPE:Sparse infill
G1 F1473.913
G1 X103.222 Y108.979 E.05512
G1 X91.021 Y96.778 E.58405
G1 X91.021 Y97.465 E.02326
G1 X97.465 Y91.021 E.30847
G1 X96.778 Y91.021 E.02326
G1 X108.979 Y103.222 E.58405
G1 X108.979 Y102.535 E.02326
G1 X102.535 Y108.979 E.30847
G1 X97.465 Y108.979 E.17161
G1 X91.021 Y102.535 E.30847
G1 X91.021 Y103.222 E.02326
G1 X103.222 Y91.021 E.58405
G1 X102.535 Y91.021 E.02326
G1 X108.979 Y97.465 E.30847
G1 X108.979 Y96.778 E.02326
G1 X96.778 Y108.979 E.58405
G1 X91.708 Y108.979 E.17161
G1 X91.021 Y108.292 E.03289
G1 X91.021 Y108.979 E.02326
G1 X108.979 Y91.021 E.85964
G1 X108.292 Y91.021 E.02326
G1 X108.979 Y91.708 E.03289
G1 X108.979 Y93.336 E.05512
M204 S10000
G1 E-.8 F1800
G1 X101.429 Y92.219 Z1.8 F7200
G1 X93.336 Y91.021 Z1.8
G1 Z1.4
G1 E.8 F1800
M204 S500
G1 F1473.913
G1 X91.708 Y91.021 E.05512
G1 X91.021 Y91.708 E.03289
G1 X91.021 Y91.021 E.02326
G1 X108.979 Y108.979 E.85964
G1 X108.292 Y108.979 E.02326
G1 X108.979 Y108.292 E.03289
G1 X108.979 Y106.664 E.05512
; stop printing object 20mmbox-LF.stl id:0 copy 0
;LAYER_CHANGE
;Z:1.6
;HEIGHT:0.2
G92 E0
;_SET_FAN_SPEED_CHANGING_LAYER
M204 S10000
G1 E-.8 F1800
G1 X113.611 Y106.664 Z2 F7200
G1 Z1.6
G1 E.8 F1800
M204 S500
;TYPE:Skirt
G1 F1473.913
G1 X113.611 Y110 E.11293
G1 X113.216 Y111.641 E.05713
G1 X112.119 Y112.923 E.05713
G1 X110 Y113.611 E.0754
G1 X90 Y113.611 E.67698
G1 X88.359 Y113.216 E.05713
G1 X87.077 Y112.119 E.05713
G1 X86.389 Y110 E.0754
G1 X86.389 Y90 E.67698
G1 X86.784 Y88.359 E.05713
G1 X87.881 Y87.077 E.05713
G1 X90 Y86.389 E.0754
G1 X110 Y86.389 E.67698
G1 X111.641 Y86.784 E.05713
G1 X112.923 Y87.881 E.05713
G1 X113.611 Y90 E.0754
G1 X113.611 Y106.624 E.56269
M204 S10000
G1 X113.611 Y106.624 F7200
G1 X113.611 Y110
G1 X113.216 Y111.641
G1 X113.204 Y106.624
M204 S500
G1 F1473.913
G1 X113.204 Y110 E.11429
G1 X112.81 Y111.539 E.05376
G1 X111.725 Y112.699 E.05376
G1 X110 Y113.204 E.06084
G1 X90 Y113.204 E.67698
G1 X88.461 Y112.81 E.05376
G1 X87.301 Y111.725 E.05376
G1 X86.796 Y110 E.06084
G1 X86.796 Y90 E.67698
G1 X87.19 Y88.461 E.05376
G1 X88.275 Y87.301 E.05376
G1 X90 Y86.796 E.06084
G1 X110 Y86.796 E.67698
G1 X111.539 Y87.19 E.05376
G1 X112.699 Y88.275 E.05376
G1 X113.204 Y90 E.06084
G1 X113.204 Y106.584 E.56134
; printing object 20mmbox-LF.stl id:0 copy 0
M204 S10000
G1 E-.8 F1800
M73 P10 R39
G1 X109.325 Y109.325 Z2 F7200
G1 Z1.6
G1 E.8 F1800
M204 S1500
;TYPE:Inner wall
G1 F1473.913
G1 X90.675 Y109.325 E.63128
G1 X90.675 Y90.675 E.63128
G1 X109.325 Y90.675 E.63128
G1 X109.325 Y109.285 E.62993
M204 S10000
G1 X109.775 Y109.775 F7200
M204 S500
;TYPE:Outer wall
G1 F1473.913
G1 X90.225 Y109.775 E.66174
G1 X90.225 Y90.225 E.66174
G1 X109.775 Y90.225 E.66174
G1 X109.775 Y109.735 E.66039
M204 S10000
G1 E-.8 F1800
G1 X108.979 Y106.664 Z2 F7200
G1 Z1.6
G1 E.8 F1800
M204 S500
;TYPE:Sparse infill
G1 F1473.913
G1 X108.979 Y108.292 E.05512
G1 X108.292 Y108.979 E.03289
G1 X108.979 Y108.979 E.02326
G1 X91.021 Y91.021 E.85964
G1 X91.021 Y91.708 E.02326
G1 X91.708 Y91.021 E.03289
G1 X93.336 Y91.021 E.05512
M204 S10000
G1 E-.8 F1800
G1 X100.887 Y92.139 Z2 F7200
G1 X108.979 Y93.336 Z2
G1 Z1.6
G1 E.8 F1800
M204 S500
G1 F1473.913
G1 X108.979 Y91.708 E.05512
G1 X108.292 Y91.021 E.03289
G1 X108.979 Y91.021 E.02326
G1 X91.021 Y108.979 E.85964
G1 X91.021 Y108.292 E.02326
G1 X91.708 Y108.979 E.03289
G1 X96.778 Y108.979 E.17161
G1 X108.979 Y96.778 E.58405
G1 X108.979 Y97.465 E.02326
G1 X102.535 Y91.021 E.30847
G1 X103.222 Y91.021 E.02326
G1 X91.021 Y103.222 E.58405
G1 X91.021 Y102.535 E.02326
G1 X97.465 Y108.979 E.30847
G1 X102.535 Y108.979 E.17161
G1 X108.979 Y102.535 E.30847
G1 X108.979 Y103.222 E.02326
G1 X96.778 Y91.021 E.58405
G1 X97.465 Y91.021 E.02326
G1 X91.021 Y97.465 E.30847
G1 X91.021 Y96.778 E.02326
G1 X103.222 Y108.979 E.58405
G1 X104.85 Y108.979 E.05512
; stop printing object 20mmbox-LF.stl id:0 copy 0
;LAYER_CHANGE
;Z:1.8
;HEIGHT:0.2
G92 E0
;_SET_FAN_SPEED_CHANGING_LAYER
M204 S10000
G1 E-.8 F1800
G1 X104.85 Y113.611 Z2.2 F7200
G1 Z1.8
G1 E.8 F1800
M204 S500
;TYPE:Skirt
G1 F1473.913
G1 X90 Y113.611 E.50267
G1 X88.359 Y113.216 E.05713
G1 X87.077 Y112.119 E.05713
G1 X86.389 Y110 E.0754
G1 X86.389 Y90 E.67698
G1 X86.784 Y88.359 E.05713
G1 X87.881 Y87.077 E.05713
G1 X90 Y86.389 E.0754
G1 X110 Y86.389 E.67698
G1 X111.641 Y86.784 E.05713
G1 X112.923 Y87.881 E.05713
G1 X113.611 Y90 E.0754
G1 X113.611 Y110 E.67698
G1 X113.216 Y111.641 E.05713
G1 X112.119 Y112.923 E.05713
G1 X110 Y113.611 E.0754
G1 X104.89 Y113.611 E.17296
M204 S10000
G1 X104.89 Y113.611 F7200
G1 X90 Y113.611
G1 X104.89 Y113.204
M204 S500
G1 F1473.913
G1 X90 Y113.204 E.50402
G1 X88.461 Y112.81 E.05376
G1 X87.301 Y111.725 E.05376
G1 X86.796 Y110 E.06084
G1 X86.796 Y90 E.67698
G1 X87.19 Y88.461 E.05376
G1 X88.275 Y87.301 E.05376
G1 X90 Y86.796 E.06084
G1 X110 Y86.796 E.67698
G1 X111.539 Y87.19 E.05376
G1 X112.699 Y88.275 E.05376
G1 X113.204 Y90 E.06084
G1 X113.204 Y110 E.67698
G1 X112.81 Y111.539 E.05376
G1 X111.725 Y112.699 E.05376
G1 X110 Y113.204 E.06084
G1 X104.93 Y113.204 E.1716
; printing object 20mmbox-LF.stl id:0 copy 0
M204 S10000
G1 E-.8 F1800
G1 X109.325 Y109.325 Z2.2 F7200
G1 Z1.8
G1 E.8 F1800
M204 S1500
;TYPE:Inner wall
G1 F1473.913
G1 X90.675 Y109.325 E.63128
G1 X90.675 Y90.675 E.63128
G1 X109.325 Y90.675 E.63128
M73 P11 R39
G1 X109.325 Y109.285 E.62993
M204 S10000
G1 X109.775 Y109.775 F7200
M204 S500
;TYPE:Outer wall
G1 F1473.913
G1 X90.225 Y109.775 E.66174
G1 X90.225 Y90.225 E.66174
G1 X109.775 Y90.225 E.66174
G1 X109.775 Y109.735 E.66039
M204 S10000
G1 E-.8 F1800
G1 X104.85 Y108.979 Z2.2 F7200
G1 Z1.8
G1 E.8 F1800
M204 S500
;TYPE:Sparse infill
G1 F1473.913
G1 X103.222 Y108.979 E.05512
G1 X91.021 Y96.778 E.58405
G1 X91.021 Y97.465 E.02326
G1 X97.465 Y91.021 E.30847
G1 X96.778 Y91.021 E.02326
G1 X108.979 Y103.222 E.58405
G1 X108.979 Y102.535 E.02326
G1 X102.535 Y108.979 E.30847
G1 X97.465 Y108.979 E.17161
G1 X91.021 Y102.535 E.30847
G1 X91.021 Y103.222 E.02326
G1 X103.222 Y91.021 E.58405
G1 X102.535 Y91.021 E.02326
G1 X108.979 Y97.465 E.30847
G1 X108.979 Y96.778 E.02326
G1 X96.778 Y108.979 E.58405
G1 X91.708 Y108.979 E.17161
G1 X91.021 Y108.292 E.03289
M73 P11 R38
G1 X91.021 Y108.979 E.02326
G1 X108.979 Y91.021 E.85964
G1 X108.292 Y91.021 E.02326
G1 X108.979 Y91.708 E.03289
G1 X108.979 Y93.336 E.05512
M204 S10000
G1 E-.8 F1800
G1 X101.429 Y92.219 Z2.2 F7200
G1 X93.336 Y91.021 Z2.2
G1 Z1.8
G1 E.8 F1800
M204 S500
G1 F1473.913
G1 X91.708 Y91.021 E.05512
G1 X91.021 Y91.708 E.03289
G1 X91.021 Y91.021 E.02326
G1 X108.979 Y108.979 E.85964
G1 X108.292 Y108.979 E.02326
G1 X108.979 Y108.292 E.03289
G1 X108.979 Y106.664 E.05512
; stop printing object 20mmbox-LF.stl id:0 copy 0
;LAYER_CHANGE
;Z:2
;HEIGHT:0.2
G92 E0
;_SET_FAN_SPEED_CHANGING_LAYER
M204 S10000
G1 E-.8 F1800
G1 X113.611 Y106.664 Z2.4 F7200
G1 Z2
G1 E.8 F1800
M204 S500
;TYPE:Skirt
G1 F1473.913
G1 X113.611 Y110 E.11293
G1 X113.216 Y111.641 E.05713
G1 X112.119 Y112.923 E.05713
G1 X110 Y113.611 E.0754
G1 X90 Y113.611 E.67698
G1 X88.359 Y113.216 E.05713
G1 X87.077 Y112.119 E.05713
G1 X86.389 Y110 E.0754
G1 X86.389 Y90 E.67698
G1 X86.784 Y88.359 E.05713
G1 X87.881 Y87.077 E.05713
G1 X90 Y86.389 E.0754
G1 X110 Y86.389 E.67698
G1 X111.641 Y86.784 E.05713
G1 X112.923 Y87.881 E.05713
G1 X113.611 Y90 E.0754
G1 X113.611 Y106.624 E.56269
M204 S10000
G1 X113.611 Y106.624 F7200
G1 X113.611 Y110
G1 X113.216 Y111.641
G1 X113.204 Y106.624
M204 S500
G1 F1473.913
G1 X113.204 Y110 E.11429
G1 X112.81 Y111.539 E.05376
G1 X111.725 Y112.699 E.05376
G1 X110 Y113.204 E.06084
G1 X90 Y113.204 E.67698
G1 X88.461 Y112.81 E.05376
G1 X87.301 Y111.725 E.05376
G1 X86.796 Y110 E.06084
G1 X86.796 Y90 E.67698
G1 X87.19 Y88.461 E.05376
G1 X88.275 Y87.301 E.05376
G1 X90 Y86.796 E.06084
G1 X110 Y86.796 E.67698
G1 X111.539 Y87.19 E.05376
G1 X112.699 Y88.275 E.05376
G1 X113.204 Y90 E.06084
G1 X113.204 Y106.584 E.56134
; printing object 20mmbox-LF.stl id:0 copy 0
M204 S10000
G1 E-.8 F1800
G1 X109.325 Y109.325 Z2.4 F7200
G1 Z2
G1 E.8 F1800
M204 S1500
;TYPE:Inner wall
G1 F1473.913
G1 X90.675 Y109.325 E.63128
G1 X90.675 Y90.675 E.63128
G1 X109.325 Y90.675 E.63128
G1 X109.325 Y109.285 E.62993
M204 S10000
G1 X109.775 Y109.775 F7200
M204 S500
;TYPE:Outer wall
G1 F1473.913
G1 X90.225 Y109.775 E.66174
G1 X90.225 Y90.225 E.66174
M73 P12 R38
G1 X109.775 Y90.225 E.66174
G1 X109.775 Y109.735 E.66039
M204 S10000
G1 E-.8 F1800
G1 X108.979 Y106.664 Z2.4 F7200
G1 Z2
G1 E.8 F1800
M204 S500
;TYPE:Sparse infill
G1 F1473.913
G1 X108.979 Y108.292 E.05512
G1 X108.292 Y108.979 E.03289
G1 X108.979 Y108.979 E.02326
G1 X91.021 Y91.021 E.85964
G1 X91.021 Y91.708 E.02326
G1 X91.708 Y91.021 E.03289
G1 X93.336 Y91.021 E.05512
M204 S10000
G1 E-.8 F1800
G1 X100.887 Y92.139 Z2.4 F7200
G1 X108.979 Y93.336 Z2.4
G1 Z2
G1 E.8 F1800
M204 S500
G1 F1473.913
G1 X108.979 Y91.708 E.05512
G1 X108.292 Y91.021 E.03289
G1 X108.979 Y91.021 E.02326
G1 X91.021 Y108.979 E.85964
G1 X91.021 Y108.292 E.02326
G1 X91.708 Y108.979 E.03289
G1 X96.778 Y108.979 E.17161
G1 X108.979 Y96.778 E.58405
G1 X108.979 Y97.465 E.02326
G1 X102.535 Y91.021 E.30847
G1 X103.222 Y91.021 E.02326
G1 X91.021 Y103.222 E.58405
G1 X91.021 Y102.535 E.02326
G1 X97.465 Y108.979 E.30847
G1 X102.535 Y108.979 E.17161
G1 X108.979 Y102.535 E.30847
G1 X108.979 Y103.222 E.02326
G1 X96.778 Y91.021 E.58405
G1 X97.465 Y91.021 E.02326
G1 X91.021 Y97.465 E.30847
G1 X91.021 Y96.778 E.02326
G1 X103.222 Y108.979 E.58405
G1 X104.85 Y108.979 E.05512
; stop printing object 20mmbox-LF.stl id:0 copy 0
;LAYER_CHANGE
;Z:2.2
;HEIGHT:0.2
G92 E0
;_SET_FAN_SPEED_CHANGING_LAYER
M204 S10000
G1 E-.8 F1800
G1 X104.85 Y113.611 Z2.6 F7200
G1 Z2.2
G1 E.8 F1800
M204 S500
;TYPE:Skirt
G1 F1473.913
G1 X90 Y113.611 E.50267
G1 X88.359 Y113.216 E.05713
G1 X87.077 Y112.119 E.05713
G1 X86.389 Y110 E.0754
G1 X86.389 Y90 E.67698
G1 X86.784 Y88.359 E.05713
G1 X87.881 Y87.077 E.05713
G1 X90 Y86.389 E.0754
G1 X110 Y86.389 E.67698
G1 X111.641 Y86.784 E.05713
G1 X112.923 Y87.881 E.05713
G1 X113.611 Y90 E.0754
G1 X113.611 Y110 E.67698
G1 X113.216 Y111.641 E.05713
G1 X112.119 Y112.923 E.05713
G1 X110 Y113.611 E.0754
G1 X104.89 Y113.611 E.17296
M204 S10000
G1 X104.89 Y113.611 F7200
G1 X90 Y113.611
G1 X104.89 Y113.204
M204 S500
G1 F1473.913
G1 X90 Y113.204 E.50402
G1 X88.461 Y112.81 E.05376
G1 X87.301 Y111.725 E.05376
G1 X86.796 Y110 E.06084
G1 X86.796 Y90 E.67698
G1 X87.19 Y88.461 E.05376
G1 X88.275 Y87.301 E.05376
G1 X90 Y86.796 E.06084
G1 X110 Y86.796 E.67698
G1 X111.539 Y87.19 E.05376
G1 X112.699 Y88.275 E.05376
G1 X113.204 Y90 E.06084
G1 X113.204 Y110 E.67698
G1 X112.81 Y111.539 E.05376
G1 X111.725 Y112.699 E.05376
G1 X110 Y113.204 E.06084
G1 X104.93 Y113.204 E.1716
; printing object 20mmbox-LF.stl id:0 copy 0
M204 S10000
G1 E-.8 F1800
G1 X109.325 Y109.325 Z2.6 F7200
G1 Z2.2
G1 E.8 F1800
M204 S1500
;TYPE:Inner wall
G1 F1473.913
G1 X90.675 Y109.325 E.63128
G1 X90.675 Y90.675 E.63128
G1 X109.325 Y90.675 E.63128
G1 X109.325 Y109.285 E.62993
M204 S10000
G1 X109.775 Y109.775 F7200
M204 S500
;TYPE:Outer wall
G1 F1473.913
G1 X90.225 Y109.775 E.66174
G1 X90.225 Y90.225 E.66174
G1 X109.775 Y90.225 E.66174
G1 X109.775 Y109.735 E.66039
M204 S10000
G1 E-.8 F1800
M73 P13 R38
G1 X104.85 Y108.979 Z2.6 F7200
G1 Z2.2
G1 E.8 F1800
M204 S500
;TYPE:Sparse infill
G1 F1473.913
G1 X103.222 Y108.979 E.05512
G1 X91.021 Y96.778 E.58405
G1 X91.021 Y97.465 E.02326
G1 X97.465 Y91.021 E.30847
G1 X96.778 Y91.021 E.02326
G1 X108.979 Y103.222 E.58405
G1 X108.979 Y102.535 E.02326
G1 X102.535 Y108.979 E.30847
G1 X97.465 Y108.979 E.17161
G1 X91.021 Y102.535 E.30847
G1 X91.021 Y103.222 E.02326
G1 X103.222 Y91.021 E.58405
G1 X102.535 Y91.021 E.02326
G1 X108.979 Y97.465 E.30847
G1 X108.979 Y96.778 E.02326
G1 X96.778 Y108.979 E.58405
G1 X91.708 Y108.979 E.17161
G1 X91.021 Y108.292 E.03289
G1 X91.021 Y108.979 E.02326
G1 X108.979 Y91.021 E.85964
G1 X108.292 Y91.021 E.02326
G1 X108.979 Y91.708 E.03289
G1 X108.979 Y93.336 E.05512
M204 S10000
G1 E-.8 F1800
G1 X101.429 Y92.219 Z2.6 F7200
G1 X93.336 Y91.021 Z2.6
G1 Z2.2
G1 E.8 F1800
M204 S500
G1 F1473.913
G1 X91.708 Y91.021 E.05512
G1 X91.021 Y91.708 E.03289
G1 X91.021 Y91.021 E.02326
G1 X108.979 Y108.979 E.85964
G1 X108.292 Y108.979 E.02326
G1 X108.979 Y108.292 E.03289
G1 X108.979 Y106.664 E.05512
; stop printing object 20mmbox-LF.stl id:0 copy 0
;LAYER_CHANGE
;Z:2.4
;HEIGHT:0.2
G92 E0
;_SET_FAN_SPEED_CHANGING_LAYER
M204 S10000
G1 E-.8 F1800
G1 X113.611 Y106.664 Z2.8 F7200
G1 Z2.4
G1 E.8 F1800
M204 S500
;TYPE:Skirt
G1 F1473.913
G1 X113.611 Y110 E.11293
G1 X113.216 Y111.641 E.05713
G1 X112.119 Y112.923 E.05713
G1 X110 Y113.611 E.0754
G1 X90 Y113.611 E.67698
G1 X88.359 Y113.216 E.05713
G1 X87.077 Y112.119 E.05713
G1 X86.389 Y110 E.0754
G1 X86.389 Y90 E.67698
G1 X86.784 Y88.359 E.05713
G1 X87.881 Y87.077 E.05713
G1 X90 Y86.389 E.0754
G1 X110 Y86.389 E.67698
G1 X111.641 Y86.784 E.05713
G1 X112.923 Y87.881 E.05713
G1 X113.611 Y90 E.0754
G1 X113.611 Y106.624 E.56269
M204 S10000
G1 X113.611 Y106.624 F7200
G1 X113.611 Y110
G1 X113.216 Y111.641
G1 X113.204 Y106.624
M204 S500
G1 F1473.913
G1 X113.204 Y110 E.11429
G1 X112.81 Y111.539 E.05376
G1 X111.725 Y112.699 E.05376
G1 X110 Y113.204 E.06084
G1 X90 Y113.204 E.67698
G1 X88.461 Y112.81 E.05376
G1 X87.301 Y111.725 E.05376
G1 X86.796 Y110 E.06084
G1 X86.796 Y90 E.67698
G1 X87.19 Y88.461 E.05376
G1 X88.275 Y87.301 E.05376
G1 X90 Y86.796 E.06084
G1 X110 Y86.796 E.67698
G1 X111.539 Y87.19 E.05376
G1 X112.699 Y88.275 E.05376
G1 X113.204 Y90 E.06084
M73 P13 R37
G1 X113.204 Y106.584 E.56134
; printing object 20mmbox-LF.stl id:0 copy 0
M204 S10000
G1 E-.8 F1800
G1 X109.325 Y109.325 Z2.8 F7200
G1 Z2.4
G1 E.8 F1800
M204 S1500
;TYPE:Inner wall
G1 F1473.913
G1 X90.675 Y109.325 E.63128
G1 X90.675 Y90.675 E.63128
G1 X109.325 Y90.675 E.63128
G1 X109.325 Y109.285 E.62993
M204 S10000
G1 X109.775 Y109.775 F7200
M204 S500
;TYPE:Outer wall
G1 F1473.913
G1 X90.225 Y109.775 E.66174
G1 X90.225 Y90.225 E.66174
G1 X109.775 Y90.225 E.66174
G1 X109.775 Y109.735 E.66039
M204 S10000
G1 E-.8 F1800
G1 X108.979 Y106.664 Z2.8 F7200
G1 Z2.4
G1 E.8 F1800
M204 S500
;TYPE:Sparse infill
G1 F1473.913
G1 X108.979 Y108.292 E.05512
G1 X108.292 Y108.979 E.03289
G1 X108.979 Y108.979 E.02326
G1 X91.021 Y91.021 E.85964
G1 X91.021 Y91.708 E.02326
M73 P14 R37
G1 X91.708 Y91.021 E.03289
G1 X93.336 Y91.021 E.05512
M204 S10000
G1 E-.8 F1800
G1 X100.887 Y92.139 Z2.8 F7200
G1 X108.979 Y93.336 Z2.8
G1 Z2.4
G1 E.8 F1800
M204 S500
G1 F1473.913
G1 X108.979 Y91.708 E.05512
G1 X108.292 Y91.021 E.03289
G1 X108.979 Y91.021 E.02326
G1 X91.021 Y108.979 E.85964
G1 X91.021 Y108.292 E.02326
G1 X91.708 Y108.979 E.03289
G1 X96.778 Y108.979 E.17161
G1 X108.979 Y96.778 E.58405
G1 X108.979 Y97.465 E.02326
G1 X102.535 Y91.021 E.30847
G1 X103.222 Y91.021 E.02326
G1 X91.021 Y103.222 E.58405
G1 X91.021 Y102.535 E.02326
G1 X97.465 Y108.979 E.30847
G1 X102.535 Y108.979 E.17161
G1 X108.979 Y102.535 E.30847
G1 X108.979 Y103.222 E.02326
G1 X96.778 Y91.021 E.58405
G1 X97.465 Y91.021 E.02326
G1 X91.021 Y97.465 E.30847
G1 X91.021 Y96.778 E.02326
G1 X103.222 Y108.979 E.58405
G1 X104.85 Y108.979 E.05512
; stop printing object 20mmbox-LF.stl id:0 copy 0
;LAYER_CHANGE
;Z:2.6
;HEIGHT:0.2
G92 E0
;_SET_FAN_SPEED_CHANGING_LAYER
M204 S10000
G1 E-.8 F1800
G1 X104.85 Y113.611 Z3 F7200
G1 Z2.6
G1 E.8 F1800
M204 S500
;TYPE:Skirt
G1 F1473.913
G1 X90 Y113.611 E.50267
G1 X88.359 Y113.216 E.05713
G1 X87.077 Y112.119 E.05713
G1 X86.389 Y110 E.0754
G1 X86.389 Y90 E.67698
G1 X86.784 Y88.359 E.05713
G1 X87.881 Y87.077 E.05713
G1 X90 Y86.389 E.0754
G1 X110 Y86.389 E.67698
G1 X111.641 Y86.784 E.05713
G1 X112.923 Y87.881 E.05713
G1 X113.611 Y90 E.0754
G1 X113.611 Y110 E.67698
G1 X113.216 Y111.641 E.05713
G1 X112.119 Y112.923 E.05713
G1 X110 Y113.611 E.0754
G1 X104.89 Y113.611 E.17296
M204 S10000
G1 X104.89 Y113.611 F7200
G1 X90 Y113.611
G1 X104.89 Y113.204
M204 S500
G1 F1473.913
G1 X90 Y113.204 E.50402
G1 X88.461 Y112.81 E.05376
G1 X87.301 Y111.725 E.05376
G1 X86.796 Y110 E.06084
G1 X86.796 Y90 E.67698
G1 X87.19 Y88.461 E.05376
G1 X88.275 Y87.301 E.05376
G1 X90 Y86.796 E.06084
G1 X110 Y86.796 E.67698
G1 X111.539 Y87.19 E.05376
G1 X112.699 Y88.275 E.05376
G1 X113.204 Y90 E.06084
G1 X113.204 Y110 E.67698
G1 X112.81 Y111.539 E.05376
G1 X111.725 Y112.699 E.05376
G1 X110 Y113.204 E.06084
G1 X104.93 Y113.204 E.1716
; printing object 20mmbox-LF.stl id:0 copy 0
M204 S10000
G1 E-.8 F1800
G1 X109.325 Y109.325 Z3 F7200
G1 Z2.6
G1 E.8 F1800
M204 S1500
;TYPE:Inner wall
G1 F1473.913
G1 X90.675 Y109.325 E.63128
G1 X90.675 Y90.675 E.63128
G1 X109.325 Y90.675 E.63128
G1 X109.325 Y109.285 E.62993
M204 S10000
G1 X109.775 Y109.775 F7200
M204 S500
;TYPE:Outer wall
G1 F1473.913
G1 X90.225 Y109.775 E.66174
G1 X90.225 Y90.225 E.66174
G1 X109.775 Y90.225 E.66174
G1 X109.775 Y109.735 E.66039
M204 S10000
G1 E-.8 F1800
G1 X104.85 Y108.979 Z3 F7200
G1 Z2.6
G1 E.8 F1800
M204 S500
;TYPE:Sparse infill
G1 F1473.913
G1 X103.222 Y108.979 E.05512
G1 X91.021 Y96.778 E.58405
G1 X91.021 Y97.465 E.02326
G1 X97.465 Y91.021 E.30847
G1 X96.778 Y91.021 E.02326
G1 X108.979 Y103.222 E.58405
G1 X108.979 Y102.535 E.02326
G1 X102.535 Y108.979 E.30847
G1 X97.465 Y108.979 E.17161
G1 X91.021 Y102.535 E.30847
G1 X91.021 Y103.222 E.02326
G1 X103.222 Y91.021 E.58405
G1 X102.535 Y91.021 E.02326
M73 P15 R37
G1 X108.979 Y97.465 E.30847
G1 X108.979 Y96.778 E.02326
G1 X96.778 Y108.979 E.58405
G1 X91.708 Y108.979 E.17161
G1 X91.021 Y108.292 E.03289
G1 X91.021 Y108.979 E.02326
G1 X108.979 Y91.021 E.85964
G1 X108.292 Y91.021 E.02326
G1 X108.979 Y91.708 E.03289
G1 X108.979 Y93.336 E.05512
M204 S10000
G1 E-.8 F1800
G1 X101.429 Y92.219 Z3 F7200
G1 X93.336 Y91.021 Z3
G1 Z2.6
G1 E.8 F1800
M204 S500
G1 F1473.913
G1 X91.708 Y91.021 E.05512
G1 X91.021 Y91.708 E.03289
G1 X91.021 Y91.021 E.02326
G1 X108.979 Y108.979 E.85964
G1 X108.292 Y108.979 E.02326
G1 X108.979 Y108.292 E.03289
G1 X108.979 Y106.664 E.05512
; stop printing object 20mmbox-LF.stl id:0 copy 0
;LAYER_CHANGE
;Z:2.8
;HEIGHT:0.2
G92 E0
;_SET_FAN_SPEED_CHANGING_LAYER
M204 S10000
G1 E-.8 F1800
G1 X113.611 Y106.664 Z3.2 F7200
G1 Z2.8
G1 E.8 F1800
M204 S500
;TYPE:Skirt
G1 F1473.913
G1 X113.611 Y110 E.11293
G1 X113.216 Y111.641 E.05713
G1 X112.119 Y112.923 E.05713
G1 X110 Y113.611 E.0754
G1 X90 Y113.611 E.67698
G1 X88.359 Y113.216 E.05713
G1 X87.077 Y112.119 E.05713
G1 X86.389 Y110 E.0754
G1 X86.389 Y90 E.67698
G1 X86.784 Y88.359 E.05713
G1 X87.881 Y87.077 E.05713
G1 X90 Y86.389 E.0754
G1 X110 Y86.389 E.67698
G1 X111.641 Y86.784 E.05713
G1 X112.923 Y87.881 E.05713
G1 X113.611 Y90 E.0754
G1 X113.611 Y106.624 E.56269
M204 S10000
G1 X113.611 Y106.624 F7200
G1 X113.611 Y110
G1 X113.216 Y111.641
G1 X113.204 Y106.624
M204 S500
G1 F1473.913
G1 X113.204 Y110 E.11429
G1 X112.81 Y111.539 E.05376
G1 X111.725 Y112.699 E.05376
G1 X110 Y113.204 E.06084
G1 X90 Y113.204 E.67698
G1 X88.461 Y112.81 E.05376
G1 X87.301 Y111.725 E.05376
G1 X86.796 Y110 E.06084
G1 X86.796 Y90 E.67698
G1 X87.19 Y88.461 E.05376
G1 X88.275 Y87.301 E.05376
G1 X90 Y86.796 E.06084
G1 X110 Y86.796 E.67698
G1 X111.539 Y87.19 E.05376
G1 X112.699 Y88.275 E.05376
G1 X113.204 Y90 E.06084
G1 X113.204 Y106.584 E.56134
; printing object 20mmbox-LF.stl id:0 copy 0
M204 S10000
G1 E-.8 F1800
G1 X109.325 Y109.325 Z3.2 F7200
G1 Z2.8
G1 E.8 F1800
M204 S1500
;TYPE:Inner wall
G1 F1473.913
G1 X90.675 Y109.325 E.63128
G1 X90.675 Y90.675 E.63128
G1 X109.325 Y90.675 E.63128
G1 X109.325 Y109.285 E.62993
M204 S10000
G1 X109.775 Y109.775 F7200
M204 S500
;TYPE:Outer wall
G1 F1473.913
G1 X90.225 Y109.775 E.66174
G1 X90.225 Y90.225 E.66174
G1 X109.775 Y90.225 E.66174
G1 X109.775 Y109.735 E.66039
M204 S10000
G1 E-.8 F1800
G1 X108.979 Y106.664 Z3.2 F7200
G1 Z2.8
G1 E.8 F1800
M204 S500
;TYPE:Sparse infill
G1 F1473.913
G1 X108.979 Y108.292 E.05512
G1 X108.292 Y108.979 E.03289
G1 X108.979 Y108.979 E.02326
G1 X91.021 Y91.021 E.85964
G1 X91.021 Y91.708 E.02326
G1 X91.708 Y91.021 E.03289
G1 X93.336 Y91.021 E.05512
M204 S10000
G1 E-.8 F1800
G1 X100.887 Y92.139 Z3.2 F7200
G1 X108.979 Y93.336 Z3.2
G1 Z2.8
G1 E.8 F1800
M204 S500
G1 F1473.913
G1 X108.979 Y91.708 E.05512
G1 X108.292 Y91.021 E.03289
G1 X108.979 Y91.021 E.02326
G1 X91.021 Y108.979 E.85964
G1 X91.021 Y108.292 E.02326
G1 X91.708 Y108.979 E.03289
G1 X96.778 Y108.979 E.17161
G1 X108.979 Y96.778 E.58405
G1 X108.979 Y97.465 E.02326
M73 P15 R36
G1 X102.535 Y91.021 E.30847
G1 X103.222 Y91.021 E.02326
G1 X91.021 Y103.222 E.58405
G1 X91.021 Y102.535 E.02326
G1 X97.465 Y108.979 E.30847
G1 X102.535 Y108.979 E.17161
M73 P16 R36
G1 X108.979 Y102.535 E.30847
G1 X108.979 Y103.222 E.02326
G1 X96.778 Y91.021 E.58405
G1 X97.465 Y91.021 E.02326
G1 X91.021 Y97.465 E.30847
G1 X91.021 Y96.778 E.02326
G1 X103.222 Y108.979 E.58405
G1 X104.85 Y108.979 E.05512
; stop printing object 20mmbox-LF.stl id:0 copy 0
;LAYER_CHANGE
;Z:3
;HEIGHT:0.2
G92 E0
;_SET_FAN_SPEED_CHANGING_LAYER
M204 S10000
G1 E-.8 F1800
G1 X104.85 Y113.611 Z3.4 F7200
G1 Z3
G1 E.8 F1800
M204 S500
;TYPE:Skirt
G1 F1473.913
G1 X90 Y113.611 E.50267
G1 X88.359 Y113.216 E.05713
G1 X87.077 Y112.119 E.05713
G1 X86.389 Y110 E.0754
G1 X86.389 Y90 E.67698
G1 X86.784 Y88.359 E.05713
G1 X87.881 Y87.077 E.05713
G1 X90 Y86.389 E.0754
G1 X110 Y86.389 E.67698
G1 X111.641 Y86.784 E.05713
G1 X112.923 Y87.881 E.05713
G1 X113.611 Y90 E.0754
G1 X113.611 Y110 E.67698
G1 X113.216 Y111.641 E.05713
G1 X112.119 Y112.923 E.05713
G1 X110 Y113.611 E.0754
G1 X104.89 Y113.611 E.17296
M204 S10000
G1 X104.89 Y113.611 F7200
G1 X90 Y113.611
G1 X104.89 Y113.204
M204 S500
G1 F1473.913
G1 X90 Y113.204 E.50402
G1 X88.461 Y112.81 E.05376
G1 X87.301 Y111.725 E.05376
G1 X86.796 Y110 E.06084
G1 X86.796 Y90 E.67698
G1 X87.19 Y88.461 E.05376
G1 X88.275 Y87.301 E.05376
G1 X90 Y86.796 E.06084
G1 X110 Y86.796 E.67698
G1 X111.539 Y87.19 E.05376
G1 X112.699 Y88.275 E.05376
G1 X113.204 Y90 E.06084
G1 X113.204 Y110 E.67698
G1 X112.81 Y111.539 E.05376
G1 X111.725 Y112.699 E.05376
G1 X110 Y113.204 E.06084
G1 X104.93 Y113.204 E.1716
; printing object 20mmbox-LF.stl id:0 copy 0
M204 S10000
G1 E-.8 F1800
G1 X109.325 Y109.325 Z3.4 F7200
G1 Z3
G1 E.8 F1800
M204 S1500
;TYPE:Inner wall
G1 F1473.913
G1 X90.675 Y109.325 E.63128
G1 X90.675 Y90.675 E.63128
G1 X109.325 Y90.675 E.63128
G1 X109.325 Y109.285 E.62993
M204 S10000
G1 X109.775 Y109.775 F7200
M204 S500
;TYPE:Outer wall
G1 F1473.913
G1 X90.225 Y109.775 E.66174
G1 X90.225 Y90.225 E.66174
G1 X109.775 Y90.225 E.66174
G1 X109.775 Y109.735 E.66039
M204 S10000
G1 E-.8 F1800
G1 X104.85 Y108.979 Z3.4 F7200
G1 Z3
G1 E.8 F1800
M204 S500
;TYPE:Sparse infill
G1 F1473.913
G1 X103.222 Y108.979 E.05512
G1 X91.021 Y96.778 E.58405
G1 X91.021 Y97.465 E.02326
G1 X97.465 Y91.021 E.30847
G1 X96.778 Y91.021 E.02326
G1 X108.979 Y103.222 E.58405
G1 X108.979 Y102.535 E.02326
G1 X102.535 Y108.979 E.30847
G1 X97.465 Y108.979 E.17161
G1 X91.021 Y102.535 E.30847
G1 X91.021 Y103.222 E.02326
G1 X103.222 Y91.021 E.58405
G1 X102.535 Y91.021 E.02326
G1 X108.979 Y97.465 E.30847
G1 X108.979 Y96.778 E.02326
G1 X96.778 Y108.979 E.58405
G1 X91.708 Y108.979 E.17161
G1 X91.021 Y108.292 E.03289
G1 X91.021 Y108.979 E.02326
G1 X108.979 Y91.021 E.85964
G1 X108.292 Y91.021 E.02326
G1 X108.979 Y91.708 E.03289
G1 X108.979 Y93.336 E.05512
M204 S10000
G1 E-.8 F1800
G1 X101.429 Y92.219 Z3.4 F7200
G1 X93.336 Y91.021 Z3.4
G1 Z3
G1 E.8 F1800
M204 S500
G1 F1473.913
G1 X91.708 Y91.021 E.05512
G1 X91.021 Y91.708 E.03289
G1 X91.021 Y91.021 E.02326
G1 X108.979 Y108.979 E.85964
G1 X108.292 Y108.979 E.02326
M73 P17 R36
G1 X108.979 Y108.292 E.03289
G1 X108.979 Y106.664 E.05512
; stop printing object 20mmbox-LF.stl id:0 copy 0
;LAYER_CHANGE
;Z:3.2
;HEIGHT:0.2
G92 E0
;_SET_FAN_SPEED_CHANGING_LAYER
M204 S10000
G1 E-.8 F1800
G1 X113.611 Y106.664 Z3.6 F7200
G1 Z3.2
G1 E.8 F1800
M204 S500
;TYPE:Skirt
G1 F1473.913
G1 X113.611 Y110 E.11293
G1 X113.216 Y111.641 E.05713
G1 X112.119 Y112.923 E.05713
G1 X110 Y113.611 E.0754
G1 X90 Y113.611 E.67698
G1 X88.359 Y113.216 E.05713
G1 X87.077 Y112.119 E.05713
G1 X86.389 Y110 E.0754
G1 X86.389 Y90 E.67698
G1 X86.784 Y88.359 E.05713
G1 X87.881 Y87.077 E.05713
G1 X90 Y86.389 E.0754
G1 X110 Y86.389 E.67698
G1 X111.641 Y86.784 E.05713
G1 X112.923 Y87.881 E.05713
G1 X113.611 Y90 E.0754
G1 X113.611 Y106.624 E.56269
M204 S10000
G1 X113.611 Y106.624 F7200
G1 X113.611 Y110
G1 X113.216 Y111.641
G1 X113.204 Y106.624
M204 S500
G1 F1473.913
G1 X113.204 Y110 E.11429
G1 X112.81 Y111.539 E.05376
G1 X111.725 Y112.699 E.05376
G1 X110 Y113.204 E.06084
G1 X90 Y113.204 E.67698
G1 X88.461 Y112.81 E.05376
G1 X87.301 Y111.725 E.05376
G1 X86.796 Y110 E.06084
G1 X86.796 Y90 E.67698
G1 X87.19 Y88.461 E.05376
G1 X88.275 Y87.301 E.05376
G1 X90 Y86.796 E.06084
G1 X110 Y86.796 E.67698
G1 X111.539 Y87.19 E.05376
G1 X112.699 Y88.275 E.05376
G1 X113.204 Y90 E.06084
G1 X113.204 Y106.584 E.56134
; printing object 20mmbox-LF.stl id:0 copy 0
M204 S10000
G1 E-.8 F1800
G1 X109.325 Y109.325 Z3.6 F7200
G1 Z3.2
G1 E.8 F1800
M204 S1500
;TYPE:Inner wall
G1 F1473.913
G1 X90.675 Y109.325 E.63128
G1 X90.675 Y90.675 E.63128
G1 X109.325 Y90.675 E.63128
G1 X109.325 Y109.285 E.62993
M204 S10000
G1 X109.775 Y109.775 F7200
M204 S500
;TYPE:Outer wall
G1 F1473.913
G1 X90.225 Y109.775 E.66174
G1 X90.225 Y90.225 E.66174
G1 X109.775 Y90.225 E.66174
G1 X109.775 Y109.735 E.66039
M204 S10000
G1 E-.8 F1800
G1 X108.979 Y106.664 Z3.6 F7200
G1 Z3.2
G1 E.8 F1800
M204 S500
;TYPE:Sparse infill
G1 F1473.913
G1 X108.979 Y108.292 E.05512
G1 X108.292 Y108.979 E.03289
G1 X108.979 Y108.979 E.02326
G1 X91.021 Y91.021 E.85964
G1 X91.021 Y91.708 E.02326
G1 X91.708 Y91.021 E.03289
G1 X93.336 Y91.021 E.05512
M204 S10000
G1 E-.8 F1800
G1 X100.887 Y92.139 Z3.6 F7200
G1 X108.979 Y93.336 Z3.6
G1 Z3.2
G1 E.8 F1800
M204 S500
G1 F1473.913
G1 X108.979 Y91.708 E.05512
G1 X108.292 Y91.021 E.03289
G1 X108.979 Y91.021 E.02326
G1 X91.021 Y108.979 E.85964
G1 X91.021 Y108.292 E.02326
G1 X91.708 Y108.979 E.03289
G1 X96.778 Y108.979 E.17161
G1 X108.979 Y96.778 E.58405
G1 X108.979 Y97.465 E.02326
G1 X102.535 Y91.021 E.30847
G1 X103.222 Y91.021 E.02326
G1 X91.021 Y103.222 E.58405
G1 X91.021 Y102.535 E.02326
G1 X97.465 Y108.979 E.30847
G1 X102.535 Y108.979 E.17161
G1 X108.979 Y102.535 E.30847
G1 X108.979 Y103.222 E.02326
G1 X96.778 Y91.021 E.58405
G1 X97.465 Y91.021 E.02326
G1 X91.021 Y97.465 E.30847
G1 X91.021 Y96.778 E.02326
G1 X103.222 Y108.979 E.58405
G1 X104.85 Y108.979 E.05512
; stop printing object 20mmbox-LF.stl id:0 copy 0
;LAYER_CHANGE
;Z:3.4
;HEIGHT:0.2
G92 E0
;_SET_FAN_SPEED_CHANGING_LAYER
M204 S10000
G1 E-.8 F1800
G1 X104.85 Y113.611 Z3.8 F7200
G1 Z3.4
G1 E.8 F1800
M204 S500
;TYPE:Skirt
G1 F1473.913
G1 X90 Y113.611 E.50267
G1 X88.359 Y113.216 E.05713
G1 X87.077 Y112.119 E.05713
G1 X86.389 Y110 E.0754
G1 X86.389 Y90 E.67698
G1 X86.784 Y88.359 E.05713
M73 P18 R36
G1 X87.881 Y87.077 E.05713
G1 X90 Y86.389 E.0754
G1 X110 Y86.389 E.67698
G1 X111.641 Y86.784 E.05713
G1 X112.923 Y87.881 E.05713
G1 X113.611 Y90 E.0754
G1 X113.611 Y110 E.67698
G1 X113.216 Y111.641 E.05713
G1 X112.119 Y112.923 E.05713
G1 X110 Y113.611 E.0754
G1 X104.89 Y113.611 E.17296
M204 S10000
G1 X104.89 Y113.611 F7200
G1 X90 Y113.611
G1 X104.89 Y113.204
M204 S500
G1 F1473.913
G1 X90 Y113.204 E.50402
G1 X88.461 Y112.81 E.05376
G1 X87.301 Y111.725 E.05376
G1 X86.796 Y110 E.06084
G1 X86.796 Y90 E.67698
G1 X87.19 Y88.461 E.05376
G1 X88.275 Y87.301 E.05376
G1 X90 Y86.796 E.06084
G1 X110 Y86.796 E.67698
G1 X111.539 Y87.19 E.05376
M73 P18 R35
G1 X112.699 Y88.275 E.05376
G1 X113.204 Y90 E.06084
G1 X113.204 Y110 E.67698
G1 X112.81 Y111.539 E.05376
G1 X111.725 Y112.699 E.05376
G1 X110 Y113.204 E.06084
G1 X104.93 Y113.204 E.1716
; printing object 20mmbox-LF.stl id:0 copy 0
M204 S10000
G1 E-.8 F1800
G1 X109.325 Y109.325 Z3.8 F7200
G1 Z3.4
G1 E.8 F1800
M204 S1500
;TYPE:Inner wall
G1 F1473.913
G1 X90.675 Y109.325 E.63128
G1 X90.675 Y90.675 E.63128
G1 X109.325 Y90.675 E.63128
G1 X109.325 Y109.285 E.62993
M204 S10000
G1 X109.775 Y109.775 F7200
M204 S500
;TYPE:Outer wall
G1 F1473.913
G1 X90.225 Y109.775 E.66174
G1 X90.225 Y90.225 E.66174
G1 X109.775 Y90.225 E.66174
G1 X109.775 Y109.735 E.66039
M204 S10000
G1 E-.8 F1800
G1 X104.85 Y108.979 Z3.8 F7200
G1 Z3.4
G1 E.8 F1800
M204 S500
;TYPE:Sparse infill
G1 F1473.913
G1 X103.222 Y108.979 E.05512
G1 X91.021 Y96.778 E.58405
G1 X91.021 Y97.465 E.02326
G1 X97.465 Y91.021 E.30847
G1 X96.778 Y91.021 E.02326
G1 X108.979 Y103.222 E.58405
G1 X108.979 Y102.535 E.02326
G1 X102.535 Y108.979 E.30847
G1 X97.465 Y108.979 E.17161
G1 X91.021 Y102.535 E.30847
G1 X91.021 Y103.222 E.02326
G1 X103.222 Y91.021 E.58405
G1 X102.535 Y91.021 E.02326
G1 X108.979 Y97.465 E.30847
G1 X108.979 Y96.778 E.02326
G1 X96.778 Y108.979 E.58405
G1 X91.708 Y108.979 E.17161
G1 X91.021 Y108.292 E.03289
G1 X91.021 Y108.979 E.02326
G1 X108.979 Y91.021 E.85964
G1 X108.292 Y91.021 E.02326
G1 X108.979 Y91.708 E.03289
G1 X108.979 Y93.336 E.05512
M204 S10000
G1 E-.8 F1800
G1 X101.429 Y92.219 Z3.8 F7200
G1 X93.336 Y91.021 Z3.8
G1 Z3.4
G1 E.8 F1800
M204 S500
G1 F1473.913
G1 X91.708 Y91.021 E.05512
G1 X91.021 Y91.708 E.03289
G1 X91.021 Y91.021 E.02326
G1 X108.979 Y108.979 E.85964
G1 X108.292 Y108.979 E.02326
G1 X108.979 Y108.292 E.03289
G1 X108.979 Y106.664 E.05512
; stop printing object 20mmbox-LF.stl id:0 copy 0
;LAYER_CHANGE
;Z:3.6
;HEIGHT:0.2
G92 E0
;_SET_FAN_SPEED_CHANGING_LAYER
M204 S10000
G1 E-.8 F1800
G1 X113.611 Y106.664 Z4 F7200
G1 Z3.6
G1 E.8 F1800
M204 S500
;TYPE:Skirt
G1 F1473.913
G1 X113.611 Y110 E.11293
G1 X113.216 Y111.641 E.05713
G1 X112.119 Y112.923 E.05713
G1 X110 Y113.611 E.0754
G1 X90 Y113.611 E.67698
G1 X88.359 Y113.216 E.05713
G1 X87.077 Y112.119 E.05713
G1 X86.389 Y110 E.0754
G1 X86.389 Y90 E.67698
G1 X86.784 Y88.359 E.05713
G1 X87.881 Y87.077 E.05713
G1 X90 Y86.389 E.0754
G1 X110 Y86.389 E.67698
G1 X111.641 Y86.784 E.05713
M73 P19 R35
G1 X112.923 Y87.881 E.05713
G1 X113.611 Y90 E.0754
G1 X113.611 Y106.624 E.56269
M204 S10000
G1 X113.611 Y106.624 F7200
G1 X113.611 Y110
G1 X113.216 Y111.641
G1 X113.204 Y106.624
M204 S500
G1 F1473.913
G1 X113.204 Y110 E.11429
G1 X112.81 Y111.539 E.05376
G1 X111.725 Y112.699 E.05376
G1 X110 Y113.204 E.06084
G1 X90 Y113.204 E.67698
G1 X88.461 Y112.81 E.05376
G1 X87.301 Y111.725 E.05376
G1 X86.796 Y110 E.06084
G1 X86.796 Y90 E.67698
G1 X87.19 Y88.461 E.05376
G1 X88.275 Y87.301 E.05376
G1 X90 Y86.796 E.06084
G1 X110 Y86.796 E.67698
G1 X111.539 Y87.19 E.05376
G1 X112.699 Y88.275 E.05376
G1 X113.204 Y90 E.06084
G1 X113.204 Y106.584 E.56134
; printing object 20mmbox-LF.stl id:0 copy 0
M204 S10000
G1 E-.8 F1800
G1 X109.325 Y109.325 Z4 F7200
G1 Z3.6
G1 E.8 F1800
M204 S1500
;TYPE:Inner wall
G1 F1473.913
G1 X90.675 Y109.325 E.63128
G1 X90.675 Y90.675 E.63128
G1 X109.325 Y90.675 E.63128
G1 X109.325 Y109.285 E.62993
M204 S10000
G1 X109.775 Y109.775 F7200
M204 S500
;TYPE:Outer wall
G1 F1473.913
G1 X90.225 Y109.775 E.66174
G1 X90.225 Y90.225 E.66174
G1 X109.775 Y90.225 E.66174
G1 X109.775 Y109.735 E.66039
M204 S10000
G1 E-.8 F1800
G1 X108.979 Y106.664 Z4 F7200
G1 Z3.6
G1 E.8 F1800
M204 S500
;TYPE:Sparse infill
G1 F1473.913
G1 X108.979 Y108.292 E.05512
G1 X108.292 Y108.979 E.03289
G1 X108.979 Y108.979 E.02326
G1 X91.021 Y91.021 E.85964
G1 X91.021 Y91.708 E.02326
G1 X91.708 Y91.021 E.03289
G1 X93.336 Y91.021 E.05512
M204 S10000
G1 E-.8 F1800
G1 X100.887 Y92.139 Z4 F7200
G1 X108.979 Y93.336 Z4
G1 Z3.6
G1 E.8 F1800
M204 S500
G1 F1473.913
G1 X108.979 Y91.708 E.05512
G1 X108.292 Y91.021 E.03289
G1 X108.979 Y91.021 E.02326
G1 X91.021 Y108.979 E.85964
G1 X91.021 Y108.292 E.02326
G1 X91.708 Y108.979 E.03289
G1 X96.778 Y108.979 E.17161
G1 X108.979 Y96.778 E.58405
G1 X108.979 Y97.465 E.02326
G1 X102.535 Y91.021 E.30847
G1 X103.222 Y91.021 E.02326
G1 X91.021 Y103.222 E.58405
G1 X91.021 Y102.535 E.02326
G1 X97.465 Y108.979 E.30847
G1 X102.535 Y108.979 E.17161
G1 X108.979 Y102.535 E.30847
G1 X108.979 Y103.222 E.02326
G1 X96.778 Y91.021 E.58405
G1 X97.465 Y91.021 E.02326
G1 X91.021 Y97.465 E.30847
G1 X91.021 Y96.778 E.02326
G1 X103.222 Y108.979 E.58405
G1 X104.85 Y108.979 E.05512
; stop printing object 20mmbox-LF.stl id:0 copy 0
;LAYER_CHANGE
;Z:3.8
;HEIGHT:0.2
G92 E0
;_SET_FAN_SPEED_CHANGING_LAYER
M204 S10000
G1 E-.8 F1800
G1 X104.85 Y113.611 Z4.2 F7200
G1 Z3.8
G1 E.8 F1800
M204 S500
;TYPE:Skirt
G1 F1473.913
G1 X90 Y113.611 E.50267
G1 X88.359 Y113.216 E.05713
G1 X87.077 Y112.119 E.05713
G1 X86.389 Y110 E.0754
G1 X86.389 Y90 E.67698
G1 X86.784 Y88.359 E.05713
G1 X87.881 Y87.077 E.05713
G1 X90 Y86.389 E.0754
G1 X110 Y86.389 E.67698
G1 X111.641 Y86.784 E.05713
G1 X112.923 Y87.881 E.05713
G1 X113.611 Y90 E.0754
G1 X113.611 Y110 E.67698
G1 X113.216 Y111.641 E.05713
G1 X112.119 Y112.923 E.05713
G1 X110 Y113.611 E.0754
G1 X104.89 Y113.611 E.17296
M204 S10000
G1 X104.89 Y113.611 F7200
G1 X90 Y113.611
G1 X104.89 Y113.204
M204 S500
G1 F1473.913
G1 X90 Y113.204 E.50402
G1 X88.461 Y112.81 E.05376
G1 X87.301 Y111.725 E.05376
M73 P20 R35
G1 X86.796 Y110 E.06084
G1 X86.796 Y90 E.67698
G1 X87.19 Y88.461 E.05376
G1 X88.275 Y87.301 E.05376
G1 X90 Y86.796 E.06084
G1 X110 Y86.796 E.67698
G1 X111.539 Y87.19 E.05376
G1 X112.699 Y88.275 E.05376
G1 X113.204 Y90 E.06084
G1 X113.204 Y110 E.67698
G1 X112.81 Y111.539 E.05376
G1 X111.725 Y112.699 E.05376
G1 X110 Y113.204 E.06084
G1 X104.93 Y113.204 E.1716
; printing object 20mmbox-LF.stl id:0 copy 0
M204 S10000
G1 E-.8 F1800
G1 X109.325 Y109.325 Z4.2 F7200
G1 Z3.8
G1 E.8 F1800
M204 S1500
;TYPE:Inner wall
G1 F1473.913
G1 X90.675 Y109.325 E.63128
G1 X90.675 Y90.675 E.63128
G1 X109.325 Y90.675 E.63128
G1 X109.325 Y109.285 E.62993
M204 S10000
G1 X109.775 Y109.775 F7200
M204 S500
;TYPE:Outer wall
G1 F1473.913
G1 X90.225 Y109.775 E.66174
G1 X90.225 Y90.225 E.66174
G1 X109.775 Y90.225 E.66174
G1 X109.775 Y109.735 E.66039
M204 S10000
G1 E-.8 F1800
G1 X104.85 Y108.979 Z4.2 F7200
G1 Z3.8
G1 E.8 F1800
M204 S500
;TYPE:Sparse infill
G1 F1473.913
G1 X103.222 Y108.979 E.05512
G1 X91.021 Y96.778 E.58405
G1 X91.021 Y97.465 E.02326
G1 X97.465 Y91.021 E.30847
G1 X96.778 Y91.021 E.02326
G1 X108.979 Y103.222 E.58405
G1 X108.979 Y102.535 E.02326
G1 X102.535 Y108.979 E.30847
G1 X97.465 Y108.979 E.17161
M73 P20 R34
G1 X91.021 Y102.535 E.30847
G1 X91.021 Y103.222 E.02326
G1 X103.222 Y91.021 E.58405
G1 X102.535 Y91.021 E.02326
G1 X108.979 Y97.465 E.30847
G1 X108.979 Y96.778 E.02326
G1 X96.778 Y108.979 E.58405
G1 X91.708 Y108.979 E.17161
G1 X91.021 Y108.292 E.03289
G1 X91.021 Y108.979 E.02326
G1 X108.979 Y91.021 E.85964
G1 X108.292 Y91.021 E.02326
G1 X108.979 Y91.708 E.03289
G1 X108.979 Y93.336 E.05512
M204 S10000
G1 E-.8 F1800
G1 X101.429 Y92.219 Z4.2 F7200
G1 X93.336 Y91.021 Z4.2
G1 Z3.8
G1 E.8 F1800
M204 S500
G1 F1473.913
G1 X91.708 Y91.021 E.05512
G1 X91.021 Y91.708 E.03289
G1 X91.021 Y91.021 E.02326
G1 X108.979 Y108.979 E.85964
G1 X108.292 Y108.979 E.02326
G1 X108.979 Y108.292 E.03289
G1 X108.979 Y106.664 E.05512
; stop printing object 20mmbox-LF.stl id:0 copy 0
;LAYER_CHANGE
;Z:4
;HEIGHT:0.2
G92 E0
;_SET_FAN_SPEED_CHANGING_LAYER
M204 S10000
G1 E-.8 F1800
G1 X113.611 Y106.664 Z4.4 F7200
G1 Z4
G1 E.8 F1800
M204 S500
;TYPE:Skirt
G1 F1473.913
G1 X113.611 Y110 E.11293
G1 X113.216 Y111.641 E.05713
G1 X112.119 Y112.923 E.05713
G1 X110 Y113.611 E.0754
G1 X90 Y113.611 E.67698
G1 X88.359 Y113.216 E.05713
G1 X87.077 Y112.119 E.05713
G1 X86.389 Y110 E.0754
G1 X86.389 Y90 E.67698
G1 X86.784 Y88.359 E.05713
G1 X87.881 Y87.077 E.05713
G1 X90 Y86.389 E.0754
G1 X110 Y86.389 E.67698
G1 X111.641 Y86.784 E.05713
G1 X112.923 Y87.881 E.05713
G1 X113.611 Y90 E.0754
G1 X113.611 Y106.624 E.56269
M204 S10000
G1 X113.611 Y106.624 F7200
G1 X113.611 Y110
G1 X113.216 Y111.641
G1 X113.204 Y106.624
M204 S500
G1 F1473.913
G1 X113.204 Y110 E.11429
G1 X112.81 Y111.539 E.05376
G1 X111.725 Y112.699 E.05376
G1 X110 Y113.204 E.06084
G1 X90 Y113.204 E.67698
G1 X88.461 Y112.81 E.05376
G1 X87.301 Y111.725 E.05376
G1 X86.796 Y110 E.06084
G1 X86.796 Y90 E.67698
G1 X87.19 Y88.461 E.05376
G1 X88.275 Y87.301 E.05376
G1 X90 Y86.796 E.06084
G1 X110 Y86.796 E.67698
G1 X111.539 Y87.19 E.05376
M73 P21 R34
G1 X112.699 Y88.275 E.05376
G1 X113.204 Y90 E.06084
G1 X113.204 Y106.584 E.56134
; printing object 20mmbox-LF.stl id:0 copy 0
M204 S10000
G1 E-.8 F1800
G1 X109.325 Y109.325 Z4.4 F7200
G1 Z4
G1 E.8 F1800
M204 S1500
;TYPE:Inner wall
G1 F1473.913
G1 X90.675 Y109.325 E.63128
G1 X90.675 Y90.675 E.63128
G1 X109.325 Y90.675 E.63128
G1 X109.325 Y109.285 E.62993
M204 S10000
G1 X109.775 Y109.775 F7200
M204 S500
;TYPE:Outer wall
G1 F1473.913
G1 X90.225 Y109.775 E.66174
G1 X90.225 Y90.225 E.66174
G1 X109.775 Y90.225 E.66174
G1 X109.775 Y109.735 E.66039
M204 S10000
G1 E-.8 F1800
G1 X108.979 Y106.664 Z4.4 F7200
G1 Z4
G1 E.8 F1800
M204 S500
;TYPE:Sparse infill
G1 F1473.913
G1 X108.979 Y108.292 E.05512
G1 X108.292 Y108.979 E.03289
G1 X108.979 Y108.979 E.02326
G1 X91.021 Y91.021 E.85964
G1 X91.021 Y91.708 E.02326
G1 X91.708 Y91.021 E.03289
G1 X93.336 Y91.021 E.05512
M204 S10000
G1 E-.8 F1800
G1 X100.887 Y92.139 Z4.4 F7200
G1 X108.979 Y93.336 Z4.4
G1 Z4
G1 E.8 F1800
M204 S500
G1 F1473.913
G1 X108.979 Y91.708 E.05512
G1 X108.292 Y91.021 E.03289
G1 X108.979 Y91.021 E.02326
G1 X91.021 Y108.979 E.85964
G1 X91.021 Y108.292 E.02326
G1 X91.708 Y108.979 E.03289
G1 X96.778 Y108.979 E.17161
G1 X108.979 Y96.778 E.58405
G1 X108.979 Y97.465 E.02326
G1 X102.535 Y91.021 E.30847
G1 X103.222 Y91.021 E.02326
G1 X91.021 Y103.222 E.58405
G1 X91.021 Y102.535 E.02326
G1 X97.465 Y108.979 E.30847
G1 X102.535 Y108.979 E.17161
G1 X108.979 Y102.535 E.30847
G1 X108.979 Y103.222 E.02326
G1 X96.778 Y91.021 E.58405
G1 X97.465 Y91.021 E.02326
G1 X91.021 Y97.465 E.30847
G1 X91.021 Y96.778 E.02326
G1 X103.222 Y108.979 E.58405
G1 X104.85 Y108.979 E.05512
; stop printing object 20mmbox-LF.stl id:0 copy 0
;LAYER_CHANGE
;Z:4.2
;HEIGHT:0.2
G92 E0
;_SET_FAN_SPEED_CHANGING_LAYER
M204 S10000
G1 E-.8 F1800
G1 X104.85 Y113.611 Z4.6 F7200
G1 Z4.2
G1 E.8 F1800
M204 S500
;TYPE:Skirt
G1 F1473.913
G1 X90 Y113.611 E.50267
G1 X88.359 Y113.216 E.05713
G1 X87.077 Y112.119 E.05713
G1 X86.389 Y110 E.0754
G1 X86.389 Y90 E.67698
G1 X86.784 Y88.359 E.05713
G1 X87.881 Y87.077 E.05713
G1 X90 Y86.389 E.0754
G1 X110 Y86.389 E.67698
G1 X111.641 Y86.784 E.05713
G1 X112.923 Y87.881 E.05713
G1 X113.611 Y90 E.0754
G1 X113.611 Y110 E.67698
G1 X113.216 Y111.641 E.05713
G1 X112.119 Y112.923 E.05713
G1 X110 Y113.611 E.0754
G1 X104.89 Y113.611 E.17296
M204 S10000
G1 X104.89 Y113.611 F7200
G1 X90 Y113.611
G1 X104.89 Y113.204
M204 S500
G1 F1473.913
G1 X90 Y113.204 E.50402
G1 X88.461 Y112.81 E.05376
G1 X87.301 Y111.725 E.05376
G1 X86.796 Y110 E.06084
G1 X86.796 Y90 E.67698
G1 X87.19 Y88.461 E.05376
G1 X88.275 Y87.301 E.05376
G1 X90 Y86.796 E.06084
G1 X110 Y86.796 E.67698
G1 X111.539 Y87.19 E.05376
G1 X112.699 Y88.275 E.05376
G1 X113.204 Y90 E.06084
G1 X113.204 Y110 E.67698
G1 X112.81 Y111.539 E.05376
G1 X111.725 Y112.699 E.05376
G1 X110 Y113.204 E.06084
G1 X104.93 Y113.204 E.1716
; printing object 20mmbox-LF.stl id:0 copy 0
M204 S10000
G1 E-.8 F1800
G1 X109.325 Y109.325 Z4.6 F7200
G1 Z4.2
G1 E.8 F1800
M204 S1500
;TYPE:Inner wall
G1 F1473.913
G1 X90.675 Y109.325 E.63128
G1 X90.675 Y90.675 E.63128
M73 P22 R34
G1 X109.325 Y90.675 E.63128
G1 X109.325 Y109.285 E.62993
M204 S10000
G1 X109.775 Y109.775 F7200
M204 S500
;TYPE:Outer wall
G1 F1473.913
G1 X90.225 Y109.775 E.66174
G1 X90.225 Y90.225 E.66174
G1 X109.775 Y90.225 E.66174
G1 X109.775 Y109.735 E.66039
M204 S10000
G1 E-.8 F1800
G1 X104.85 Y108.979 Z4.6 F7200
G1 Z4.2
G1 E.8 F1800
M204 S500
;TYPE:Sparse infill
G1 F1473.913
G1 X103.222 Y108.979 E.05512
G1 X91.021 Y96.778 E.58405
G1 X91.021 Y97.465 E.02326
G1 X97.465 Y91.021 E.30847
G1 X96.778 Y91.021 E.02326
G1 X108.979 Y103.222 E.58405
G1 X108.979 Y102.535 E.02326
G1 X102.535 Y108.979 E.30847
G1 X97.465 Y108.979 E.17161
G1 X91.021 Y102.535 E.30847
G1 X91.021 Y103.222 E.02326
G1 X103.222 Y91.021 E.58405
G1 X102.535 Y91.021 E.02326
G1 X108.979 Y97.465 E.30847
G1 X108.979 Y96.778 E.02326
G1 X96.778 Y108.979 E.58405
G1 X91.708 Y108.979 E.17161
G1 X91.021 Y108.292 E.03289
G1 X91.021 Y108.979 E.02326
G1 X108.979 Y91.021 E.85964
G1 X108.292 Y91.021 E.02326
G1 X108.979 Y91.708 E.03289
G1 X108.979 Y93.336 E.05512
M204 S10000
G1 E-.8 F1800
G1 X101.429 Y92.219 Z4.6 F7200
G1 X93.336 Y91.021 Z4.6
G1 Z4.2
G1 E.8 F1800
M204 S500
G1 F1473.913
G1 X91.708 Y91.021 E.05512
G1 X91.021 Y91.708 E.03289
G1 X91.021 Y91.021 E.02326
G1 X108.979 Y108.979 E.85964
G1 X108.292 Y108.979 E.02326
G1 X108.979 Y108.292 E.03289
G1 X108.979 Y106.664 E.05512
; stop printing object 20mmbox-LF.stl id:0 copy 0
;LAYER_CHANGE
;Z:4.4
;HEIGHT:0.2
G92 E0
;_SET_FAN_SPEED_CHANGING_LAYER
M204 S10000
G1 E-.8 F1800
G1 X113.611 Y106.664 Z4.8 F7200
G1 Z4.4
G1 E.8 F1800
M204 S500
;TYPE:Skirt
G1 F1473.913
G1 X113.611 Y110 E.11293
G1 X113.216 Y111.641 E.05713
G1 X112.119 Y112.923 E.05713
G1 X110 Y113.611 E.0754
G1 X90 Y113.611 E.67698
G1 X88.359 Y113.216 E.05713
G1 X87.077 Y112.119 E.05713
G1 X86.389 Y110 E.0754
G1 X86.389 Y90 E.67698
G1 X86.784 Y88.359 E.05713
G1 X87.881 Y87.077 E.05713
G1 X90 Y86.389 E.0754
G1 X110 Y86.389 E.67698
G1 X111.641 Y86.784 E.05713
G1 X112.923 Y87.881 E.05713
G1 X113.611 Y90 E.0754
G1 X113.611 Y106.624 E.56269
M204 S10000
G1 X113.611 Y106.624 F7200
G1 X113.611 Y110
G1 X113.216 Y111.641
G1 X113.204 Y106.624
M204 S500
G1 F1473.913
G1 X113.204 Y110 E.11429
G1 X112.81 Y111.539 E.05376
G1 X111.725 Y112.699 E.05376
G1 X110 Y113.204 E.06084
G1 X90 Y113.204 E.67698
G1 X88.461 Y112.81 E.05376
M73 P22 R33
G1 X87.301 Y111.725 E.05376
G1 X86.796 Y110 E.06084
G1 X86.796 Y90 E.67698
G1 X87.19 Y88.461 E.05376
G1 X88.275 Y87.301 E.05376
G1 X90 Y86.796 E.06084
G1 X110 Y86.796 E.67698
G1 X111.539 Y87.19 E.05376
G1 X112.699 Y88.275 E.05376
G1 X113.204 Y90 E.06084
G1 X113.204 Y106.584 E.56134
; printing object 20mmbox-LF.stl id:0 copy 0
M204 S10000
G1 E-.8 F1800
G1 X109.325 Y109.325 Z4.8 F7200
G1 Z4.4
G1 E.8 F1800
M204 S1500
;TYPE:Inner wall
G1 F1473.913
G1 X90.675 Y109.325 E.63128
G1 X90.675 Y90.675 E.63128
G1 X109.325 Y90.675 E.63128
G1 X109.325 Y109.285 E.62993
M204 S10000
G1 X109.775 Y109.775 F7200
M73 P23 R33
M204 S500
;TYPE:Outer wall
G1 F1473.913
G1 X90.225 Y109.775 E.66174
G1 X90.225 Y90.225 E.66174
G1 X109.775 Y90.225 E.66174
G1 X109.775 Y109.735 E.66039
M204 S10000
G1 E-.8 F1800
G1 X108.979 Y106.664 Z4.8 F7200
G1 Z4.4
G1 E.8 F1800
M204 S500
;TYPE:Sparse infill
G1 F1473.913
G1 X108.979 Y108.292 E.05512
G1 X108.292 Y108.979 E.03289
G1 X108.979 Y108.979 E.02326
G1 X91.021 Y91.021 E.85964
G1 X91.021 Y91.708 E.02326
G1 X91.708 Y91.021 E.03289
G1 X93.336 Y91.021 E.05512
M204 S10000
G1 E-.8 F1800
G1 X100.887 Y92.139 Z4.8 F7200
G1 X108.979 Y93.336 Z4.8
G1 Z4.4
G1 E.8 F1800
M204 S500
G1 F1473.913
G1 X108.979 Y91.708 E.05512
G1 X108.292 Y91.021 E.03289
G1 X108.979 Y91.021 E.02326
G1 X91.021 Y108.979 E.85964
G1 X91.021 Y108.292 E.02326
G1 X91.708 Y108.979 E.03289
G1 X96.778 Y108.979 E.17161
G1 X108.979 Y96.778 E.58405
G1 X108.979 Y97.465 E.02326
G1 X102.535 Y91.021 E.30847
G1 X103.222 Y91.021 E.02326
G1 X91.021 Y103.222 E.58405
G1 X91.021 Y102.535 E.02326
G1 X97.465 Y108.979 E.30847
G1 X102.535 Y108.979 E.17161
G1 X108.979 Y102.535 E.30847
G1 X108.979 Y103.222 E.02326
G1 X96.778 Y91.021 E.58405
G1 X97.465 Y91.021 E.02326
G1 X91.021 Y97.465 E.30847
G1 X91.021 Y96.778 E.02326
G1 X103.222 Y108.979 E.58405
G1 X104.85 Y108.979 E.05512
; stop printing object 20mmbox-LF.stl id:0 copy 0
;LAYER_CHANGE
;Z:4.6
;HEIGHT:0.2
G92 E0
;_SET_FAN_SPEED_CHANGING_LAYER
M204 S10000
G1 E-.8 F1800
G1 X104.85 Y113.611 Z5 F7200
G1 Z4.6
G1 E.8 F1800
M204 S500
;TYPE:Skirt
G1 F1473.913
G1 X90 Y113.611 E.50267
G1 X88.359 Y113.216 E.05713
G1 X87.077 Y112.119 E.05713
G1 X86.389 Y110 E.0754
G1 X86.389 Y90 E.67698
G1 X86.784 Y88.359 E.05713
G1 X87.881 Y87.077 E.05713
G1 X90 Y86.389 E.0754
G1 X110 Y86.389 E.67698
G1 X111.641 Y86.784 E.05713
G1 X112.923 Y87.881 E.05713
G1 X113.611 Y90 E.0754
G1 X113.611 Y110 E.67698
G1 X113.216 Y111.641 E.05713
G1 X112.119 Y112.923 E.05713
G1 X110 Y113.611 E.0754
G1 X104.89 Y113.611 E.17296
M204 S10000
G1 X104.89 Y113.611 F7200
G1 X90 Y113.611
G1 X104.89 Y113.204
M204 S500
G1 F1473.913
G1 X90 Y113.204 E.50402
G1 X88.461 Y112.81 E.05376
G1 X87.301 Y111.725 E.05376
G1 X86.796 Y110 E.06084
G1 X86.796 Y90 E.67698
G1 X87.19 Y88.461 E.05376
G1 X88.275 Y87.301 E.05376
G1 X90 Y86.796 E.06084
G1 X110 Y86.796 E.67698
G1 X111.539 Y87.19 E.05376
G1 X112.699 Y88.275 E.05376
G1 X113.204 Y90 E.06084
G1 X113.204 Y110 E.67698
G1 X112.81 Y111.539 E.05376
G1 X111.725 Y112.699 E.05376
G1 X110 Y113.204 E.06084
G1 X104.93 Y113.204 E.1716
; printing object 20mmbox-LF.stl id:0 copy 0
M204 S10000
G1 E-.8 F1800
G1 X109.325 Y109.325 Z5 F7200
G1 Z4.6
G1 E.8 F1800
M204 S1500
;TYPE:Inner wall
G1 F1473.913
G1 X90.675 Y109.325 E.63128
G1 X90.675 Y90.675 E.63128
G1 X109.325 Y90.675 E.63128
G1 X109.325 Y109.285 E.62993
M204 S10000
G1 X109.775 Y109.775 F7200
M204 S500
;TYPE:Outer wall
G1 F1473.913
G1 X90.225 Y109.775 E.66174
G1 X90.225 Y90.225 E.66174
G1 X109.775 Y90.225 E.66174
G1 X109.775 Y109.735 E.66039
M73 P24 R33
M204 S10000
G1 E-.8 F1800
G1 X104.85 Y108.979 Z5 F7200
G1 Z4.6
G1 E.8 F1800
M204 S500
;TYPE:Sparse infill
G1 F1473.913
G1 X103.222 Y108.979 E.05512
G1 X91.021 Y96.778 E.58405
G1 X91.021 Y97.465 E.02326
G1 X97.465 Y91.021 E.30847
G1 X96.778 Y91.021 E.02326
G1 X108.979 Y103.222 E.58405
G1 X108.979 Y102.535 E.02326
G1 X102.535 Y108.979 E.30847
G1 X97.465 Y108.979 E.17161
G1 X91.021 Y102.535 E.30847
G1 X91.021 Y103.222 E.02326
G1 X103.222 Y91.021 E.58405
G1 X102.535 Y91.021 E.02326
G1 X108.979 Y97.465 E.30847
G1 X108.979 Y96.778 E.02326
G1 X96.778 Y108.979 E.58405
G1 X91.708 Y108.979 E.17161
G1 X91.021 Y108.292 E.03289
G1 X91.021 Y108.979 E.02326
G1 X108.979 Y91.021 E.85964
G1 X108.292 Y91.021 E.02326
G1 X108.979 Y91.708 E.03289
G1 X108.979 Y93.336 E.05512
M204 S10000
G1 E-.8 F1800
G1 X101.429 Y92.219 Z5 F7200
G1 X93.336 Y91.021 Z5
G1 Z4.6
G1 E.8 F1800
M204 S500
G1 F1473.913
G1 X91.708 Y91.021 E.05512
G1 X91.021 Y91.708 E.03289
G1 X91.021 Y91.021 E.02326
G1 X108.979 Y108.979 E.85964
G1 X108.292 Y108.979 E.02326
G1 X108.979 Y108.292 E.03289
G1 X108.979 Y106.664 E.05512
; stop printing object 20mmbox-LF.stl id:0 copy 0
;LAYER_CHANGE
;Z:4.8
;HEIGHT:0.2
G92 E0
;_SET_FAN_SPEED_CHANGING_LAYER
M204 S10000
G1 E-.8 F1800
G1 X113.611 Y106.664 Z5.2 F7200
G1 Z4.8
G1 E.8 F1800
M204 S500
;TYPE:Skirt
G1 F1473.913
G1 X113.611 Y110 E.11293
G1 X113.216 Y111.641 E.05713
G1 X112.119 Y112.923 E.05713
G1 X110 Y113.611 E.0754
G1 X90 Y113.611 E.67698
G1 X88.359 Y113.216 E.05713
G1 X87.077 Y112.119 E.05713
G1 X86.389 Y110 E.0754
G1 X86.389 Y90 E.67698
G1 X86.784 Y88.359 E.05713
G1 X87.881 Y87.077 E.05713
G1 X90 Y86.389 E.0754
G1 X110 Y86.389 E.67698
G1 X111.641 Y86.784 E.05713
G1 X112.923 Y87.881 E.05713
G1 X113.611 Y90 E.0754
G1 X113.611 Y106.624 E.56269
M204 S10000
G1 X113.611 Y106.624 F7200
G1 X113.611 Y110
G1 X113.216 Y111.641
G1 X113.204 Y106.624
M204 S500
G1 F1473.913
G1 X113.204 Y110 E.11429
G1 X112.81 Y111.539 E.05376
G1 X111.725 Y112.699 E.05376
G1 X110 Y113.204 E.06084
G1 X90 Y113.204 E.67698
G1 X88.461 Y112.81 E.05376
G1 X87.301 Y111.725 E.05376
G1 X86.796 Y110 E.06084
G1 X86.796 Y90 E.67698
G1 X87.19 Y88.461 E.05376
G1 X88.275 Y87.301 E.05376
G1 X90 Y86.796 E.06084
G1 X110 Y86.796 E.67698
G1 X111.539 Y87.19 E.05376
G1 X112.699 Y88.275 E.05376
G1 X113.204 Y90 E.06084
G1 X113.204 Y106.584 E.56134
; printing object 20mmbox-LF.stl id:0 copy 0
M204 S10000
G1 E-.8 F1800
G1 X109.325 Y109.325 Z5.2 F7200
G1 Z4.8
G1 E.8 F1800
M204 S1500
;TYPE:Inner wall
G1 F1473.913
G1 X90.675 Y109.325 E.63128
G1 X90.675 Y90.675 E.63128
G1 X109.325 Y90.675 E.63128
G1 X109.325 Y109.285 E.62993
M204 S10000
G1 X109.775 Y109.775 F7200
M204 S500
;TYPE:Outer wall
G1 F1473.913
G1 X90.225 Y109.775 E.66174
G1 X90.225 Y90.225 E.66174
G1 X109.775 Y90.225 E.66174
G1 X109.775 Y109.735 E.66039
M204 S10000
G1 E-.8 F1800
G1 X108.979 Y106.664 Z5.2 F7200
G1 Z4.8
G1 E.8 F1800
M204 S500
;TYPE:Sparse infill
G1 F1473.913
G1 X108.979 Y108.292 E.05512
G1 X108.292 Y108.979 E.03289
G1 X108.979 Y108.979 E.02326
G1 X91.021 Y91.021 E.85964
G1 X91.021 Y91.708 E.02326
M73 P25 R32
G1 X91.708 Y91.021 E.03289
G1 X93.336 Y91.021 E.05512
M204 S10000
G1 E-.8 F1800
G1 X100.887 Y92.139 Z5.2 F7200
G1 X108.979 Y93.336 Z5.2
G1 Z4.8
G1 E.8 F1800
M204 S500
G1 F1473.913
G1 X108.979 Y91.708 E.05512
G1 X108.292 Y91.021 E.03289
G1 X108.979 Y91.021 E.02326
G1 X91.021 Y108.979 E.85964
G1 X91.021 Y108.292 E.02326
G1 X91.708 Y108.979 E.03289
G1 X96.778 Y108.979 E.17161
G1 X108.979 Y96.778 E.58405
G1 X108.979 Y97.465 E.02326
G1 X102.535 Y91.021 E.30847
G1 X103.222 Y91.021 E.02326
G1 X91.021 Y103.222 E.58405
G1 X91.021 Y102.535 E.02326
G1 X97.465 Y108.979 E.30847
G1 X102.535 Y108.979 E.17161
G1 X108.979 Y102.535 E.30847
G1 X108.979 Y103.222 E.02326
G1 X96.778 Y91.021 E.58405
G1 X97.465 Y91.021 E.02326
G1 X91.021 Y97.465 E.30847
G1 X91.021 Y96.778 E.02326
G1 X103.222 Y108.979 E.58405
G1 X104.85 Y108.979 E.05512
; stop printing object 20mmbox-LF.stl id:0 copy 0
;LAYER_CHANGE
;Z:5
;HEIGHT:0.2
G92 E0
;_SET_FAN_SPEED_CHANGING_LAYER
M204 S10000
G1 E-.8 F1800
G1 X104.85 Y113.611 Z5.4 F7200
G1 Z5
G1 E.8 F1800
M204 S500
;TYPE:Skirt
G1 F1473.913
G1 X90 Y113.611 E.50267
G1 X88.359 Y113.216 E.05713
G1 X87.077 Y112.119 E.05713
G1 X86.389 Y110 E.0754
G1 X86.389 Y90 E.67698
G1 X86.784 Y88.359 E.05713
G1 X87.881 Y87.077 E.05713
G1 X90 Y86.389 E.0754
G1 X110 Y86.389 E.67698
G1 X111.641 Y86.784 E.05713
G1 X112.923 Y87.881 E.05713
G1 X113.611 Y90 E.0754
G1 X113.611 Y110 E.67698
G1 X113.216 Y111.641 E.05713
G1 X112.119 Y112.923 E.05713
G1 X110 Y113.611 E.0754
G1 X104.89 Y113.611 E.17296
M204 S10000
G1 X104.89 Y113.611 F7200
G1 X90 Y113.611
G1 X104.89 Y113.204
M204 S500
G1 F1473.913
G1 X90 Y113.204 E.50402
G1 X88.461 Y112.81 E.05376
G1 X87.301 Y111.725 E.05376
G1 X86.796 Y110 E.06084
G1 X86.796 Y90 E.67698
G1 X87.19 Y88.461 E.05376
G1 X88.275 Y87.301 E.05376
G1 X90 Y86.796 E.06084
G1 X110 Y86.796 E.67698
G1 X111.539 Y87.19 E.05376
G1 X112.699 Y88.275 E.05376
G1 X113.204 Y90 E.06084
G1 X113.204 Y110 E.67698
G1 X112.81 Y111.539 E.05376
G1 X111.725 Y112.699 E.05376
G1 X110 Y113.204 E.06084
G1 X104.93 Y113.204 E.1716
; printing object 20mmbox-LF.stl id:0 copy 0
M204 S10000
G1 E-.8 F1800
G1 X109.325 Y109.325 Z5.4 F7200
G1 Z5
G1 E.8 F1800
M204 S1500
;TYPE:Inner wall
G1 F1473.913
G1 X90.675 Y109.325 E.63128
G1 X90.675 Y90.675 E.63128
G1 X109.325 Y90.675 E.63128
G1 X109.325 Y109.285 E.62993
M204 S10000
G1 X109.775 Y109.775 F7200
M204 S500
;TYPE:Outer wall
G1 F1473.913
G1 X90.225 Y109.775 E.66174
G1 X90.225 Y90.225 E.66174
G1 X109.775 Y90.225 E.66174
G1 X109.775 Y109.735 E.66039
M204 S10000
G1 E-.8 F1800
G1 X104.85 Y108.979 Z5.4 F7200
G1 Z5
G1 E.8 F1800
M204 S500
;TYPE:Sparse infill
G1 F1473.913
G1 X103.222 Y108.979 E.05512
G1 X91.021 Y96.778 E.58405
G1 X91.021 Y97.465 E.02326
G1 X97.465 Y91.021 E.30847
G1 X96.778 Y91.021 E.02326
G1 X108.979 Y103.222 E.58405
G1 X108.979 Y102.535 E.02326
G1 X102.535 Y108.979 E.30847
G1 X97.465 Y108.979 E.17161
M73 P26 R32
G1 X91.021 Y102.535 E.30847
G1 X91.021 Y103.222 E.02326
G1 X103.222 Y91.021 E.58405
G1 X102.535 Y91.021 E.02326
G1 X108.979 Y97.465 E.30847
G1 X108.979 Y96.778 E.02326
G1 X96.778 Y108.979 E.58405
G1 X91.708 Y108.979 E.17161
G1 X91.021 Y108.292 E.03289
G1 X91.021 Y108.979 E.02326
G1 X108.979 Y91.021 E.85964
G1 X108.292 Y91.021 E.02326
G1 X108.979 Y91.708 E.03289
G1 X108.979 Y93.336 E.05512
M204 S10000
G1 E-.8 F1800
G1 X101.429 Y92.219 Z5.4 F7200
G1 X93.336 Y91.021 Z5.4
G1 Z5
G1 E.8 F1800
M204 S500
G1 F1473.913
G1 X91.708 Y91.021 E.05512
G1 X91.021 Y91.708 E.03289
G1 X91.021 Y91.021 E.02326
G1 X108.979 Y108.979 E.85964
G1 X108.292 Y108.979 E.02326
G1 X108.979 Y108.292 E.03289
G1 X108.979 Y106.664 E.05512
; stop printing object 20mmbox-LF.stl id:0 copy 0
;LAYER_CHANGE
;Z:5.2
;HEIGHT:0.2
G92 E0
;_SET_FAN_SPEED_CHANGING_LAYER
M204 S10000
G1 E-.8 F1800
G1 X113.611 Y106.664 Z5.6 F7200
G1 Z5.2
G1 E.8 F1800
M204 S500
;TYPE:Skirt
G1 F1473.913
G1 X113.611 Y110 E.11293
G1 X113.216 Y111.641 E.05713
G1 X112.119 Y112.923 E.05713
G1 X110 Y113.611 E.0754
G1 X90 Y113.611 E.67698
G1 X88.359 Y113.216 E.05713
G1 X87.077 Y112.119 E.05713
G1 X86.389 Y110 E.0754
G1 X86.389 Y90 E.67698
G1 X86.784 Y88.359 E.05713
G1 X87.881 Y87.077 E.05713
G1 X90 Y86.389 E.0754
G1 X110 Y86.389 E.67698
G1 X111.641 Y86.784 E.05713
G1 X112.923 Y87.881 E.05713
G1 X113.611 Y90 E.0754
G1 X113.611 Y106.624 E.56269
M204 S10000
G1 X113.611 Y106.624 F7200
G1 X113.611 Y110
G1 X113.216 Y111.641
G1 X113.204 Y106.624
M204 S500
G1 F1473.913
G1 X113.204 Y110 E.11429
G1 X112.81 Y111.539 E.05376
G1 X111.725 Y112.699 E.05376
G1 X110 Y113.204 E.06084
G1 X90 Y113.204 E.67698
G1 X88.461 Y112.81 E.05376
G1 X87.301 Y111.725 E.05376
G1 X86.796 Y110 E.06084
G1 X86.796 Y90 E.67698
G1 X87.19 Y88.461 E.05376
G1 X88.275 Y87.301 E.05376
G1 X90 Y86.796 E.06084
G1 X110 Y86.796 E.67698
G1 X111.539 Y87.19 E.05376
G1 X112.699 Y88.275 E.05376
G1 X113.204 Y90 E.06084
G1 X113.204 Y106.584 E.56134
; printing object 20mmbox-LF.stl id:0 copy 0
M204 S10000
G1 E-.8 F1800
G1 X109.325 Y109.325 Z5.6 F7200
G1 Z5.2
G1 E.8 F1800
M204 S1500
;TYPE:Inner wall
G1 F1473.913
G1 X90.675 Y109.325 E.63128
G1 X90.675 Y90.675 E.63128
G1 X109.325 Y90.675 E.63128
G1 X109.325 Y109.285 E.62993
M204 S10000
G1 X109.775 Y109.775 F7200
M204 S500
;TYPE:Outer wall
G1 F1473.913
G1 X90.225 Y109.775 E.66174
G1 X90.225 Y90.225 E.66174
G1 X109.775 Y90.225 E.66174
G1 X109.775 Y109.735 E.66039
M204 S10000
G1 E-.8 F1800
G1 X108.979 Y106.664 Z5.6 F7200
G1 Z5.2
G1 E.8 F1800
M204 S500
;TYPE:Sparse infill
G1 F1473.913
G1 X108.979 Y108.292 E.05512
G1 X108.292 Y108.979 E.03289
G1 X108.979 Y108.979 E.02326
G1 X91.021 Y91.021 E.85964
G1 X91.021 Y91.708 E.02326
G1 X91.708 Y91.021 E.03289
G1 X93.336 Y91.021 E.05512
M204 S10000
G1 E-.8 F1800
G1 X100.887 Y92.139 Z5.6 F7200
G1 X108.979 Y93.336 Z5.6
G1 Z5.2
G1 E.8 F1800
M204 S500
G1 F1473.913
G1 X108.979 Y91.708 E.05512
G1 X108.292 Y91.021 E.03289
G1 X108.979 Y91.021 E.02326
G1 X91.021 Y108.979 E.85964
G1 X91.021 Y108.292 E.02326
G1 X91.708 Y108.979 E.03289
G1 X96.778 Y108.979 E.17161
G1 X108.979 Y96.778 E.58405
G1 X108.979 Y97.465 E.02326
G1 X102.535 Y91.021 E.30847
G1 X103.222 Y91.021 E.02326
G1 X91.021 Y103.222 E.58405
G1 X91.021 Y102.535 E.02326
M73 P27 R32
G1 X97.465 Y108.979 E.30847
G1 X102.535 Y108.979 E.17161
G1 X108.979 Y102.535 E.30847
G1 X108.979 Y103.222 E.02326
G1 X96.778 Y91.021 E.58405
G1 X97.465 Y91.021 E.02326
G1 X91.021 Y97.465 E.30847
G1 X91.021 Y96.778 E.02326
G1 X103.222 Y108.979 E.58405
G1 X104.85 Y108.979 E.05512
; stop printing object 20mmbox-LF.stl id:0 copy 0
;LAYER_CHANGE
;Z:5.4
;HEIGHT:0.2
G92 E0
;_SET_FAN_SPEED_CHANGING_LAYER
M204 S10000
G1 E-.8 F1800
G1 X104.85 Y113.611 Z5.8 F7200
G1 Z5.4
G1 E.8 F1800
M204 S500
;TYPE:Skirt
G1 F1473.913
G1 X90 Y113.611 E.50267
G1 X88.359 Y113.216 E.05713
G1 X87.077 Y112.119 E.05713
G1 X86.389 Y110 E.0754
G1 X86.389 Y90 E.67698
G1 X86.784 Y88.359 E.05713
G1 X87.881 Y87.077 E.05713
G1 X90 Y86.389 E.0754
G1 X110 Y86.389 E.67698
G1 X111.641 Y86.784 E.05713
G1 X112.923 Y87.881 E.05713
G1 X113.611 Y90 E.0754
G1 X113.611 Y110 E.67698
G1 X113.216 Y111.641 E.05713
G1 X112.119 Y112.923 E.05713
M73 P27 R31
G1 X110 Y113.611 E.0754
G1 X104.89 Y113.611 E.17296
M204 S10000
G1 X104.89 Y113.611 F7200
G1 X90 Y113.611
G1 X104.89 Y113.204
M204 S500
G1 F1473.913
G1 X90 Y113.204 E.50402
G1 X88.461 Y112.81 E.05376
G1 X87.301 Y111.725 E.05376
G1 X86.796 Y110 E.06084
G1 X86.796 Y90 E.67698
G1 X87.19 Y88.461 E.05376
G1 X88.275 Y87.301 E.05376
G1 X90 Y86.796 E.06084
G1 X110 Y86.796 E.67698
G1 X111.539 Y87.19 E.05376
G1 X112.699 Y88.275 E.05376
G1 X113.204 Y90 E.06084
G1 X113.204 Y110 E.67698
G1 X112.81 Y111.539 E.05376
G1 X111.725 Y112.699 E.05376
G1 X110 Y113.204 E.06084
G1 X104.93 Y113.204 E.1716
; printing object 20mmbox-LF.stl id:0 copy 0
M204 S10000
G1 E-.8 F1800
G1 X109.325 Y109.325 Z5.8 F7200
G1 Z5.4
G1 E.8 F1800
M204 S1500
;TYPE:Inner wall
G1 F1473.913
G1 X90.675 Y109.325 E.63128
G1 X90.675 Y90.675 E.63128
G1 X109.325 Y90.675 E.63128
G1 X109.325 Y109.285 E.62993
M204 S10000
G1 X109.775 Y109.775 F7200
M204 S500
;TYPE:Outer wall
G1 F1473.913
G1 X90.225 Y109.775 E.66174
G1 X90.225 Y90.225 E.66174
G1 X109.775 Y90.225 E.66174
G1 X109.775 Y109.735 E.66039
M204 S10000
G1 E-.8 F1800
G1 X104.85 Y108.979 Z5.8 F7200
G1 Z5.4
G1 E.8 F1800
M204 S500
;TYPE:Sparse infill
G1 F1473.913
G1 X103.222 Y108.979 E.05512
G1 X91.021 Y96.778 E.58405
G1 X91.021 Y97.465 E.02326
G1 X97.465 Y91.021 E.30847
G1 X96.778 Y91.021 E.02326
G1 X108.979 Y103.222 E.58405
G1 X108.979 Y102.535 E.02326
G1 X102.535 Y108.979 E.30847
G1 X97.465 Y108.979 E.17161
G1 X91.021 Y102.535 E.30847
G1 X91.021 Y103.222 E.02326
G1 X103.222 Y91.021 E.58405
G1 X102.535 Y91.021 E.02326
G1 X108.979 Y97.465 E.30847
G1 X108.979 Y96.778 E.02326
G1 X96.778 Y108.979 E.58405
G1 X91.708 Y108.979 E.17161
G1 X91.021 Y108.292 E.03289
G1 X91.021 Y108.979 E.02326
G1 X108.979 Y91.021 E.85964
G1 X108.292 Y91.021 E.02326
G1 X108.979 Y91.708 E.03289
G1 X108.979 Y93.336 E.05512
M204 S10000
G1 E-.8 F1800
G1 X101.429 Y92.219 Z5.8 F7200
G1 X93.336 Y91.021 Z5.8
M73 P28 R31
G1 Z5.4
G1 E.8 F1800
M204 S500
G1 F1473.913
G1 X91.708 Y91.021 E.05512
G1 X91.021 Y91.708 E.03289
G1 X91.021 Y91.021 E.02326
G1 X108.979 Y108.979 E.85964
G1 X108.292 Y108.979 E.02326
G1 X108.979 Y108.292 E.03289
G1 X108.979 Y106.664 E.05512
; stop printing object 20mmbox-LF.stl id:0 copy 0
;LAYER_CHANGE
;Z:5.6
;HEIGHT:0.2
G92 E0
;_SET_FAN_SPEED_CHANGING_LAYER
M204 S10000
G1 E-.8 F1800
G1 X113.611 Y106.664 Z6 F7200
G1 Z5.6
G1 E.8 F1800
M204 S500
;TYPE:Skirt
G1 F1473.913
G1 X113.611 Y110 E.11293
G1 X113.216 Y111.641 E.05713
G1 X112.119 Y112.923 E.05713
G1 X110 Y113.611 E.0754
G1 X90 Y113.611 E.67698
G1 X88.359 Y113.216 E.05713
G1 X87.077 Y112.119 E.05713
G1 X86.389 Y110 E.0754
G1 X86.389 Y90 E.67698
G1 X86.784 Y88.359 E.05713
G1 X87.881 Y87.077 E.05713
G1 X90 Y86.389 E.0754
G1 X110 Y86.389 E.67698
G1 X111.641 Y86.784 E.05713
G1 X112.923 Y87.881 E.05713
G1 X113.611 Y90 E.0754
G1 X113.611 Y106.624 E.56269
M204 S10000
G1 X113.611 Y106.624 F7200
G1 X113.611 Y110
G1 X113.216 Y111.641
G1 X113.204 Y106.624
M204 S500
G1 F1473.913
G1 X113.204 Y110 E.11429
G1 X112.81 Y111.539 E.05376
G1 X111.725 Y112.699 E.05376
G1 X110 Y113.204 E.06084
G1 X90 Y113.204 E.67698
G1 X88.461 Y112.81 E.05376
G1 X87.301 Y111.725 E.05376
G1 X86.796 Y110 E.06084
G1 X86.796 Y90 E.67698
G1 X87.19 Y88.461 E.05376
G1 X88.275 Y87.301 E.05376
G1 X90 Y86.796 E.06084
G1 X110 Y86.796 E.67698
G1 X111.539 Y87.19 E.05376
G1 X112.699 Y88.275 E.05376
G1 X113.204 Y90 E.06084
G1 X113.204 Y106.584 E.56134
; printing object 20mmbox-LF.stl id:0 copy 0
M204 S10000
G1 E-.8 F1800
G1 X109.325 Y109.325 Z6 F7200
G1 Z5.6
G1 E.8 F1800
M204 S1500
;TYPE:Inner wall
G1 F1473.913
G1 X90.675 Y109.325 E.63128
G1 X90.675 Y90.675 E.63128
G1 X109.325 Y90.675 E.63128
G1 X109.325 Y109.285 E.62993
M204 S10000
G1 X109.775 Y109.775 F7200
M204 S500
;TYPE:Outer wall
G1 F1473.913
G1 X90.225 Y109.775 E.66174
G1 X90.225 Y90.225 E.66174
G1 X109.775 Y90.225 E.66174
G1 X109.775 Y109.735 E.66039
M204 S10000
G1 E-.8 F1800
G1 X108.979 Y106.664 Z6 F7200
G1 Z5.6
G1 E.8 F1800
M204 S500
;TYPE:Sparse infill
G1 F1473.913
G1 X108.979 Y108.292 E.05512
G1 X108.292 Y108.979 E.03289
G1 X108.979 Y108.979 E.02326
G1 X91.021 Y91.021 E.85964
G1 X91.021 Y91.708 E.02326
G1 X91.708 Y91.021 E.03289
G1 X93.336 Y91.021 E.05512
M204 S10000
G1 E-.8 F1800
G1 X100.887 Y92.139 Z6 F7200
G1 X108.979 Y93.336 Z6
G1 Z5.6
G1 E.8 F1800
M204 S500
G1 F1473.913
G1 X108.979 Y91.708 E.05512
G1 X108.292 Y91.021 E.03289
G1 X108.979 Y91.021 E.02326
G1 X91.021 Y108.979 E.85964
G1 X91.021 Y108.292 E.02326
G1 X91.708 Y108.979 E.03289
G1 X96.778 Y108.979 E.17161
G1 X108.979 Y96.778 E.58405
G1 X108.979 Y97.465 E.02326
G1 X102.535 Y91.021 E.30847
G1 X103.222 Y91.021 E.02326
G1 X91.021 Y103.222 E.58405
G1 X91.021 Y102.535 E.02326
G1 X97.465 Y108.979 E.30847
G1 X102.535 Y108.979 E.17161
G1 X108.979 Y102.535 E.30847
G1 X108.979 Y103.222 E.02326
G1 X96.778 Y91.021 E.58405
G1 X97.465 Y91.021 E.02326
G1 X91.021 Y97.465 E.30847
G1 X91.021 Y96.778 E.02326
G1 X103.222 Y108.979 E.58405
G1 X104.85 Y108.979 E.05512
; stop printing object 20mmbox-LF.stl id:0 copy 0
;LAYER_CHANGE
;Z:5.8
;HEIGHT:0.2
G92 E0
;_SET_FAN_SPEED_CHANGING_LAYER
M204 S10000
G1 E-.8 F1800
G1 X104.85 Y113.611 Z6.2 F7200
G1 Z5.8
G1 E.8 F1800
M204 S500
;TYPE:Skirt
G1 F1473.913
G1 X90 Y113.611 E.50267
G1 X88.359 Y113.216 E.05713
M73 P29 R31
G1 X87.077 Y112.119 E.05713
G1 X86.389 Y110 E.0754
G1 X86.389 Y90 E.67698
G1 X86.784 Y88.359 E.05713
G1 X87.881 Y87.077 E.05713
G1 X90 Y86.389 E.0754
G1 X110 Y86.389 E.67698
G1 X111.641 Y86.784 E.05713
G1 X112.923 Y87.881 E.05713
G1 X113.611 Y90 E.0754
G1 X113.611 Y110 E.67698
G1 X113.216 Y111.641 E.05713
G1 X112.119 Y112.923 E.05713
G1 X110 Y113.611 E.0754
G1 X104.89 Y113.611 E.17296
M204 S10000
G1 X104.89 Y113.611 F7200
G1 X90 Y113.611
G1 X104.89 Y113.204
M204 S500
G1 F1473.913
G1 X90 Y113.204 E.50402
G1 X88.461 Y112.81 E.05376
G1 X87.301 Y111.725 E.05376
G1 X86.796 Y110 E.06084
G1 X86.796 Y90 E.67698
G1 X87.19 Y88.461 E.05376
G1 X88.275 Y87.301 E.05376
G1 X90 Y86.796 E.06084
G1 X110 Y86.796 E.67698
G1 X111.539 Y87.19 E.05376
G1 X112.699 Y88.275 E.05376
G1 X113.204 Y90 E.06084
G1 X113.204 Y110 E.67698
G1 X112.81 Y111.539 E.05376
G1 X111.725 Y112.699 E.05376
G1 X110 Y113.204 E.06084
G1 X104.93 Y113.204 E.1716
; printing object 20mmbox-LF.stl id:0 copy 0
M204 S10000
G1 E-.8 F1800
G1 X109.325 Y109.325 Z6.2 F7200
G1 Z5.8
G1 E.8 F1800
M204 S1500
;TYPE:Inner wall
G1 F1473.913
G1 X90.675 Y109.325 E.63128
G1 X90.675 Y90.675 E.63128
G1 X109.325 Y90.675 E.63128
G1 X109.325 Y109.285 E.62993
M204 S10000
G1 X109.775 Y109.775 F7200
M204 S500
;TYPE:Outer wall
G1 F1473.913
G1 X90.225 Y109.775 E.66174
G1 X90.225 Y90.225 E.66174
G1 X109.775 Y90.225 E.66174
G1 X109.775 Y109.735 E.66039
M204 S10000
G1 E-.8 F1800
M73 P29 R30
G1 X104.85 Y108.979 Z6.2 F7200
G1 Z5.8
G1 E.8 F1800
M204 S500
;TYPE:Sparse infill
G1 F1473.913
G1 X103.222 Y108.979 E.05512
G1 X91.021 Y96.778 E.58405
G1 X91.021 Y97.465 E.02326
G1 X97.465 Y91.021 E.30847
G1 X96.778 Y91.021 E.02326
G1 X108.979 Y103.222 E.58405
G1 X108.979 Y102.535 E.02326
G1 X102.535 Y108.979 E.30847
G1 X97.465 Y108.979 E.17161
G1 X91.021 Y102.535 E.30847
G1 X91.021 Y103.222 E.02326
G1 X103.222 Y91.021 E.58405
G1 X102.535 Y91.021 E.02326
G1 X108.979 Y97.465 E.30847
G1 X108.979 Y96.778 E.02326
G1 X96.778 Y108.979 E.58405
G1 X91.708 Y108.979 E.17161
G1 X91.021 Y108.292 E.03289
G1 X91.021 Y108.979 E.02326
G1 X108.979 Y91.021 E.85964
G1 X108.292 Y91.021 E.02326
G1 X108.979 Y91.708 E.03289
G1 X108.979 Y93.336 E.05512
M204 S10000
G1 E-.8 F1800
G1 X101.429 Y92.219 Z6.2 F7200
G1 X93.336 Y91.021 Z6.2
G1 Z5.8
G1 E.8 F1800
M204 S500
G1 F1473.913
G1 X91.708 Y91.021 E.05512
G1 X91.021 Y91.708 E.03289
G1 X91.021 Y91.021 E.02326
G1 X108.979 Y108.979 E.85964
G1 X108.292 Y108.979 E.02326
G1 X108.979 Y108.292 E.03289
G1 X108.979 Y106.664 E.05512
; stop printing object 20mmbox-LF.stl id:0 copy 0
;LAYER_CHANGE
;Z:6
;HEIGHT:0.2
G92 E0
;_SET_FAN_SPEED_CHANGING_LAYER
M204 S10000
G1 E-.8 F1800
G1 X113.611 Y106.664 Z6.4 F7200
G1 Z6
G1 E.8 F1800
M204 S500
;TYPE:Skirt
G1 F1473.913
G1 X113.611 Y110 E.11293
G1 X113.216 Y111.641 E.05713
G1 X112.119 Y112.923 E.05713
G1 X110 Y113.611 E.0754
G1 X90 Y113.611 E.67698
G1 X88.359 Y113.216 E.05713
G1 X87.077 Y112.119 E.05713
G1 X86.389 Y110 E.0754
G1 X86.389 Y90 E.67698
G1 X86.784 Y88.359 E.05713
M73 P30 R30
G1 X87.881 Y87.077 E.05713
G1 X90 Y86.389 E.0754
G1 X110 Y86.389 E.67698
G1 X111.641 Y86.784 E.05713
G1 X112.923 Y87.881 E.05713
G1 X113.611 Y90 E.0754
G1 X113.611 Y106.624 E.56269
M204 S10000
G1 X113.611 Y106.624 F7200
G1 X113.611 Y110
G1 X113.216 Y111.641
G1 X113.204 Y106.624
M204 S500
G1 F1473.913
G1 X113.204 Y110 E.11429
G1 X112.81 Y111.539 E.05376
G1 X111.725 Y112.699 E.05376
G1 X110 Y113.204 E.06084
G1 X90 Y113.204 E.67698
G1 X88.461 Y112.81 E.05376
G1 X87.301 Y111.725 E.05376
G1 X86.796 Y110 E.06084
G1 X86.796 Y90 E.67698
G1 X87.19 Y88.461 E.05376
G1 X88.275 Y87.301 E.05376
G1 X90 Y86.796 E.06084
G1 X110 Y86.796 E.67698
G1 X111.539 Y87.19 E.05376
G1 X112.699 Y88.275 E.05376
G1 X113.204 Y90 E.06084
G1 X113.204 Y106.584 E.56134
; printing object 20mmbox-LF.stl id:0 copy 0
M204 S10000
G1 E-.8 F1800
G1 X109.325 Y109.325 Z6.4 F7200
G1 Z6
G1 E.8 F1800
M204 S1500
;TYPE:Inner wall
G1 F1473.913
G1 X90.675 Y109.325 E.63128
G1 X90.675 Y90.675 E.63128
G1 X109.325 Y90.675 E.63128
G1 X109.325 Y109.285 E.62993
M204 S10000
G1 X109.775 Y109.775 F7200
M204 S500
;TYPE:Outer wall
G1 F1473.913
G1 X90.225 Y109.775 E.66174
G1 X90.225 Y90.225 E.66174
G1 X109.775 Y90.225 E.66174
G1 X109.775 Y109.735 E.66039
M204 S10000
G1 E-.8 F1800
G1 X108.979 Y106.664 Z6.4 F7200
G1 Z6
G1 E.8 F1800
M204 S500
;TYPE:Sparse infill
G1 F1473.913
G1 X108.979 Y108.292 E.05512
G1 X108.292 Y108.979 E.03289
G1 X108.979 Y108.979 E.02326
G1 X91.021 Y91.021 E.85964
G1 X91.021 Y91.708 E.02326
G1 X91.708 Y91.021 E.03289
G1 X93.336 Y91.021 E.05512
M204 S10000
G1 E-.8 F1800
G1 X100.887 Y92.139 Z6.4 F7200
G1 X108.979 Y93.336 Z6.4
G1 Z6
G1 E.8 F1800
M204 S500
G1 F1473.913
G1 X108.979 Y91.708 E.05512
G1 X108.292 Y91.021 E.03289
G1 X108.979 Y91.021 E.02326
G1 X91.021 Y108.979 E.85964
G1 X91.021 Y108.292 E.02326
G1 X91.708 Y108.979 E.03289
G1 X96.778 Y108.979 E.17161
G1 X108.979 Y96.778 E.58405
G1 X108.979 Y97.465 E.02326
G1 X102.535 Y91.021 E.30847
G1 X103.222 Y91.021 E.02326
G1 X91.021 Y103.222 E.58405
G1 X91.021 Y102.535 E.02326
G1 X97.465 Y108.979 E.30847
G1 X102.535 Y108.979 E.17161
G1 X108.979 Y102.535 E.30847
G1 X108.979 Y103.222 E.02326
G1 X96.778 Y91.021 E.58405
G1 X97.465 Y91.021 E.02326
G1 X91.021 Y97.465 E.30847
G1 X91.021 Y96.778 E.02326
G1 X103.222 Y108.979 E.58405
G1 X104.85 Y108.979 E.05512
; stop printing object 20mmbox-LF.stl id:0 copy 0
;LAYER_CHANGE
;Z:6.2
;HEIGHT:0.2
G92 E0
;_SET_FAN_SPEED_CHANGING_LAYER
M204 S10000
G1 E-.8 F1800
G1 X104.85 Y113.611 Z6.6 F7200
G1 Z6.2
G1 E.8 F1800
M204 S500
;TYPE:Skirt
G1 F1473.913
G1 X90 Y113.611 E.50267
G1 X88.359 Y113.216 E.05713
G1 X87.077 Y112.119 E.05713
G1 X86.389 Y110 E.0754
G1 X86.389 Y90 E.67698
G1 X86.784 Y88.359 E.05713
G1 X87.881 Y87.077 E.05713
G1 X90 Y86.389 E.0754
G1 X110 Y86.389 E.67698
G1 X111.641 Y86.784 E.05713
G1 X112.923 Y87.881 E.05713
G1 X113.611 Y90 E.0754
G1 X113.611 Y110 E.67698
G1 X113.216 Y111.641 E.05713
G1 X112.119 Y112.923 E.05713
G1 X110 Y113.611 E.0754
G1 X104.89 Y113.611 E.17296
M204 S10000
G1 X104.89 Y113.611 F7200
G1 X90 Y113.611
G1 X104.89 Y113.204
M204 S500
G1 F1473.913
M73 P31 R30
G1 X90 Y113.204 E.50402
G1 X88.461 Y112.81 E.05376
G1 X87.301 Y111.725 E.05376
G1 X86.796 Y110 E.06084
G1 X86.796 Y90 E.67698
G1 X87.19 Y88.461 E.05376
G1 X88.275 Y87.301 E.05376
G1 X90 Y86.796 E.06084
G1 X110 Y86.796 E.67698
G1 X111.539 Y87.19 E.05376
G1 X112.699 Y88.275 E.05376
G1 X113.204 Y90 E.06084
G1 X113.204 Y110 E.67698
G1 X112.81 Y111.539 E.05376
G1 X111.725 Y112.699 E.05376
G1 X110 Y113.204 E.06084
G1 X104.93 Y113.204 E.1716
; printing object 20mmbox-LF.stl id:0 copy 0
M204 S10000
G1 E-.8 F1800
G1 X109.325 Y109.325 Z6.6 F7200
G1 Z6.2
G1 E.8 F1800
M204 S1500
;TYPE:Inner wall
G1 F1473.913
G1 X90.675 Y109.325 E.63128
G1 X90.675 Y90.675 E.63128
G1 X109.325 Y90.675 E.63128
G1 X109.325 Y109.285 E.62993
M204 S10000
G1 X109.775 Y109.775 F7200
M204 S500
;TYPE:Outer wall
G1 F1473.913
G1 X90.225 Y109.775 E.66174
G1 X90.225 Y90.225 E.66174
G1 X109.775 Y90.225 E.66174
G1 X109.775 Y109.735 E.66039
M204 S10000
G1 E-.8 F1800
G1 X104.85 Y108.979 Z6.6 F7200
G1 Z6.2
G1 E.8 F1800
M204 S500
;TYPE:Sparse infill
G1 F1473.913
G1 X103.222 Y108.979 E.05512
G1 X91.021 Y96.778 E.58405
G1 X91.021 Y97.465 E.02326
G1 X97.465 Y91.021 E.30847
G1 X96.778 Y91.021 E.02326
G1 X108.979 Y103.222 E.58405
G1 X108.979 Y102.535 E.02326
G1 X102.535 Y108.979 E.30847
G1 X97.465 Y108.979 E.17161
G1 X91.021 Y102.535 E.30847
G1 X91.021 Y103.222 E.02326
G1 X103.222 Y91.021 E.58405
G1 X102.535 Y91.021 E.02326
G1 X108.979 Y97.465 E.30847
G1 X108.979 Y96.778 E.02326
G1 X96.778 Y108.979 E.58405
G1 X91.708 Y108.979 E.17161
G1 X91.021 Y108.292 E.03289
G1 X91.021 Y108.979 E.02326
G1 X108.979 Y91.021 E.85964
G1 X108.292 Y91.021 E.02326
G1 X108.979 Y91.708 E.03289
G1 X108.979 Y93.336 E.05512
M204 S10000
G1 E-.8 F1800
G1 X101.429 Y92.219 Z6.6 F7200
G1 X93.336 Y91.021 Z6.6
G1 Z6.2
G1 E.8 F1800
M204 S500
G1 F1473.913
G1 X91.708 Y91.021 E.05512
G1 X91.021 Y91.708 E.03289
G1 X91.021 Y91.021 E.02326
G1 X108.979 Y108.979 E.85964
G1 X108.292 Y108.979 E.02326
G1 X108.979 Y108.292 E.03289
G1 X108.979 Y106.664 E.05512
; stop printing object 20mmbox-LF.stl id:0 copy 0
;LAYER_CHANGE
;Z:6.4
;HEIGHT:0.2
G92 E0
;_SET_FAN_SPEED_CHANGING_LAYER
M204 S10000
G1 E-.8 F1800
G1 X113.611 Y106.664 Z6.8 F7200
G1 Z6.4
G1 E.8 F1800
M204 S500
;TYPE:Skirt
G1 F1473.913
G1 X113.611 Y110 E.11293
G1 X113.216 Y111.641 E.05713
G1 X112.119 Y112.923 E.05713
G1 X110 Y113.611 E.0754
G1 X90 Y113.611 E.67698
G1 X88.359 Y113.216 E.05713
G1 X87.077 Y112.119 E.05713
G1 X86.389 Y110 E.0754
G1 X86.389 Y90 E.67698
G1 X86.784 Y88.359 E.05713
G1 X87.881 Y87.077 E.05713
G1 X90 Y86.389 E.0754
M73 P31 R29
G1 X110 Y86.389 E.67698
G1 X111.641 Y86.784 E.05713
G1 X112.923 Y87.881 E.05713
G1 X113.611 Y90 E.0754
G1 X113.611 Y106.624 E.56269
M204 S10000
G1 X113.611 Y106.624 F7200
G1 X113.611 Y110
G1 X113.216 Y111.641
G1 X113.204 Y106.624
M204 S500
G1 F1473.913
G1 X113.204 Y110 E.11429
G1 X112.81 Y111.539 E.05376
G1 X111.725 Y112.699 E.05376
G1 X110 Y113.204 E.06084
G1 X90 Y113.204 E.67698
G1 X88.461 Y112.81 E.05376
G1 X87.301 Y111.725 E.05376
G1 X86.796 Y110 E.06084
G1 X86.796 Y90 E.67698
G1 X87.19 Y88.461 E.05376
M73 P32 R29
G1 X88.275 Y87.301 E.05376
G1 X90 Y86.796 E.06084
G1 X110 Y86.796 E.67698
G1 X111.539 Y87.19 E.05376
G1 X112.699 Y88.275 E.05376
G1 X113.204 Y90 E.06084
G1 X113.204 Y106.584 E.56134
; printing object 20mmbox-LF.stl id:0 copy 0
M204 S10000
G1 E-.8 F1800
G1 X109.325 Y109.325 Z6.8 F7200
G1 Z6.4
G1 E.8 F1800
M204 S1500
;TYPE:Inner wall
G1 F1473.913
G1 X90.675 Y109.325 E.63128
G1 X90.675 Y90.675 E.63128
G1 X109.325 Y90.675 E.63128
G1 X109.325 Y109.285 E.62993
M204 S10000
G1 X109.775 Y109.775 F7200
M204 S500
;TYPE:Outer wall
G1 F1473.913
G1 X90.225 Y109.775 E.66174
G1 X90.225 Y90.225 E.66174
G1 X109.775 Y90.225 E.66174
G1 X109.775 Y109.735 E.66039
M204 S10000
G1 E-.8 F1800
G1 X108.979 Y106.664 Z6.8 F7200
G1 Z6.4
G1 E.8 F1800
M204 S500
;TYPE:Sparse infill
G1 F1473.913
G1 X108.979 Y108.292 E.05512
G1 X108.292 Y108.979 E.03289
G1 X108.979 Y108.979 E.02326
G1 X91.021 Y91.021 E.85964
G1 X91.021 Y91.708 E.02326
G1 X91.708 Y91.021 E.03289
G1 X93.336 Y91.021 E.05512
M204 S10000
G1 E-.8 F1800
G1 X100.887 Y92.139 Z6.8 F7200
G1 X108.979 Y93.336 Z6.8
G1 Z6.4
G1 E.8 F1800
M204 S500
G1 F1473.913
G1 X108.979 Y91.708 E.05512
G1 X108.292 Y91.021 E.03289
G1 X108.979 Y91.021 E.02326
G1 X91.021 Y108.979 E.85964
G1 X91.021 Y108.292 E.02326
G1 X91.708 Y108.979 E.03289
G1 X96.778 Y108.979 E.17161
G1 X108.979 Y96.778 E.58405
G1 X108.979 Y97.465 E.02326
G1 X102.535 Y91.021 E.30847
G1 X103.222 Y91.021 E.02326
G1 X91.021 Y103.222 E.58405
G1 X91.021 Y102.535 E.02326
G1 X97.465 Y108.979 E.30847
G1 X102.535 Y108.979 E.17161
G1 X108.979 Y102.535 E.30847
G1 X108.979 Y103.222 E.02326
G1 X96.778 Y91.021 E.58405
G1 X97.465 Y91.021 E.02326
G1 X91.021 Y97.465 E.30847
G1 X91.021 Y96.778 E.02326
G1 X103.222 Y108.979 E.58405
G1 X104.85 Y108.979 E.05512
; stop printing object 20mmbox-LF.stl id:0 copy 0
;LAYER_CHANGE
;Z:6.6
;HEIGHT:0.2
G92 E0
;_SET_FAN_SPEED_CHANGING_LAYER
M204 S10000
G1 E-.8 F1800
G1 X104.85 Y113.611 Z7 F7200
G1 Z6.6
G1 E.8 F1800
M204 S500
;TYPE:Skirt
G1 F1473.913
G1 X90 Y113.611 E.50267
G1 X88.359 Y113.216 E.05713
G1 X87.077 Y112.119 E.05713
G1 X86.389 Y110 E.0754
G1 X86.389 Y90 E.67698
G1 X86.784 Y88.359 E.05713
G1 X87.881 Y87.077 E.05713
G1 X90 Y86.389 E.0754
G1 X110 Y86.389 E.67698
G1 X111.641 Y86.784 E.05713
G1 X112.923 Y87.881 E.05713
G1 X113.611 Y90 E.0754
G1 X113.611 Y110 E.67698
G1 X113.216 Y111.641 E.05713
G1 X112.119 Y112.923 E.05713
G1 X110 Y113.611 E.0754
G1 X104.89 Y113.611 E.17296
M204 S10000
G1 X104.89 Y113.611 F7200
G1 X90 Y113.611
G1 X104.89 Y113.204
M204 S500
G1 F1473.913
G1 X90 Y113.204 E.50402
G1 X88.461 Y112.81 E.05376
G1 X87.301 Y111.725 E.05376
G1 X86.796 Y110 E.06084
G1 X86.796 Y90 E.67698
G1 X87.19 Y88.461 E.05376
G1 X88.275 Y87.301 E.05376
G1 X90 Y86.796 E.06084
G1 X110 Y86.796 E.67698
G1 X111.539 Y87.19 E.05376
G1 X112.699 Y88.275 E.05376
G1 X113.204 Y90 E.06084
G1 X113.204 Y110 E.67698
G1 X112.81 Y111.539 E.05376
G1 X111.725 Y112.699 E.05376
G1 X110 Y113.204 E.06084
G1 X104.93 Y113.204 E.1716
; printing object 20mmbox-LF.stl id:0 copy 0
M204 S10000
G1 E-.8 F1800
M73 P33 R29
G1 X109.325 Y109.325 Z7 F7200
G1 Z6.6
G1 E.8 F1800
M204 S1500
;TYPE:Inner wall
G1 F1473.913
G1 X90.675 Y109.325 E.63128
G1 X90.675 Y90.675 E.63128
G1 X109.325 Y90.675 E.63128
G1 X109.325 Y109.285 E.62993
M204 S10000
G1 X109.775 Y109.775 F7200
M204 S500
;TYPE:Outer wall
G1 F1473.913
G1 X90.225 Y109.775 E.66174
G1 X90.225 Y90.225 E.66174
G1 X109.775 Y90.225 E.66174
G1 X109.775 Y109.735 E.66039
M204 S10000
G1 E-.8 F1800
G1 X104.85 Y108.979 Z7 F7200
G1 Z6.6
G1 E.8 F1800
M204 S500
;TYPE:Sparse infill
G1 F1473.913
G1 X103.222 Y108.979 E.05512
G1 X91.021 Y96.778 E.58405
G1 X91.021 Y97.465 E.02326
G1 X97.465 Y91.021 E.30847
G1 X96.778 Y91.021 E.02326
G1 X108.979 Y103.222 E.58405
G1 X108.979 Y102.535 E.02326
G1 X102.535 Y108.979 E.30847
G1 X97.465 Y108.979 E.17161
G1 X91.021 Y102.535 E.30847
G1 X91.021 Y103.222 E.02326
G1 X103.222 Y91.021 E.58405
G1 X102.535 Y91.021 E.02326
G1 X108.979 Y97.465 E.30847
G1 X108.979 Y96.778 E.02326
G1 X96.778 Y108.979 E.58405
G1 X91.708 Y108.979 E.17161
G1 X91.021 Y108.292 E.03289
G1 X91.021 Y108.979 E.02326
G1 X108.979 Y91.021 E.85964
G1 X108.292 Y91.021 E.02326
G1 X108.979 Y91.708 E.03289
G1 X108.979 Y93.336 E.05512
M204 S10000
G1 E-.8 F1800
G1 X101.429 Y92.219 Z7 F7200
G1 X93.336 Y91.021 Z7
G1 Z6.6
G1 E.8 F1800
M204 S500
G1 F1473.913
G1 X91.708 Y91.021 E.05512
G1 X91.021 Y91.708 E.03289
G1 X91.021 Y91.021 E.02326
G1 X108.979 Y108.979 E.85964
G1 X108.292 Y108.979 E.02326
G1 X108.979 Y108.292 E.03289
G1 X108.979 Y106.664 E.05512
; stop printing object 20mmbox-LF.stl id:0 copy 0
;LAYER_CHANGE
;Z:6.8
;HEIGHT:0.2
G92 E0
;_SET_FAN_SPEED_CHANGING_LAYER
M204 S10000
G1 E-.8 F1800
G1 X113.611 Y106.664 Z7.2 F7200
G1 Z6.8
G1 E.8 F1800
M204 S500
;TYPE:Skirt
G1 F1473.913
G1 X113.611 Y110 E.11293
G1 X113.216 Y111.641 E.05713
G1 X112.119 Y112.923 E.05713
G1 X110 Y113.611 E.0754
G1 X90 Y113.611 E.67698
G1 X88.359 Y113.216 E.05713
G1 X87.077 Y112.119 E.05713
G1 X86.389 Y110 E.0754
G1 X86.389 Y90 E.67698
G1 X86.784 Y88.359 E.05713
G1 X87.881 Y87.077 E.05713
G1 X90 Y86.389 E.0754
G1 X110 Y86.389 E.67698
G1 X111.641 Y86.784 E.05713
G1 X112.923 Y87.881 E.05713
G1 X113.611 Y90 E.0754
G1 X113.611 Y106.624 E.56269
M204 S10000
G1 X113.611 Y106.624 F7200
G1 X113.611 Y110
G1 X113.216 Y111.641
G1 X113.204 Y106.624
M204 S500
G1 F1473.913
G1 X113.204 Y110 E.11429
G1 X112.81 Y111.539 E.05376
G1 X111.725 Y112.699 E.05376
G1 X110 Y113.204 E.06084
G1 X90 Y113.204 E.67698
G1 X88.461 Y112.81 E.05376
G1 X87.301 Y111.725 E.05376
G1 X86.796 Y110 E.06084
G1 X86.796 Y90 E.67698
G1 X87.19 Y88.461 E.05376
G1 X88.275 Y87.301 E.05376
G1 X90 Y86.796 E.06084
G1 X110 Y86.796 E.67698
G1 X111.539 Y87.19 E.05376
G1 X112.699 Y88.275 E.05376
G1 X113.204 Y90 E.06084
G1 X113.204 Y106.584 E.56134
; printing object 20mmbox-LF.stl id:0 copy 0
M204 S10000
G1 E-.8 F1800
G1 X109.325 Y109.325 Z7.2 F7200
G1 Z6.8
G1 E.8 F1800
M204 S1500
;TYPE:Inner wall
G1 F1473.913
G1 X90.675 Y109.325 E.63128
G1 X90.675 Y90.675 E.63128
G1 X109.325 Y90.675 E.63128
G1 X109.325 Y109.285 E.62993
M73 P34 R29
M204 S10000
G1 X109.775 Y109.775 F7200
M204 S500
;TYPE:Outer wall
G1 F1473.913
G1 X90.225 Y109.775 E.66174
G1 X90.225 Y90.225 E.66174
G1 X109.775 Y90.225 E.66174
G1 X109.775 Y109.735 E.66039
M73 P34 R28
M204 S10000
G1 E-.8 F1800
G1 X108.979 Y106.664 Z7.2 F7200
G1 Z6.8
G1 E.8 F1800
M204 S500
;TYPE:Sparse infill
G1 F1473.913
G1 X108.979 Y108.292 E.05512
G1 X108.292 Y108.979 E.03289
G1 X108.979 Y108.979 E.02326
G1 X91.021 Y91.021 E.85964
G1 X91.021 Y91.708 E.02326
G1 X91.708 Y91.021 E.03289
G1 X93.336 Y91.021 E.05512
M204 S10000
G1 E-.8 F1800
G1 X100.887 Y92.139 Z7.2 F7200
G1 X108.979 Y93.336 Z7.2
G1 Z6.8
G1 E.8 F1800
M204 S500
G1 F1473.913
G1 X108.979 Y91.708 E.05512
G1 X108.292 Y91.021 E.03289
G1 X108.979 Y91.021 E.02326
G1 X91.021 Y108.979 E.85964
G1 X91.021 Y108.292 E.02326
G1 X91.708 Y108.979 E.03289
G1 X96.778 Y108.979 E.17161
G1 X108.979 Y96.778 E.58405
G1 X108.979 Y97.465 E.02326
G1 X102.535 Y91.021 E.30847
G1 X103.222 Y91.021 E.02326
G1 X91.021 Y103.222 E.58405
G1 X91.021 Y102.535 E.02326
G1 X97.465 Y108.979 E.30847
G1 X102.535 Y108.979 E.17161
G1 X108.979 Y102.535 E.30847
G1 X108.979 Y103.222 E.02326
G1 X96.778 Y91.021 E.58405
G1 X97.465 Y91.021 E.02326
G1 X91.021 Y97.465 E.30847
G1 X91.021 Y96.778 E.02326
G1 X103.222 Y108.979 E.58405
G1 X104.85 Y108.979 E.05512
; stop printing object 20mmbox-LF.stl id:0 copy 0
;LAYER_CHANGE
;Z:7
;HEIGHT:0.2
G92 E0
;_SET_FAN_SPEED_CHANGING_LAYER
M204 S10000
G1 E-.8 F1800
G1 X104.85 Y113.611 Z7.4 F7200
G1 Z7
G1 E.8 F1800
M204 S500
;TYPE:Skirt
G1 F1473.913
G1 X90 Y113.611 E.50267
G1 X88.359 Y113.216 E.05713
G1 X87.077 Y112.119 E.05713
G1 X86.389 Y110 E.0754
G1 X86.389 Y90 E.67698
G1 X86.784 Y88.359 E.05713
G1 X87.881 Y87.077 E.05713
G1 X90 Y86.389 E.0754
G1 X110 Y86.389 E.67698
G1 X111.641 Y86.784 E.05713
G1 X112.923 Y87.881 E.05713
G1 X113.611 Y90 E.0754
G1 X113.611 Y110 E.67698
G1 X113.216 Y111.641 E.05713
G1 X112.119 Y112.923 E.05713
G1 X110 Y113.611 E.0754
G1 X104.89 Y113.611 E.17296
M204 S10000
G1 X104.89 Y113.611 F7200
G1 X90 Y113.611
G1 X104.89 Y113.204
M204 S500
G1 F1473.913
G1 X90 Y113.204 E.50402
G1 X88.461 Y112.81 E.05376
G1 X87.301 Y111.725 E.05376
G1 X86.796 Y110 E.06084
G1 X86.796 Y90 E.67698
G1 X87.19 Y88.461 E.05376
G1 X88.275 Y87.301 E.05376
G1 X90 Y86.796 E.06084
G1 X110 Y86.796 E.67698
G1 X111.539 Y87.19 E.05376
G1 X112.699 Y88.275 E.05376
G1 X113.204 Y90 E.06084
G1 X113.204 Y110 E.67698
G1 X112.81 Y111.539 E.05376
G1 X111.725 Y112.699 E.05376
G1 X110 Y113.204 E.06084
G1 X104.93 Y113.204 E.1716
; printing object 20mmbox-LF.stl id:0 copy 0
M204 S10000
G1 E-.8 F1800
G1 X109.325 Y109.325 Z7.4 F7200
G1 Z7
G1 E.8 F1800
M204 S1500
;TYPE:Inner wall
G1 F1473.913
G1 X90.675 Y109.325 E.63128
G1 X90.675 Y90.675 E.63128
G1 X109.325 Y90.675 E.63128
G1 X109.325 Y109.285 E.62993
M204 S10000
G1 X109.775 Y109.775 F7200
M204 S500
;TYPE:Outer wall
G1 F1473.913
G1 X90.225 Y109.775 E.66174
G1 X90.225 Y90.225 E.66174
G1 X109.775 Y90.225 E.66174
M73 P35 R28
G1 X109.775 Y109.735 E.66039
M204 S10000
G1 E-.8 F1800
G1 X104.85 Y108.979 Z7.4 F7200
G1 Z7
G1 E.8 F1800
M204 S500
;TYPE:Sparse infill
G1 F1473.913
G1 X103.222 Y108.979 E.05512
G1 X91.021 Y96.778 E.58405
G1 X91.021 Y97.465 E.02326
G1 X97.465 Y91.021 E.30847
G1 X96.778 Y91.021 E.02326
G1 X108.979 Y103.222 E.58405
G1 X108.979 Y102.535 E.02326
G1 X102.535 Y108.979 E.30847
G1 X97.465 Y108.979 E.17161
G1 X91.021 Y102.535 E.30847
G1 X91.021 Y103.222 E.02326
G1 X103.222 Y91.021 E.58405
G1 X102.535 Y91.021 E.02326
G1 X108.979 Y97.465 E.30847
G1 X108.979 Y96.778 E.02326
G1 X96.778 Y108.979 E.58405
G1 X91.708 Y108.979 E.17161
G1 X91.021 Y108.292 E.03289
G1 X91.021 Y108.979 E.02326
G1 X108.979 Y91.021 E.85964
G1 X108.292 Y91.021 E.02326
G1 X108.979 Y91.708 E.03289
G1 X108.979 Y93.336 E.05512
M204 S10000
G1 E-.8 F1800
G1 X101.429 Y92.219 Z7.4 F7200
G1 X93.336 Y91.021 Z7.4
G1 Z7
G1 E.8 F1800
M204 S500
G1 F1473.913
G1 X91.708 Y91.021 E.05512
G1 X91.021 Y91.708 E.03289
G1 X91.021 Y91.021 E.02326
G1 X108.979 Y108.979 E.85964
G1 X108.292 Y108.979 E.02326
G1 X108.979 Y108.292 E.03289
G1 X108.979 Y106.664 E.05512
; stop printing object 20mmbox-LF.stl id:0 copy 0
;LAYER_CHANGE
;Z:7.2
;HEIGHT:0.2
G92 E0
;_SET_FAN_SPEED_CHANGING_LAYER
M204 S10000
G1 E-.8 F1800
G1 X113.611 Y106.664 Z7.6 F7200
G1 Z7.2
G1 E.8 F1800
M204 S500
;TYPE:Skirt
G1 F1473.913
G1 X113.611 Y110 E.11293
G1 X113.216 Y111.641 E.05713
G1 X112.119 Y112.923 E.05713
G1 X110 Y113.611 E.0754
G1 X90 Y113.611 E.67698
G1 X88.359 Y113.216 E.05713
G1 X87.077 Y112.119 E.05713
G1 X86.389 Y110 E.0754
G1 X86.389 Y90 E.67698
G1 X86.784 Y88.359 E.05713
G1 X87.881 Y87.077 E.05713
G1 X90 Y86.389 E.0754
G1 X110 Y86.389 E.67698
G1 X111.641 Y86.784 E.05713
G1 X112.923 Y87.881 E.05713
G1 X113.611 Y90 E.0754
G1 X113.611 Y106.624 E.56269
M204 S10000
G1 X113.611 Y106.624 F7200
G1 X113.611 Y110
G1 X113.216 Y111.641
G1 X113.204 Y106.624
M204 S500
G1 F1473.913
G1 X113.204 Y110 E.11429
G1 X112.81 Y111.539 E.05376
G1 X111.725 Y112.699 E.05376
G1 X110 Y113.204 E.06084
G1 X90 Y113.204 E.67698
G1 X88.461 Y112.81 E.05376
G1 X87.301 Y111.725 E.05376
G1 X86.796 Y110 E.06084
G1 X86.796 Y90 E.67698
G1 X87.19 Y88.461 E.05376
G1 X88.275 Y87.301 E.05376
G1 X90 Y86.796 E.06084
G1 X110 Y86.796 E.67698
G1 X111.539 Y87.19 E.05376
G1 X112.699 Y88.275 E.05376
G1 X113.204 Y90 E.06084
G1 X113.204 Y106.584 E.56134
; printing object 20mmbox-LF.stl id:0 copy 0
M204 S10000
G1 E-.8 F1800
G1 X109.325 Y109.325 Z7.6 F7200
G1 Z7.2
G1 E.8 F1800
M204 S1500
;TYPE:Inner wall
G1 F1473.913
G1 X90.675 Y109.325 E.63128
G1 X90.675 Y90.675 E.63128
G1 X109.325 Y90.675 E.63128
G1 X109.325 Y109.285 E.62993
M204 S10000
G1 X109.775 Y109.775 F7200
M204 S500
;TYPE:Outer wall
G1 F1473.913
G1 X90.225 Y109.775 E.66174
G1 X90.225 Y90.225 E.66174
G1 X109.775 Y90.225 E.66174
G1 X109.775 Y109.735 E.66039
M204 S10000
G1 E-.8 F1800
M73 P36 R28
G1 X108.979 Y106.664 Z7.6 F7200
G1 Z7.2
G1 E.8 F1800
M204 S500
;TYPE:Sparse infill
G1 F1473.913
G1 X108.979 Y108.292 E.05512
G1 X108.292 Y108.979 E.03289
G1 X108.979 Y108.979 E.02326
G1 X91.021 Y91.021 E.85964
G1 X91.021 Y91.708 E.02326
G1 X91.708 Y91.021 E.03289
G1 X93.336 Y91.021 E.05512
M204 S10000
G1 E-.8 F1800
G1 X100.887 Y92.139 Z7.6 F7200
G1 X108.979 Y93.336 Z7.6
G1 Z7.2
G1 E.8 F1800
M204 S500
G1 F1473.913
G1 X108.979 Y91.708 E.05512
G1 X108.292 Y91.021 E.03289
G1 X108.979 Y91.021 E.02326
G1 X91.021 Y108.979 E.85964
G1 X91.021 Y108.292 E.02326
G1 X91.708 Y108.979 E.03289
G1 X96.778 Y108.979 E.17161
G1 X108.979 Y96.778 E.58405
G1 X108.979 Y97.465 E.02326
G1 X102.535 Y91.021 E.30847
G1 X103.222 Y91.021 E.02326
G1 X91.021 Y103.222 E.58405
G1 X91.021 Y102.535 E.02326
G1 X97.465 Y108.979 E.30847
G1 X102.535 Y108.979 E.17161
G1 X108.979 Y102.535 E.30847
G1 X108.979 Y103.222 E.02326
G1 X96.778 Y91.021 E.58405
G1 X97.465 Y91.021 E.02326
G1 X91.021 Y97.465 E.30847
G1 X91.021 Y96.778 E.02326
G1 X103.222 Y108.979 E.58405
G1 X104.85 Y108.979 E.05512
; stop printing object 20mmbox-LF.stl id:0 copy 0
;LAYER_CHANGE
;Z:7.4
;HEIGHT:0.2
G92 E0
;_SET_FAN_SPEED_CHANGING_LAYER
M204 S10000
G1 E-.8 F1800
G1 X104.85 Y113.611 Z7.8 F7200
G1 Z7.4
G1 E.8 F1800
M204 S500
;TYPE:Skirt
G1 F1473.913
G1 X90 Y113.611 E.50267
G1 X88.359 Y113.216 E.05713
G1 X87.077 Y112.119 E.05713
G1 X86.389 Y110 E.0754
G1 X86.389 Y90 E.67698
G1 X86.784 Y88.359 E.05713
M73 P36 R27
G1 X87.881 Y87.077 E.05713
G1 X90 Y86.389 E.0754
G1 X110 Y86.389 E.67698
G1 X111.641 Y86.784 E.05713
G1 X112.923 Y87.881 E.05713
G1 X113.611 Y90 E.0754
G1 X113.611 Y110 E.67698
G1 X113.216 Y111.641 E.05713
G1 X112.119 Y112.923 E.05713
G1 X110 Y113.611 E.0754
G1 X104.89 Y113.611 E.17296
M204 S10000
G1 X104.89 Y113.611 F7200
G1 X90 Y113.611
G1 X104.89 Y113.204
M204 S500
G1 F1473.913
G1 X90 Y113.204 E.50402
G1 X88.461 Y112.81 E.05376
G1 X87.301 Y111.725 E.05376
G1 X86.796 Y110 E.06084
G1 X86.796 Y90 E.67698
G1 X87.19 Y88.461 E.05376
G1 X88.275 Y87.301 E.05376
G1 X90 Y86.796 E.06084
G1 X110 Y86.796 E.67698
G1 X111.539 Y87.19 E.05376
G1 X112.699 Y88.275 E.05376
G1 X113.204 Y90 E.06084
G1 X113.204 Y110 E.67698
G1 X112.81 Y111.539 E.05376
G1 X111.725 Y112.699 E.05376
G1 X110 Y113.204 E.06084
G1 X104.93 Y113.204 E.1716
; printing object 20mmbox-LF.stl id:0 copy 0
M204 S10000
G1 E-.8 F1800
G1 X109.325 Y109.325 Z7.8 F7200
G1 Z7.4
G1 E.8 F1800
M204 S1500
;TYPE:Inner wall
G1 F1473.913
G1 X90.675 Y109.325 E.63128
G1 X90.675 Y90.675 E.63128
G1 X109.325 Y90.675 E.63128
G1 X109.325 Y109.285 E.62993
M204 S10000
G1 X109.775 Y109.775 F7200
M204 S500
;TYPE:Outer wall
G1 F1473.913
G1 X90.225 Y109.775 E.66174
G1 X90.225 Y90.225 E.66174
G1 X109.775 Y90.225 E.66174
G1 X109.775 Y109.735 E.66039
M204 S10000
G1 E-.8 F1800
G1 X104.85 Y108.979 Z7.8 F7200
G1 Z7.4
G1 E.8 F1800
M204 S500
;TYPE:Sparse infill
G1 F1473.913
G1 X103.222 Y108.979 E.05512
G1 X91.021 Y96.778 E.58405
G1 X91.021 Y97.465 E.02326
G1 X97.465 Y91.021 E.30847
G1 X96.778 Y91.021 E.02326
G1 X108.979 Y103.222 E.58405
G1 X108.979 Y102.535 E.02326
M73 P37 R27
G1 X102.535 Y108.979 E.30847
G1 X97.465 Y108.979 E.17161
G1 X91.021 Y102.535 E.30847
G1 X91.021 Y103.222 E.02326
G1 X103.222 Y91.021 E.58405
G1 X102.535 Y91.021 E.02326
G1 X108.979 Y97.465 E.30847
G1 X108.979 Y96.778 E.02326
G1 X96.778 Y108.979 E.58405
G1 X91.708 Y108.979 E.17161
G1 X91.021 Y108.292 E.03289
G1 X91.021 Y108.979 E.02326
G1 X108.979 Y91.021 E.85964
G1 X108.292 Y91.021 E.02326
G1 X108.979 Y91.708 E.03289
G1 X108.979 Y93.336 E.05512
M204 S10000
G1 E-.8 F1800
G1 X101.429 Y92.219 Z7.8 F7200
G1 X93.336 Y91.021 Z7.8
G1 Z7.4
G1 E.8 F1800
M204 S500
G1 F1473.913
G1 X91.708 Y91.021 E.05512
G1 X91.021 Y91.708 E.03289
G1 X91.021 Y91.021 E.02326
G1 X108.979 Y108.979 E.85964
G1 X108.292 Y108.979 E.02326
G1 X108.979 Y108.292 E.03289
G1 X108.979 Y106.664 E.05512
; stop printing object 20mmbox-LF.stl id:0 copy 0
;LAYER_CHANGE
;Z:7.6
;HEIGHT:0.2
G92 E0
;_SET_FAN_SPEED_CHANGING_LAYER
M204 S10000
G1 E-.8 F1800
G1 X113.611 Y106.664 Z8 F7200
G1 Z7.6
G1 E.8 F1800
M204 S500
;TYPE:Skirt
G1 F1473.913
G1 X113.611 Y110 E.11293
G1 X113.216 Y111.641 E.05713
G1 X112.119 Y112.923 E.05713
G1 X110 Y113.611 E.0754
G1 X90 Y113.611 E.67698
G1 X88.359 Y113.216 E.05713
G1 X87.077 Y112.119 E.05713
G1 X86.389 Y110 E.0754
G1 X86.389 Y90 E.67698
G1 X86.784 Y88.359 E.05713
G1 X87.881 Y87.077 E.05713
G1 X90 Y86.389 E.0754
G1 X110 Y86.389 E.67698
G1 X111.641 Y86.784 E.05713
G1 X112.923 Y87.881 E.05713
G1 X113.611 Y90 E.0754
G1 X113.611 Y106.624 E.56269
M204 S10000
G1 X113.611 Y106.624 F7200
G1 X113.611 Y110
G1 X113.216 Y111.641
G1 X113.204 Y106.624
M204 S500
G1 F1473.913
G1 X113.204 Y110 E.11429
G1 X112.81 Y111.539 E.05376
G1 X111.725 Y112.699 E.05376
G1 X110 Y113.204 E.06084
G1 X90 Y113.204 E.67698
G1 X88.461 Y112.81 E.05376
G1 X87.301 Y111.725 E.05376
G1 X86.796 Y110 E.06084
G1 X86.796 Y90 E.67698
G1 X87.19 Y88.461 E.05376
G1 X88.275 Y87.301 E.05376
G1 X90 Y86.796 E.06084
G1 X110 Y86.796 E.67698
G1 X111.539 Y87.19 E.05376
G1 X112.699 Y88.275 E.05376
G1 X113.204 Y90 E.06084
G1 X113.204 Y106.584 E.56134
; printing object 20mmbox-LF.stl id:0 copy 0
M204 S10000
G1 E-.8 F1800
G1 X109.325 Y109.325 Z8 F7200
G1 Z7.6
G1 E.8 F1800
M204 S1500
;TYPE:Inner wall
G1 F1473.913
G1 X90.675 Y109.325 E.63128
G1 X90.675 Y90.675 E.63128
G1 X109.325 Y90.675 E.63128
G1 X109.325 Y109.285 E.62993
M204 S10000
G1 X109.775 Y109.775 F7200
M204 S500
;TYPE:Outer wall
G1 F1473.913
G1 X90.225 Y109.775 E.66174
G1 X90.225 Y90.225 E.66174
G1 X109.775 Y90.225 E.66174
G1 X109.775 Y109.735 E.66039
M204 S10000
G1 E-.8 F1800
G1 X108.979 Y106.664 Z8 F7200
G1 Z7.6
G1 E.8 F1800
M204 S500
;TYPE:Sparse infill
G1 F1473.913
G1 X108.979 Y108.292 E.05512
G1 X108.292 Y108.979 E.03289
G1 X108.979 Y108.979 E.02326
G1 X91.021 Y91.021 E.85964
G1 X91.021 Y91.708 E.02326
G1 X91.708 Y91.021 E.03289
G1 X93.336 Y91.021 E.05512
M204 S10000
G1 E-.8 F1800
G1 X100.887 Y92.139 Z8 F7200
G1 X108.979 Y93.336 Z8
G1 Z7.6
G1 E.8 F1800
M204 S500
G1 F1473.913
G1 X108.979 Y91.708 E.05512
G1 X108.292 Y91.021 E.03289
G1 X108.979 Y91.021 E.02326
G1 X91.021 Y108.979 E.85964
G1 X91.021 Y108.292 E.02326
G1 X91.708 Y108.979 E.03289
G1 X96.778 Y108.979 E.17161
G1 X108.979 Y96.778 E.58405
G1 X108.979 Y97.465 E.02326
M73 P38 R27
G1 X102.535 Y91.021 E.30847
G1 X103.222 Y91.021 E.02326
G1 X91.021 Y103.222 E.58405
G1 X91.021 Y102.535 E.02326
G1 X97.465 Y108.979 E.30847
G1 X102.535 Y108.979 E.17161
G1 X108.979 Y102.535 E.30847
G1 X108.979 Y103.222 E.02326
G1 X96.778 Y91.021 E.58405
G1 X97.465 Y91.021 E.02326
G1 X91.021 Y97.465 E.30847
G1 X91.021 Y96.778 E.02326
G1 X103.222 Y108.979 E.58405
G1 X104.85 Y108.979 E.05512
; stop printing object 20mmbox-LF.stl id:0 copy 0
;LAYER_CHANGE
;Z:7.8
;HEIGHT:0.2
G92 E0
;_SET_FAN_SPEED_CHANGING_LAYER
M204 S10000
G1 E-.8 F1800
G1 X104.85 Y113.611 Z8.2 F7200
G1 Z7.8
G1 E.8 F1800
M204 S500
;TYPE:Skirt
G1 F1473.913
G1 X90 Y113.611 E.50267
G1 X88.359 Y113.216 E.05713
G1 X87.077 Y112.119 E.05713
G1 X86.389 Y110 E.0754
G1 X86.389 Y90 E.67698
G1 X86.784 Y88.359 E.05713
G1 X87.881 Y87.077 E.05713
G1 X90 Y86.389 E.0754
G1 X110 Y86.389 E.67698
G1 X111.641 Y86.784 E.05713
G1 X112.923 Y87.881 E.05713
G1 X113.611 Y90 E.0754
G1 X113.611 Y110 E.67698
G1 X113.216 Y111.641 E.05713
G1 X112.119 Y112.923 E.05713
G1 X110 Y113.611 E.0754
G1 X104.89 Y113.611 E.17296
M204 S10000
G1 X104.89 Y113.611 F7200
G1 X90 Y113.611
G1 X104.89 Y113.204
M204 S500
G1 F1473.913
G1 X90 Y113.204 E.50402
G1 X88.461 Y112.81 E.05376
G1 X87.301 Y111.725 E.05376
G1 X86.796 Y110 E.06084
G1 X86.796 Y90 E.67698
G1 X87.19 Y88.461 E.05376
G1 X88.275 Y87.301 E.05376
G1 X90 Y86.796 E.06084
G1 X110 Y86.796 E.67698
G1 X111.539 Y87.19 E.05376
G1 X112.699 Y88.275 E.05376
G1 X113.204 Y90 E.06084
G1 X113.204 Y110 E.67698
G1 X112.81 Y111.539 E.05376
G1 X111.725 Y112.699 E.05376
G1 X110 Y113.204 E.06084
G1 X104.93 Y113.204 E.1716
; printing object 20mmbox-LF.stl id:0 copy 0
M204 S10000
G1 E-.8 F1800
G1 X109.325 Y109.325 Z8.2 F7200
G1 Z7.8
G1 E.8 F1800
M204 S1500
;TYPE:Inner wall
G1 F1473.913
G1 X90.675 Y109.325 E.63128
G1 X90.675 Y90.675 E.63128
G1 X109.325 Y90.675 E.63128
G1 X109.325 Y109.285 E.62993
M204 S10000
G1 X109.775 Y109.775 F7200
M204 S500
;TYPE:Outer wall
G1 F1473.913
G1 X90.225 Y109.775 E.66174
G1 X90.225 Y90.225 E.66174
M73 P38 R26
G1 X109.775 Y90.225 E.66174
G1 X109.775 Y109.735 E.66039
M204 S10000
G1 E-.8 F1800
G1 X104.85 Y108.979 Z8.2 F7200
G1 Z7.8
G1 E.8 F1800
M204 S500
;TYPE:Sparse infill
G1 F1473.913
G1 X103.222 Y108.979 E.05512
G1 X91.021 Y96.778 E.58405
G1 X91.021 Y97.465 E.02326
G1 X97.465 Y91.021 E.30847
G1 X96.778 Y91.021 E.02326
G1 X108.979 Y103.222 E.58405
G1 X108.979 Y102.535 E.02326
G1 X102.535 Y108.979 E.30847
G1 X97.465 Y108.979 E.17161
G1 X91.021 Y102.535 E.30847
G1 X91.021 Y103.222 E.02326
G1 X103.222 Y91.021 E.58405
G1 X102.535 Y91.021 E.02326
G1 X108.979 Y97.465 E.30847
G1 X108.979 Y96.778 E.02326
G1 X96.778 Y108.979 E.58405
G1 X91.708 Y108.979 E.17161
G1 X91.021 Y108.292 E.03289
G1 X91.021 Y108.979 E.02326
G1 X108.979 Y91.021 E.85964
G1 X108.292 Y91.021 E.02326
M73 P39 R26
G1 X108.979 Y91.708 E.03289
G1 X108.979 Y93.336 E.05512
M204 S10000
G1 E-.8 F1800
G1 X101.429 Y92.219 Z8.2 F7200
G1 X93.336 Y91.021 Z8.2
G1 Z7.8
G1 E.8 F1800
M204 S500
G1 F1473.913
G1 X91.708 Y91.021 E.05512
G1 X91.021 Y91.708 E.03289
G1 X91.021 Y91.021 E.02326
G1 X108.979 Y108.979 E.85964
G1 X108.292 Y108.979 E.02326
G1 X108.979 Y108.292 E.03289
G1 X108.979 Y106.664 E.05512
; stop printing object 20mmbox-LF.stl id:0 copy 0
;LAYER_CHANGE
;Z:8
;HEIGHT:0.2
G92 E0
;_SET_FAN_SPEED_CHANGING_LAYER
M204 S10000
G1 E-.8 F1800
G1 X113.611 Y106.664 Z8.4 F7200
G1 Z8
G1 E.8 F1800
M204 S500
;TYPE:Skirt
G1 F1473.913
G1 X113.611 Y110 E.11293
G1 X113.216 Y111.641 E.05713
G1 X112.119 Y112.923 E.05713
G1 X110 Y113.611 E.0754
G1 X90 Y113.611 E.67698
G1 X88.359 Y113.216 E.05713
G1 X87.077 Y112.119 E.05713
G1 X86.389 Y110 E.0754
G1 X86.389 Y90 E.67698
G1 X86.784 Y88.359 E.05713
G1 X87.881 Y87.077 E.05713
G1 X90 Y86.389 E.0754
G1 X110 Y86.389 E.67698
G1 X111.641 Y86.784 E.05713
G1 X112.923 Y87.881 E.05713
G1 X113.611 Y90 E.0754
G1 X113.611 Y106.624 E.56269
M204 S10000
G1 X113.611 Y106.624 F7200
G1 X113.611 Y110
G1 X113.216 Y111.641
G1 X113.204 Y106.624
M204 S500
G1 F1473.913
G1 X113.204 Y110 E.11429
G1 X112.81 Y111.539 E.05376
G1 X111.725 Y112.699 E.05376
G1 X110 Y113.204 E.06084
G1 X90 Y113.204 E.67698
G1 X88.461 Y112.81 E.05376
G1 X87.301 Y111.725 E.05376
G1 X86.796 Y110 E.06084
G1 X86.796 Y90 E.67698
G1 X87.19 Y88.461 E.05376
G1 X88.275 Y87.301 E.05376
G1 X90 Y86.796 E.06084
G1 X110 Y86.796 E.67698
G1 X111.539 Y87.19 E.05376
G1 X112.699 Y88.275 E.05376
G1 X113.204 Y90 E.06084
G1 X113.204 Y106.584 E.56134
; printing object 20mmbox-LF.stl id:0 copy 0
M204 S10000
G1 E-.8 F1800
G1 X109.325 Y109.325 Z8.4 F7200
G1 Z8
G1 E.8 F1800
M204 S1500
;TYPE:Inner wall
G1 F1473.913
G1 X90.675 Y109.325 E.63128
G1 X90.675 Y90.675 E.63128
G1 X109.325 Y90.675 E.63128
G1 X109.325 Y109.285 E.62993
M204 S10000
G1 X109.775 Y109.775 F7200
M204 S500
;TYPE:Outer wall
G1 F1473.913
G1 X90.225 Y109.775 E.66174
G1 X90.225 Y90.225 E.66174
G1 X109.775 Y90.225 E.66174
G1 X109.775 Y109.735 E.66039
M204 S10000
G1 E-.8 F1800
G1 X108.979 Y106.664 Z8.4 F7200
G1 Z8
G1 E.8 F1800
M204 S500
;TYPE:Sparse infill
G1 F1473.913
G1 X108.979 Y108.292 E.05512
G1 X108.292 Y108.979 E.03289
G1 X108.979 Y108.979 E.02326
G1 X91.021 Y91.021 E.85964
G1 X91.021 Y91.708 E.02326
G1 X91.708 Y91.021 E.03289
G1 X93.336 Y91.021 E.05512
M204 S10000
G1 E-.8 F1800
G1 X100.887 Y92.139 Z8.4 F7200
G1 X108.979 Y93.336 Z8.4
G1 Z8
G1 E.8 F1800
M204 S500
G1 F1473.913
G1 X108.979 Y91.708 E.05512
G1 X108.292 Y91.021 E.03289
G1 X108.979 Y91.021 E.02326
G1 X91.021 Y108.979 E.85964
G1 X91.021 Y108.292 E.02326
G1 X91.708 Y108.979 E.03289
G1 X96.778 Y108.979 E.17161
G1 X108.979 Y96.778 E.58405
G1 X108.979 Y97.465 E.02326
G1 X102.535 Y91.021 E.30847
G1 X103.222 Y91.021 E.02326
G1 X91.021 Y103.222 E.58405
G1 X91.021 Y102.535 E.02326
G1 X97.465 Y108.979 E.30847
G1 X102.535 Y108.979 E.17161
G1 X108.979 Y102.535 E.30847
G1 X108.979 Y103.222 E.02326
G1 X96.778 Y91.021 E.58405
G1 X97.465 Y91.021 E.02326
G1 X91.021 Y97.465 E.30847
G1 X91.021 Y96.778 E.02326
G1 X103.222 Y108.979 E.58405
G1 X104.85 Y108.979 E.05512
M73 P40 R26
; stop printing object 20mmbox-LF.stl id:0 copy 0
;LAYER_CHANGE
;Z:8.2
;HEIGHT:0.2
G92 E0
;_SET_FAN_SPEED_CHANGING_LAYER
M204 S10000
G1 E-.8 F1800
G1 X104.85 Y113.611 Z8.6 F7200
G1 Z8.2
G1 E.8 F1800
M204 S500
;TYPE:Skirt
G1 F1473.913
G1 X90 Y113.611 E.50267
G1 X88.359 Y113.216 E.05713
G1 X87.077 Y112.119 E.05713
G1 X86.389 Y110 E.0754
G1 X86.389 Y90 E.67698
G1 X86.784 Y88.359 E.05713
G1 X87.881 Y87.077 E.05713
G1 X90 Y86.389 E.0754
G1 X110 Y86.389 E.67698
G1 X111.641 Y86.784 E.05713
G1 X112.923 Y87.881 E.05713
G1 X113.611 Y90 E.0754
G1 X113.611 Y110 E.67698
G1 X113.216 Y111.641 E.05713
G1 X112.119 Y112.923 E.05713
G1 X110 Y113.611 E.0754
G1 X104.89 Y113.611 E.17296
M204 S10000
G1 X104.89 Y113.611 F7200
G1 X90 Y113.611
G1 X104.89 Y113.204
M204 S500
G1 F1473.913
G1 X90 Y113.204 E.50402
G1 X88.461 Y112.81 E.05376
G1 X87.301 Y111.725 E.05376
G1 X86.796 Y110 E.06084
G1 X86.796 Y90 E.67698
G1 X87.19 Y88.461 E.05376
G1 X88.275 Y87.301 E.05376
G1 X90 Y86.796 E.06084
G1 X110 Y86.796 E.67698
G1 X111.539 Y87.19 E.05376
G1 X112.699 Y88.275 E.05376
G1 X113.204 Y90 E.06084
G1 X113.204 Y110 E.67698
G1 X112.81 Y111.539 E.05376
G1 X111.725 Y112.699 E.05376
G1 X110 Y113.204 E.06084
G1 X104.93 Y113.204 E.1716
; printing object 20mmbox-LF.stl id:0 copy 0
M204 S10000
G1 E-.8 F1800
G1 X109.325 Y109.325 Z8.6 F7200
G1 Z8.2
G1 E.8 F1800
M204 S1500
;TYPE:Inner wall
G1 F1473.913
G1 X90.675 Y109.325 E.63128
G1 X90.675 Y90.675 E.63128
G1 X109.325 Y90.675 E.63128
G1 X109.325 Y109.285 E.62993
M204 S10000
G1 X109.775 Y109.775 F7200
M204 S500
;TYPE:Outer wall
G1 F1473.913
G1 X90.225 Y109.775 E.66174
G1 X90.225 Y90.225 E.66174
G1 X109.775 Y90.225 E.66174
G1 X109.775 Y109.735 E.66039
M204 S10000
G1 E-.8 F1800
G1 X104.85 Y108.979 Z8.6 F7200
G1 Z8.2
G1 E.8 F1800
M204 S500
;TYPE:Sparse infill
G1 F1473.913
G1 X103.222 Y108.979 E.05512
G1 X91.021 Y96.778 E.58405
G1 X91.021 Y97.465 E.02326
G1 X97.465 Y91.021 E.30847
G1 X96.778 Y91.021 E.02326
G1 X108.979 Y103.222 E.58405
G1 X108.979 Y102.535 E.02326
G1 X102.535 Y108.979 E.30847
G1 X97.465 Y108.979 E.17161
G1 X91.021 Y102.535 E.30847
G1 X91.021 Y103.222 E.02326
G1 X103.222 Y91.021 E.58405
G1 X102.535 Y91.021 E.02326
G1 X108.979 Y97.465 E.30847
G1 X108.979 Y96.778 E.02326
G1 X96.778 Y108.979 E.58405
G1 X91.708 Y108.979 E.17161
G1 X91.021 Y108.292 E.03289
G1 X91.021 Y108.979 E.02326
G1 X108.979 Y91.021 E.85964
G1 X108.292 Y91.021 E.02326
G1 X108.979 Y91.708 E.03289
G1 X108.979 Y93.336 E.05512
M204 S10000
G1 E-.8 F1800
G1 X101.429 Y92.219 Z8.6 F7200
G1 X93.336 Y91.021 Z8.6
G1 Z8.2
G1 E.8 F1800
M204 S500
G1 F1473.913
G1 X91.708 Y91.021 E.05512
G1 X91.021 Y91.708 E.03289
G1 X91.021 Y91.021 E.02326
G1 X108.979 Y108.979 E.85964
G1 X108.292 Y108.979 E.02326
G1 X108.979 Y108.292 E.03289
G1 X108.979 Y106.664 E.05512
M73 P40 R25
; stop printing object 20mmbox-LF.stl id:0 copy 0
;LAYER_CHANGE
;Z:8.4
;HEIGHT:0.2
G92 E0
;_SET_FAN_SPEED_CHANGING_LAYER
M204 S10000
G1 E-.8 F1800
G1 X113.611 Y106.664 Z8.8 F7200
G1 Z8.4
G1 E.8 F1800
M204 S500
;TYPE:Skirt
G1 F1473.913
G1 X113.611 Y110 E.11293
G1 X113.216 Y111.641 E.05713
G1 X112.119 Y112.923 E.05713
G1 X110 Y113.611 E.0754
G1 X90 Y113.611 E.67698
G1 X88.359 Y113.216 E.05713
G1 X87.077 Y112.119 E.05713
G1 X86.389 Y110 E.0754
G1 X86.389 Y90 E.67698
M73 P41 R25
G1 X86.784 Y88.359 E.05713
G1 X87.881 Y87.077 E.05713
G1 X90 Y86.389 E.0754
G1 X110 Y86.389 E.67698
G1 X111.641 Y86.784 E.05713
G1 X112.923 Y87.881 E.05713
G1 X113.611 Y90 E.0754
G1 X113.611 Y106.624 E.56269
M204 S10000
G1 X113.611 Y106.624 F7200
G1 X113.611 Y110
G1 X113.216 Y111.641
G1 X113.204 Y106.624
M204 S500
G1 F1473.913
G1 X113.204 Y110 E.11429
G1 X112.81 Y111.539 E.05376
G1 X111.725 Y112.699 E.05376
G1 X110 Y113.204 E.06084
G1 X90 Y113.204 E.67698
G1 X88.461 Y112.81 E.05376
G1 X87.301 Y111.725 E.05376
G1 X86.796 Y110 E.06084
G1 X86.796 Y90 E.67698
G1 X87.19 Y88.461 E.05376
G1 X88.275 Y87.301 E.05376
G1 X90 Y86.796 E.06084
G1 X110 Y86.796 E.67698
G1 X111.539 Y87.19 E.05376
G1 X112.699 Y88.275 E.05376
G1 X113.204 Y90 E.06084
G1 X113.204 Y106.584 E.56134
; printing object 20mmbox-LF.stl id:0 copy 0
M204 S10000
G1 E-.8 F1800
G1 X109.325 Y109.325 Z8.8 F7200
G1 Z8.4
G1 E.8 F1800
M204 S1500
;TYPE:Inner wall
G1 F1473.913
G1 X90.675 Y109.325 E.63128
G1 X90.675 Y90.675 E.63128
G1 X109.325 Y90.675 E.63128
G1 X109.325 Y109.285 E.62993
M204 S10000
G1 X109.775 Y109.775 F7200
M204 S500
;TYPE:Outer wall
G1 F1473.913
G1 X90.225 Y109.775 E.66174
G1 X90.225 Y90.225 E.66174
G1 X109.775 Y90.225 E.66174
G1 X109.775 Y109.735 E.66039
M204 S10000
G1 E-.8 F1800
G1 X108.979 Y106.664 Z8.8 F7200
G1 Z8.4
G1 E.8 F1800
M204 S500
;TYPE:Sparse infill
G1 F1473.913
G1 X108.979 Y108.292 E.05512
G1 X108.292 Y108.979 E.03289
G1 X108.979 Y108.979 E.02326
G1 X91.021 Y91.021 E.85964
G1 X91.021 Y91.708 E.02326
G1 X91.708 Y91.021 E.03289
G1 X93.336 Y91.021 E.05512
M204 S10000
G1 E-.8 F1800
G1 X100.887 Y92.139 Z8.8 F7200
G1 X108.979 Y93.336 Z8.8
G1 Z8.4
G1 E.8 F1800
M204 S500
G1 F1473.913
G1 X108.979 Y91.708 E.05512
G1 X108.292 Y91.021 E.03289
G1 X108.979 Y91.021 E.02326
G1 X91.021 Y108.979 E.85964
G1 X91.021 Y108.292 E.02326
G1 X91.708 Y108.979 E.03289
G1 X96.778 Y108.979 E.17161
G1 X108.979 Y96.778 E.58405
G1 X108.979 Y97.465 E.02326
G1 X102.535 Y91.021 E.30847
G1 X103.222 Y91.021 E.02326
G1 X91.021 Y103.222 E.58405
G1 X91.021 Y102.535 E.02326
G1 X97.465 Y108.979 E.30847
G1 X102.535 Y108.979 E.17161
G1 X108.979 Y102.535 E.30847
G1 X108.979 Y103.222 E.02326
G1 X96.778 Y91.021 E.58405
G1 X97.465 Y91.021 E.02326
G1 X91.021 Y97.465 E.30847
G1 X91.021 Y96.778 E.02326
G1 X103.222 Y108.979 E.58405
G1 X104.85 Y108.979 E.05512
; stop printing object 20mmbox-LF.stl id:0 copy 0
;LAYER_CHANGE
;Z:8.6
;HEIGHT:0.200001
G92 E0
;_SET_FAN_SPEED_CHANGING_LAYER
M204 S10000
G1 E-.8 F1800
G1 X104.85 Y113.611 Z9 F7200
G1 Z8.6
G1 E.8 F1800
M204 S500
;TYPE:Skirt
G1 F1473.913
G1 X90 Y113.611 E.50267
G1 X88.359 Y113.216 E.05713
G1 X87.077 Y112.119 E.05713
G1 X86.389 Y110 E.0754
G1 X86.389 Y90 E.67698
G1 X86.784 Y88.359 E.05713
G1 X87.881 Y87.077 E.05713
G1 X90 Y86.389 E.0754
G1 X110 Y86.389 E.67698
G1 X111.641 Y86.784 E.05713
G1 X112.923 Y87.881 E.05713
G1 X113.611 Y90 E.0754
G1 X113.611 Y110 E.67698
G1 X113.216 Y111.641 E.05713
M73 P42 R25
G1 X112.119 Y112.923 E.05713
G1 X110 Y113.611 E.0754
G1 X104.89 Y113.611 E.17296
M204 S10000
G1 X104.89 Y113.611 F7200
G1 X90 Y113.611
G1 X104.89 Y113.204
M204 S500
G1 F1473.913
G1 X90 Y113.204 E.50402
G1 X88.461 Y112.81 E.05376
G1 X87.301 Y111.725 E.05376
G1 X86.796 Y110 E.06084
G1 X86.796 Y90 E.67698
G1 X87.19 Y88.461 E.05376
G1 X88.275 Y87.301 E.05376
G1 X90 Y86.796 E.06084
G1 X110 Y86.796 E.67698
G1 X111.539 Y87.19 E.05376
G1 X112.699 Y88.275 E.05376
G1 X113.204 Y90 E.06084
G1 X113.204 Y110 E.67698
G1 X112.81 Y111.539 E.05376
G1 X111.725 Y112.699 E.05376
G1 X110 Y113.204 E.06084
G1 X104.93 Y113.204 E.1716
; printing object 20mmbox-LF.stl id:0 copy 0
M204 S10000
G1 E-.8 F1800
G1 X109.325 Y109.325 Z9 F7200
G1 Z8.6
G1 E.8 F1800
M204 S1500
;TYPE:Inner wall
G1 F1473.913
G1 X90.675 Y109.325 E.63128
G1 X90.675 Y90.675 E.63128
G1 X109.325 Y90.675 E.63128
G1 X109.325 Y109.285 E.62993
M204 S10000
G1 X109.775 Y109.775 F7200
M204 S500
;TYPE:Outer wall
G1 F1473.913
G1 X90.225 Y109.775 E.66174
G1 X90.225 Y90.225 E.66174
G1 X109.775 Y90.225 E.66174
G1 X109.775 Y109.735 E.66039
M204 S10000
G1 E-.8 F1800
G1 X104.85 Y108.979 Z9 F7200
G1 Z8.6
G1 E.8 F1800
M204 S500
;TYPE:Sparse infill
G1 F1473.913
G1 X103.222 Y108.979 E.05512
G1 X91.021 Y96.778 E.58405
G1 X91.021 Y97.465 E.02326
G1 X97.465 Y91.021 E.30847
G1 X96.778 Y91.021 E.02326
G1 X108.979 Y103.222 E.58405
G1 X108.979 Y102.535 E.02326
G1 X102.535 Y108.979 E.30847
G1 X97.465 Y108.979 E.17161
G1 X91.021 Y102.535 E.30847
G1 X91.021 Y103.222 E.02326
G1 X103.222 Y91.021 E.58405
G1 X102.535 Y91.021 E.02326
G1 X108.979 Y97.465 E.30847
G1 X108.979 Y96.778 E.02326
G1 X96.778 Y108.979 E.58405
G1 X91.708 Y108.979 E.17161
G1 X91.021 Y108.292 E.03289
G1 X91.021 Y108.979 E.02326
G1 X108.979 Y91.021 E.85964
G1 X108.292 Y91.021 E.02326
G1 X108.979 Y91.708 E.03289
G1 X108.979 Y93.336 E.05512
M204 S10000
G1 E-.8 F1800
G1 X101.429 Y92.219 Z9 F7200
G1 X93.336 Y91.021 Z9
G1 Z8.6
G1 E.8 F1800
M204 S500
G1 F1473.913
G1 X91.708 Y91.021 E.05512
G1 X91.021 Y91.708 E.03289
G1 X91.021 Y91.021 E.02326
G1 X108.979 Y108.979 E.85964
G1 X108.292 Y108.979 E.02326
G1 X108.979 Y108.292 E.03289
G1 X108.979 Y106.664 E.05512
; stop printing object 20mmbox-LF.stl id:0 copy 0
;LAYER_CHANGE
;Z:8.8
;HEIGHT:0.2
G92 E0
;_SET_FAN_SPEED_CHANGING_LAYER
M204 S10000
G1 E-.8 F1800
G1 X113.611 Y106.664 Z9.2 F7200
G1 Z8.8
G1 E.8 F1800
M204 S500
;TYPE:Skirt
G1 F1473.913
G1 X113.611 Y110 E.11293
G1 X113.216 Y111.641 E.05713
G1 X112.119 Y112.923 E.05713
G1 X110 Y113.611 E.0754
G1 X90 Y113.611 E.67698
G1 X88.359 Y113.216 E.05713
G1 X87.077 Y112.119 E.05713
G1 X86.389 Y110 E.0754
G1 X86.389 Y90 E.67698
G1 X86.784 Y88.359 E.05713
G1 X87.881 Y87.077 E.05713
G1 X90 Y86.389 E.0754
G1 X110 Y86.389 E.67698
G1 X111.641 Y86.784 E.05713
G1 X112.923 Y87.881 E.05713
G1 X113.611 Y90 E.0754
G1 X113.611 Y106.624 E.56269
M204 S10000
G1 X113.611 Y106.624 F7200
G1 X113.611 Y110
G1 X113.216 Y111.641
G1 X113.204 Y106.624
M204 S500
G1 F1473.913
G1 X113.204 Y110 E.11429
G1 X112.81 Y111.539 E.05376
G1 X111.725 Y112.699 E.05376
G1 X110 Y113.204 E.06084
G1 X90 Y113.204 E.67698
G1 X88.461 Y112.81 E.05376
G1 X87.301 Y111.725 E.05376
M73 P43 R25
G1 X86.796 Y110 E.06084
G1 X86.796 Y90 E.67698
G1 X87.19 Y88.461 E.05376
G1 X88.275 Y87.301 E.05376
G1 X90 Y86.796 E.06084
G1 X110 Y86.796 E.67698
G1 X111.539 Y87.19 E.05376
G1 X112.699 Y88.275 E.05376
G1 X113.204 Y90 E.06084
G1 X113.204 Y106.584 E.56134
; printing object 20mmbox-LF.stl id:0 copy 0
M204 S10000
G1 E-.8 F1800
G1 X109.325 Y109.325 Z9.2 F7200
G1 Z8.8
G1 E.8 F1800
M204 S1500
;TYPE:Inner wall
G1 F1473.913
G1 X90.675 Y109.325 E.63128
G1 X90.675 Y90.675 E.63128
G1 X109.325 Y90.675 E.63128
G1 X109.325 Y109.285 E.62993
M73 P43 R24
M204 S10000
G1 X109.775 Y109.775 F7200
M204 S500
;TYPE:Outer wall
G1 F1473.913
G1 X90.225 Y109.775 E.66174
G1 X90.225 Y90.225 E.66174
G1 X109.775 Y90.225 E.66174
G1 X109.775 Y109.735 E.66039
M204 S10000
G1 E-.8 F1800
G1 X108.979 Y106.664 Z9.2 F7200
G1 Z8.8
G1 E.8 F1800
M204 S500
;TYPE:Sparse infill
G1 F1473.913
G1 X108.979 Y108.292 E.05512
G1 X108.292 Y108.979 E.03289
G1 X108.979 Y108.979 E.02326
G1 X91.021 Y91.021 E.85964
G1 X91.021 Y91.708 E.02326
G1 X91.708 Y91.021 E.03289
G1 X93.336 Y91.021 E.05512
M204 S10000
G1 E-.8 F1800
G1 X100.887 Y92.139 Z9.2 F7200
G1 X108.979 Y93.336 Z9.2
G1 Z8.8
G1 E.8 F1800
M204 S500
G1 F1473.913
G1 X108.979 Y91.708 E.05512
G1 X108.292 Y91.021 E.03289
G1 X108.979 Y91.021 E.02326
G1 X91.021 Y108.979 E.85964
G1 X91.021 Y108.292 E.02326
G1 X91.708 Y108.979 E.03289
G1 X96.778 Y108.979 E.17161
G1 X108.979 Y96.778 E.58405
G1 X108.979 Y97.465 E.02326
G1 X102.535 Y91.021 E.30847
G1 X103.222 Y91.021 E.02326
G1 X91.021 Y103.222 E.58405
G1 X91.021 Y102.535 E.02326
G1 X97.465 Y108.979 E.30847
G1 X102.535 Y108.979 E.17161
G1 X108.979 Y102.535 E.30847
G1 X108.979 Y103.222 E.02326
G1 X96.778 Y91.021 E.58405
G1 X97.465 Y91.021 E.02326
G1 X91.021 Y97.465 E.30847
G1 X91.021 Y96.778 E.02326
G1 X103.222 Y108.979 E.58405
G1 X104.85 Y108.979 E.05512
; stop printing object 20mmbox-LF.stl id:0 copy 0
;LAYER_CHANGE
;Z:9
;HEIGHT:0.2
G92 E0
;_SET_FAN_SPEED_CHANGING_LAYER
M204 S10000
G1 E-.8 F1800
G1 X104.85 Y113.611 Z9.4 F7200
G1 Z9
G1 E.8 F1800
M204 S500
;TYPE:Skirt
G1 F1473.913
G1 X90 Y113.611 E.50267
G1 X88.359 Y113.216 E.05713
G1 X87.077 Y112.119 E.05713
G1 X86.389 Y110 E.0754
G1 X86.389 Y90 E.67698
G1 X86.784 Y88.359 E.05713
G1 X87.881 Y87.077 E.05713
G1 X90 Y86.389 E.0754
G1 X110 Y86.389 E.67698
G1 X111.641 Y86.784 E.05713
G1 X112.923 Y87.881 E.05713
G1 X113.611 Y90 E.0754
G1 X113.611 Y110 E.67698
G1 X113.216 Y111.641 E.05713
G1 X112.119 Y112.923 E.05713
G1 X110 Y113.611 E.0754
G1 X104.89 Y113.611 E.17296
M204 S10000
G1 X104.89 Y113.611 F7200
G1 X90 Y113.611
G1 X104.89 Y113.204
M204 S500
G1 F1473.913
G1 X90 Y113.204 E.50402
G1 X88.461 Y112.81 E.05376
G1 X87.301 Y111.725 E.05376
G1 X86.796 Y110 E.06084
G1 X86.796 Y90 E.67698
G1 X87.19 Y88.461 E.05376
G1 X88.275 Y87.301 E.05376
G1 X90 Y86.796 E.06084
G1 X110 Y86.796 E.67698
G1 X111.539 Y87.19 E.05376
G1 X112.699 Y88.275 E.05376
G1 X113.204 Y90 E.06084
G1 X113.204 Y110 E.67698
G1 X112.81 Y111.539 E.05376
M73 P44 R24
G1 X111.725 Y112.699 E.05376
G1 X110 Y113.204 E.06084
G1 X104.93 Y113.204 E.1716
; printing object 20mmbox-LF.stl id:0 copy 0
M204 S10000
G1 E-.8 F1800
G1 X109.325 Y109.325 Z9.4 F7200
G1 Z9
G1 E.8 F1800
M204 S1500
;TYPE:Inner wall
G1 F1473.913
G1 X90.675 Y109.325 E.63128
G1 X90.675 Y90.675 E.63128
G1 X109.325 Y90.675 E.63128
G1 X109.325 Y109.285 E.62993
M204 S10000
G1 X109.775 Y109.775 F7200
M204 S500
;TYPE:Outer wall
G1 F1473.913
G1 X90.225 Y109.775 E.66174
G1 X90.225 Y90.225 E.66174
G1 X109.775 Y90.225 E.66174
G1 X109.775 Y109.735 E.66039
M204 S10000
G1 E-.8 F1800
G1 X104.85 Y108.979 Z9.4 F7200
G1 Z9
G1 E.8 F1800
M204 S500
;TYPE:Sparse infill
G1 F1473.913
G1 X103.222 Y108.979 E.05512
G1 X91.021 Y96.778 E.58405
G1 X91.021 Y97.465 E.02326
G1 X97.465 Y91.021 E.30847
G1 X96.778 Y91.021 E.02326
G1 X108.979 Y103.222 E.58405
G1 X108.979 Y102.535 E.02326
G1 X102.535 Y108.979 E.30847
G1 X97.465 Y108.979 E.17161
G1 X91.021 Y102.535 E.30847
G1 X91.021 Y103.222 E.02326
G1 X103.222 Y91.021 E.58405
G1 X102.535 Y91.021 E.02326
G1 X108.979 Y97.465 E.30847
G1 X108.979 Y96.778 E.02326
G1 X96.778 Y108.979 E.58405
G1 X91.708 Y108.979 E.17161
G1 X91.021 Y108.292 E.03289
G1 X91.021 Y108.979 E.02326
G1 X108.979 Y91.021 E.85964
G1 X108.292 Y91.021 E.02326
G1 X108.979 Y91.708 E.03289
G1 X108.979 Y93.336 E.05512
M204 S10000
G1 E-.8 F1800
G1 X101.429 Y92.219 Z9.4 F7200
G1 X93.336 Y91.021 Z9.4
G1 Z9
G1 E.8 F1800
M204 S500
G1 F1473.913
G1 X91.708 Y91.021 E.05512
G1 X91.021 Y91.708 E.03289
G1 X91.021 Y91.021 E.02326
G1 X108.979 Y108.979 E.85964
G1 X108.292 Y108.979 E.02326
G1 X108.979 Y108.292 E.03289
G1 X108.979 Y106.664 E.05512
; stop printing object 20mmbox-LF.stl id:0 copy 0
;LAYER_CHANGE
;Z:9.2
;HEIGHT:0.2
G92 E0
;_SET_FAN_SPEED_CHANGING_LAYER
M204 S10000
G1 E-.8 F1800
G1 X113.611 Y106.664 Z9.6 F7200
G1 Z9.2
G1 E.8 F1800
M204 S500
;TYPE:Skirt
G1 F1473.913
G1 X113.611 Y110 E.11293
G1 X113.216 Y111.641 E.05713
G1 X112.119 Y112.923 E.05713
G1 X110 Y113.611 E.0754
G1 X90 Y113.611 E.67698
G1 X88.359 Y113.216 E.05713
G1 X87.077 Y112.119 E.05713
G1 X86.389 Y110 E.0754
G1 X86.389 Y90 E.67698
G1 X86.784 Y88.359 E.05713
G1 X87.881 Y87.077 E.05713
G1 X90 Y86.389 E.0754
G1 X110 Y86.389 E.67698
G1 X111.641 Y86.784 E.05713
G1 X112.923 Y87.881 E.05713
G1 X113.611 Y90 E.0754
G1 X113.611 Y106.624 E.56269
M204 S10000
G1 X113.611 Y106.624 F7200
G1 X113.611 Y110
G1 X113.216 Y111.641
G1 X113.204 Y106.624
M204 S500
G1 F1473.913
G1 X113.204 Y110 E.11429
G1 X112.81 Y111.539 E.05376
G1 X111.725 Y112.699 E.05376
G1 X110 Y113.204 E.06084
G1 X90 Y113.204 E.67698
G1 X88.461 Y112.81 E.05376
G1 X87.301 Y111.725 E.05376
G1 X86.796 Y110 E.06084
G1 X86.796 Y90 E.67698
G1 X87.19 Y88.461 E.05376
G1 X88.275 Y87.301 E.05376
G1 X90 Y86.796 E.06084
G1 X110 Y86.796 E.67698
G1 X111.539 Y87.19 E.05376
G1 X112.699 Y88.275 E.05376
G1 X113.204 Y90 E.06084
G1 X113.204 Y106.584 E.56134
; printing object 20mmbox-LF.stl id:0 copy 0
M204 S10000
G1 E-.8 F1800
G1 X109.325 Y109.325 Z9.6 F7200
G1 Z9.2
G1 E.8 F1800
M204 S1500
;TYPE:Inner wall
G1 F1473.913
G1 X90.675 Y109.325 E.63128
G1 X90.675 Y90.675 E.63128
G1 X109.325 Y90.675 E.63128
M73 P45 R24
G1 X109.325 Y109.285 E.62993
M204 S10000
G1 X109.775 Y109.775 F7200
M204 S500
;TYPE:Outer wall
G1 F1473.913
G1 X90.225 Y109.775 E.66174
G1 X90.225 Y90.225 E.66174
G1 X109.775 Y90.225 E.66174
G1 X109.775 Y109.735 E.66039
M204 S10000
G1 E-.8 F1800
G1 X108.979 Y106.664 Z9.6 F7200
G1 Z9.2
G1 E.8 F1800
M204 S500
;TYPE:Sparse infill
G1 F1473.913
G1 X108.979 Y108.292 E.05512
G1 X108.292 Y108.979 E.03289
G1 X108.979 Y108.979 E.02326
G1 X91.021 Y91.021 E.85964
G1 X91.021 Y91.708 E.02326
G1 X91.708 Y91.021 E.03289
G1 X93.336 Y91.021 E.05512
M204 S10000
G1 E-.8 F1800
G1 X100.887 Y92.139 Z9.6 F7200
G1 X108.979 Y93.336 Z9.6
G1 Z9.2
G1 E.8 F1800
M204 S500
G1 F1473.913
G1 X108.979 Y91.708 E.05512
G1 X108.292 Y91.021 E.03289
G1 X108.979 Y91.021 E.02326
G1 X91.021 Y108.979 E.85964
G1 X91.021 Y108.292 E.02326
G1 X91.708 Y108.979 E.03289
G1 X96.778 Y108.979 E.17161
G1 X108.979 Y96.778 E.58405
G1 X108.979 Y97.465 E.02326
G1 X102.535 Y91.021 E.30847
G1 X103.222 Y91.021 E.02326
G1 X91.021 Y103.222 E.58405
G1 X91.021 Y102.535 E.02326
G1 X97.465 Y108.979 E.30847
G1 X102.535 Y108.979 E.17161
G1 X108.979 Y102.535 E.30847
G1 X108.979 Y103.222 E.02326
G1 X96.778 Y91.021 E.58405
G1 X97.465 Y91.021 E.02326
M73 P45 R23
G1 X91.021 Y97.465 E.30847
G1 X91.021 Y96.778 E.02326
G1 X103.222 Y108.979 E.58405
G1 X104.85 Y108.979 E.05512
; stop printing object 20mmbox-LF.stl id:0 copy 0
;LAYER_CHANGE
;Z:9.4
;HEIGHT:0.2
G92 E0
;_SET_FAN_SPEED_CHANGING_LAYER
M204 S10000
G1 E-.8 F1800
G1 X104.85 Y113.611 Z9.8 F7200
G1 Z9.4
G1 E.8 F1800
M204 S500
;TYPE:Skirt
G1 F1473.913
G1 X90 Y113.611 E.50267
G1 X88.359 Y113.216 E.05713
G1 X87.077 Y112.119 E.05713
G1 X86.389 Y110 E.0754
G1 X86.389 Y90 E.67698
G1 X86.784 Y88.359 E.05713
G1 X87.881 Y87.077 E.05713
G1 X90 Y86.389 E.0754
G1 X110 Y86.389 E.67698
G1 X111.641 Y86.784 E.05713
G1 X112.923 Y87.881 E.05713
G1 X113.611 Y90 E.0754
G1 X113.611 Y110 E.67698
G1 X113.216 Y111.641 E.05713
G1 X112.119 Y112.923 E.05713
G1 X110 Y113.611 E.0754
G1 X104.89 Y113.611 E.17296
M204 S10000
G1 X104.89 Y113.611 F7200
G1 X90 Y113.611
G1 X104.89 Y113.204
M204 S500
G1 F1473.913
G1 X90 Y113.204 E.50402
G1 X88.461 Y112.81 E.05376
G1 X87.301 Y111.725 E.05376
G1 X86.796 Y110 E.06084
G1 X86.796 Y90 E.67698
G1 X87.19 Y88.461 E.05376
G1 X88.275 Y87.301 E.05376
G1 X90 Y86.796 E.06084
G1 X110 Y86.796 E.67698
G1 X111.539 Y87.19 E.05376
G1 X112.699 Y88.275 E.05376
G1 X113.204 Y90 E.06084
G1 X113.204 Y110 E.67698
G1 X112.81 Y111.539 E.05376
G1 X111.725 Y112.699 E.05376
G1 X110 Y113.204 E.06084
G1 X104.93 Y113.204 E.1716
; printing object 20mmbox-LF.stl id:0 copy 0
M204 S10000
G1 E-.8 F1800
G1 X109.325 Y109.325 Z9.8 F7200
G1 Z9.4
G1 E.8 F1800
M204 S1500
;TYPE:Inner wall
G1 F1473.913
G1 X90.675 Y109.325 E.63128
G1 X90.675 Y90.675 E.63128
G1 X109.325 Y90.675 E.63128
G1 X109.325 Y109.285 E.62993
M204 S10000
G1 X109.775 Y109.775 F7200
M204 S500
;TYPE:Outer wall
G1 F1473.913
G1 X90.225 Y109.775 E.66174
G1 X90.225 Y90.225 E.66174
M73 P46 R23
G1 X109.775 Y90.225 E.66174
G1 X109.775 Y109.735 E.66039
M204 S10000
G1 E-.8 F1800
G1 X104.85 Y108.979 Z9.8 F7200
G1 Z9.4
G1 E.8 F1800
M204 S500
;TYPE:Sparse infill
G1 F1473.913
G1 X103.222 Y108.979 E.05512
G1 X91.021 Y96.778 E.58405
G1 X91.021 Y97.465 E.02326
G1 X97.465 Y91.021 E.30847
G1 X96.778 Y91.021 E.02326
G1 X108.979 Y103.222 E.58405
G1 X108.979 Y102.535 E.02326
G1 X102.535 Y108.979 E.30847
G1 X97.465 Y108.979 E.17161
G1 X91.021 Y102.535 E.30847
G1 X91.021 Y103.222 E.02326
G1 X103.222 Y91.021 E.58405
G1 X102.535 Y91.021 E.02326
G1 X108.979 Y97.465 E.30847
G1 X108.979 Y96.778 E.02326
G1 X96.778 Y108.979 E.58405
G1 X91.708 Y108.979 E.17161
G1 X91.021 Y108.292 E.03289
G1 X91.021 Y108.979 E.02326
G1 X108.979 Y91.021 E.85964
G1 X108.292 Y91.021 E.02326
G1 X108.979 Y91.708 E.03289
G1 X108.979 Y93.336 E.05512
M204 S10000
G1 E-.8 F1800
G1 X101.429 Y92.219 Z9.8 F7200
G1 X93.336 Y91.021 Z9.8
G1 Z9.4
G1 E.8 F1800
M204 S500
G1 F1473.913
G1 X91.708 Y91.021 E.05512
G1 X91.021 Y91.708 E.03289
G1 X91.021 Y91.021 E.02326
G1 X108.979 Y108.979 E.85964
G1 X108.292 Y108.979 E.02326
G1 X108.979 Y108.292 E.03289
G1 X108.979 Y106.664 E.05512
; stop printing object 20mmbox-LF.stl id:0 copy 0
;LAYER_CHANGE
;Z:9.6
;HEIGHT:0.200001
G92 E0
;_SET_FAN_SPEED_CHANGING_LAYER
M204 S10000
G1 E-.8 F1800
G1 X113.611 Y106.664 Z10 F7200
G1 Z9.6
G1 E.8 F1800
M204 S500
;TYPE:Skirt
G1 F1473.913
G1 X113.611 Y110 E.11293
G1 X113.216 Y111.641 E.05713
G1 X112.119 Y112.923 E.05713
G1 X110 Y113.611 E.0754
G1 X90 Y113.611 E.67698
G1 X88.359 Y113.216 E.05713
G1 X87.077 Y112.119 E.05713
G1 X86.389 Y110 E.0754
G1 X86.389 Y90 E.67698
G1 X86.784 Y88.359 E.05713
G1 X87.881 Y87.077 E.05713
G1 X90 Y86.389 E.0754
G1 X110 Y86.389 E.67698
G1 X111.641 Y86.784 E.05713
G1 X112.923 Y87.881 E.05713
G1 X113.611 Y90 E.0754
G1 X113.611 Y106.624 E.56269
M204 S10000
G1 X113.611 Y106.624 F7200
G1 X113.611 Y110
G1 X113.216 Y111.641
G1 X113.204 Y106.624
M204 S500
G1 F1473.913
G1 X113.204 Y110 E.11429
G1 X112.81 Y111.539 E.05376
G1 X111.725 Y112.699 E.05376
G1 X110 Y113.204 E.06084
G1 X90 Y113.204 E.67698
G1 X88.461 Y112.81 E.05376
G1 X87.301 Y111.725 E.05376
G1 X86.796 Y110 E.06084
G1 X86.796 Y90 E.67698
G1 X87.19 Y88.461 E.05376
G1 X88.275 Y87.301 E.05376
G1 X90 Y86.796 E.06084
G1 X110 Y86.796 E.67698
G1 X111.539 Y87.19 E.05376
G1 X112.699 Y88.275 E.05376
G1 X113.204 Y90 E.06084
G1 X113.204 Y106.584 E.56134
; printing object 20mmbox-LF.stl id:0 copy 0
M204 S10000
G1 E-.8 F1800
G1 X109.325 Y109.325 Z10 F7200
G1 Z9.6
G1 E.8 F1800
M204 S1500
;TYPE:Inner wall
G1 F1473.913
G1 X90.675 Y109.325 E.63128
G1 X90.675 Y90.675 E.63128
G1 X109.325 Y90.675 E.63128
G1 X109.325 Y109.285 E.62993
M204 S10000
G1 X109.775 Y109.775 F7200
M204 S500
;TYPE:Outer wall
G1 F1473.913
G1 X90.225 Y109.775 E.66174
G1 X90.225 Y90.225 E.66174
G1 X109.775 Y90.225 E.66174
G1 X109.775 Y109.735 E.66039
M73 P47 R23
M204 S10000
G1 E-.8 F1800
G1 X108.979 Y106.664 Z10 F7200
G1 Z9.6
G1 E.8 F1800
M204 S500
;TYPE:Sparse infill
G1 F1473.913
G1 X108.979 Y108.292 E.05512
G1 X108.292 Y108.979 E.03289
G1 X108.979 Y108.979 E.02326
G1 X91.021 Y91.021 E.85964
G1 X91.021 Y91.708 E.02326
G1 X91.708 Y91.021 E.03289
G1 X93.336 Y91.021 E.05512
M204 S10000
G1 E-.8 F1800
G1 X100.887 Y92.139 Z10 F7200
G1 X108.979 Y93.336 Z10
G1 Z9.6
G1 E.8 F1800
M204 S500
G1 F1473.913
G1 X108.979 Y91.708 E.05512
G1 X108.292 Y91.021 E.03289
G1 X108.979 Y91.021 E.02326
G1 X91.021 Y108.979 E.85964
G1 X91.021 Y108.292 E.02326
G1 X91.708 Y108.979 E.03289
G1 X96.778 Y108.979 E.17161
G1 X108.979 Y96.778 E.58405
G1 X108.979 Y97.465 E.02326
G1 X102.535 Y91.021 E.30847
G1 X103.222 Y91.021 E.02326
G1 X91.021 Y103.222 E.58405
G1 X91.021 Y102.535 E.02326
G1 X97.465 Y108.979 E.30847
G1 X102.535 Y108.979 E.17161
G1 X108.979 Y102.535 E.30847
G1 X108.979 Y103.222 E.02326
G1 X96.778 Y91.021 E.58405
G1 X97.465 Y91.021 E.02326
G1 X91.021 Y97.465 E.30847
G1 X91.021 Y96.778 E.02326
G1 X103.222 Y108.979 E.58405
G1 X104.85 Y108.979 E.05512
; stop printing object 20mmbox-LF.stl id:0 copy 0
;LAYER_CHANGE
;Z:9.8
;HEIGHT:0.2
G92 E0
;_SET_FAN_SPEED_CHANGING_LAYER
M204 S10000
G1 E-.8 F1800
G1 X104.85 Y113.611 Z10.2 F7200
G1 Z9.8
G1 E.8 F1800
M204 S500
;TYPE:Skirt
G1 F1473.913
G1 X90 Y113.611 E.50267
G1 X88.359 Y113.216 E.05713
G1 X87.077 Y112.119 E.05713
G1 X86.389 Y110 E.0754
G1 X86.389 Y90 E.67698
G1 X86.784 Y88.359 E.05713
G1 X87.881 Y87.077 E.05713
G1 X90 Y86.389 E.0754
G1 X110 Y86.389 E.67698
G1 X111.641 Y86.784 E.05713
G1 X112.923 Y87.881 E.05713
G1 X113.611 Y90 E.0754
G1 X113.611 Y110 E.67698
G1 X113.216 Y111.641 E.05713
G1 X112.119 Y112.923 E.05713
G1 X110 Y113.611 E.0754
G1 X104.89 Y113.611 E.17296
M204 S10000
G1 X104.89 Y113.611 F7200
G1 X90 Y113.611
G1 X104.89 Y113.204
M204 S500
G1 F1473.913
G1 X90 Y113.204 E.50402
G1 X88.461 Y112.81 E.05376
G1 X87.301 Y111.725 E.05376
G1 X86.796 Y110 E.06084
G1 X86.796 Y90 E.67698
G1 X87.19 Y88.461 E.05376
G1 X88.275 Y87.301 E.05376
G1 X90 Y86.796 E.06084
G1 X110 Y86.796 E.67698
G1 X111.539 Y87.19 E.05376
G1 X112.699 Y88.275 E.05376
G1 X113.204 Y90 E.06084
G1 X113.204 Y110 E.67698
G1 X112.81 Y111.539 E.05376
G1 X111.725 Y112.699 E.05376
G1 X110 Y113.204 E.06084
G1 X104.93 Y113.204 E.1716
; printing object 20mmbox-LF.stl id:0 copy 0
M204 S10000
G1 E-.8 F1800
G1 X109.325 Y109.325 Z10.2 F7200
G1 Z9.8
G1 E.8 F1800
M204 S1500
;TYPE:Inner wall
G1 F1473.913
G1 X90.675 Y109.325 E.63128
G1 X90.675 Y90.675 E.63128
G1 X109.325 Y90.675 E.63128
M73 P47 R22
G1 X109.325 Y109.285 E.62993
M204 S10000
G1 X109.775 Y109.775 F7200
M204 S500
;TYPE:Outer wall
G1 F1473.913
G1 X90.225 Y109.775 E.66174
G1 X90.225 Y90.225 E.66174
G1 X109.775 Y90.225 E.66174
G1 X109.775 Y109.735 E.66039
M204 S10000
G1 E-.8 F1800
G1 X104.85 Y108.979 Z10.2 F7200
G1 Z9.8
G1 E.8 F1800
M204 S500
;TYPE:Sparse infill
G1 F1473.913
G1 X103.222 Y108.979 E.05512
G1 X91.021 Y96.778 E.58405
G1 X91.021 Y97.465 E.02326
M73 P48 R22
G1 X97.465 Y91.021 E.30847
G1 X96.778 Y91.021 E.02326
G1 X108.979 Y103.222 E.58405
G1 X108.979 Y102.535 E.02326
G1 X102.535 Y108.979 E.30847
G1 X97.465 Y108.979 E.17161
G1 X91.021 Y102.535 E.30847
G1 X91.021 Y103.222 E.02326
G1 X103.222 Y91.021 E.58405
G1 X102.535 Y91.021 E.02326
G1 X108.979 Y97.465 E.30847
G1 X108.979 Y96.778 E.02326
G1 X96.778 Y108.979 E.58405
G1 X91.708 Y108.979 E.17161
G1 X91.021 Y108.292 E.03289
G1 X91.021 Y108.979 E.02326
G1 X108.979 Y91.021 E.85964
G1 X108.292 Y91.021 E.02326
G1 X108.979 Y91.708 E.03289
G1 X108.979 Y93.336 E.05512
M204 S10000
G1 E-.8 F1800
G1 X101.429 Y92.219 Z10.2 F7200
G1 X93.336 Y91.021 Z10.2
G1 Z9.8
G1 E.8 F1800
M204 S500
G1 F1473.913
G1 X91.708 Y91.021 E.05512
G1 X91.021 Y91.708 E.03289
G1 X91.021 Y91.021 E.02326
G1 X108.979 Y108.979 E.85964
G1 X108.292 Y108.979 E.02326
G1 X108.979 Y108.292 E.03289
G1 X108.979 Y106.664 E.05512
; stop printing object 20mmbox-LF.stl id:0 copy 0
;LAYER_CHANGE
;Z:10
;HEIGHT:0.2
G92 E0
;_SET_FAN_SPEED_CHANGING_LAYER
M204 S10000
G1 E-.8 F1800
G1 X113.611 Y106.664 Z10.4 F7200
G1 Z10
G1 E.8 F1800
M204 S500
;TYPE:Skirt
G1 F1473.913
G1 X113.611 Y110 E.11293
G1 X113.216 Y111.641 E.05713
G1 X112.119 Y112.923 E.05713
G1 X110 Y113.611 E.0754
G1 X90 Y113.611 E.67698
G1 X88.359 Y113.216 E.05713
G1 X87.077 Y112.119 E.05713
G1 X86.389 Y110 E.0754
G1 X86.389 Y90 E.67698
G1 X86.784 Y88.359 E.05713
G1 X87.881 Y87.077 E.05713
G1 X90 Y86.389 E.0754
G1 X110 Y86.389 E.67698
G1 X111.641 Y86.784 E.05713
G1 X112.923 Y87.881 E.05713
G1 X113.611 Y90 E.0754
G1 X113.611 Y106.624 E.56269
M204 S10000
G1 X113.611 Y106.624 F7200
G1 X113.611 Y110
G1 X113.216 Y111.641
G1 X113.204 Y106.624
M204 S500
G1 F1473.913
G1 X113.204 Y110 E.11429
G1 X112.81 Y111.539 E.05376
G1 X111.725 Y112.699 E.05376
G1 X110 Y113.204 E.06084
G1 X90 Y113.204 E.67698
G1 X88.461 Y112.81 E.05376
G1 X87.301 Y111.725 E.05376
G1 X86.796 Y110 E.06084
G1 X86.796 Y90 E.67698
G1 X87.19 Y88.461 E.05376
G1 X88.275 Y87.301 E.05376
G1 X90 Y86.796 E.06084
G1 X110 Y86.796 E.67698
G1 X111.539 Y87.19 E.05376
G1 X112.699 Y88.275 E.05376
G1 X113.204 Y90 E.06084
G1 X113.204 Y106.584 E.56134
; printing object 20mmbox-LF.stl id:0 copy 0
M204 S10000
G1 E-.8 F1800
G1 X109.325 Y109.325 Z10.4 F7200
G1 Z10
G1 E.8 F1800
M204 S1500
;TYPE:Inner wall
G1 F1473.913
G1 X90.675 Y109.325 E.63128
G1 X90.675 Y90.675 E.63128
G1 X109.325 Y90.675 E.63128
G1 X109.325 Y109.285 E.62993
M204 S10000
G1 X109.775 Y109.775 F7200
M204 S500
;TYPE:Outer wall
G1 F1473.913
G1 X90.225 Y109.775 E.66174
G1 X90.225 Y90.225 E.66174
G1 X109.775 Y90.225 E.66174
G1 X109.775 Y109.735 E.66039
M204 S10000
G1 E-.8 F1800
G1 X108.979 Y106.664 Z10.4 F7200
G1 Z10
G1 E.8 F1800
M204 S500
;TYPE:Sparse infill
G1 F1473.913
G1 X108.979 Y108.292 E.05512
G1 X108.292 Y108.979 E.03289
G1 X108.979 Y108.979 E.02326
G1 X91.021 Y91.021 E.85964
G1 X91.021 Y91.708 E.02326
G1 X91.708 Y91.021 E.03289
G1 X93.336 Y91.021 E.05512
M204 S10000
G1 E-.8 F1800
G1 X100.887 Y92.139 Z10.4 F7200
G1 X108.979 Y93.336 Z10.4
G1 Z10
G1 E.8 F1800
M204 S500
G1 F1473.913
G1 X108.979 Y91.708 E.05512
G1 X108.292 Y91.021 E.03289
G1 X108.979 Y91.021 E.02326
G1 X91.021 Y108.979 E.85964
G1 X91.021 Y108.292 E.02326
M73 P49 R22
G1 X91.708 Y108.979 E.03289
G1 X96.778 Y108.979 E.17161
G1 X108.979 Y96.778 E.58405
G1 X108.979 Y97.465 E.02326
G1 X102.535 Y91.021 E.30847
G1 X103.222 Y91.021 E.02326
G1 X91.021 Y103.222 E.58405
G1 X91.021 Y102.535 E.02326
G1 X97.465 Y108.979 E.30847
G1 X102.535 Y108.979 E.17161
G1 X108.979 Y102.535 E.30847
G1 X108.979 Y103.222 E.02326
G1 X96.778 Y91.021 E.58405
G1 X97.465 Y91.021 E.02326
G1 X91.021 Y97.465 E.30847
G1 X91.021 Y96.778 E.02326
G1 X103.222 Y108.979 E.58405
G1 X104.85 Y108.979 E.05512
; stop printing object 20mmbox-LF.stl id:0 copy 0
;LAYER_CHANGE
;Z:10.2
;HEIGHT:0.2
G92 E0
;_SET_FAN_SPEED_CHANGING_LAYER
M204 S10000
G1 E-.8 F1800
G1 X104.85 Y113.611 Z10.6 F7200
G1 Z10.2
G1 E.8 F1800
M204 S500
;TYPE:Skirt
G1 F1473.913
G1 X90 Y113.611 E.50267
G1 X88.359 Y113.216 E.05713
G1 X87.077 Y112.119 E.05713
G1 X86.389 Y110 E.0754
G1 X86.389 Y90 E.67698
G1 X86.784 Y88.359 E.05713
G1 X87.881 Y87.077 E.05713
G1 X90 Y86.389 E.0754
G1 X110 Y86.389 E.67698
G1 X111.641 Y86.784 E.05713
G1 X112.923 Y87.881 E.05713
G1 X113.611 Y90 E.0754
G1 X113.611 Y110 E.67698
G1 X113.216 Y111.641 E.05713
G1 X112.119 Y112.923 E.05713
G1 X110 Y113.611 E.0754
G1 X104.89 Y113.611 E.17296
M204 S10000
G1 X104.89 Y113.611 F7200
G1 X90 Y113.611
G1 X104.89 Y113.204
M204 S500
G1 F1473.913
G1 X90 Y113.204 E.50402
G1 X88.461 Y112.81 E.05376
G1 X87.301 Y111.725 E.05376
G1 X86.796 Y110 E.06084
G1 X86.796 Y90 E.67698
G1 X87.19 Y88.461 E.05376
G1 X88.275 Y87.301 E.05376
G1 X90 Y86.796 E.06084
G1 X110 Y86.796 E.67698
G1 X111.539 Y87.19 E.05376
G1 X112.699 Y88.275 E.05376
G1 X113.204 Y90 E.06084
G1 X113.204 Y110 E.67698
G1 X112.81 Y111.539 E.05376
G1 X111.725 Y112.699 E.05376
G1 X110 Y113.204 E.06084
G1 X104.93 Y113.204 E.1716
; printing object 20mmbox-LF.stl id:0 copy 0
M204 S10000
G1 E-.8 F1800
G1 X109.325 Y109.325 Z10.6 F7200
G1 Z10.2
G1 E.8 F1800
M204 S1500
;TYPE:Inner wall
G1 F1473.913
G1 X90.675 Y109.325 E.63128
G1 X90.675 Y90.675 E.63128
G1 X109.325 Y90.675 E.63128
G1 X109.325 Y109.285 E.62993
M204 S10000
G1 X109.775 Y109.775 F7200
M204 S500
;TYPE:Outer wall
G1 F1473.913
G1 X90.225 Y109.775 E.66174
G1 X90.225 Y90.225 E.66174
G1 X109.775 Y90.225 E.66174
G1 X109.775 Y109.735 E.66039
M204 S10000
G1 E-.8 F1800
G1 X104.85 Y108.979 Z10.6 F7200
G1 Z10.2
G1 E.8 F1800
M204 S500
;TYPE:Sparse infill
G1 F1473.913
G1 X103.222 Y108.979 E.05512
G1 X91.021 Y96.778 E.58405
G1 X91.021 Y97.465 E.02326
G1 X97.465 Y91.021 E.30847
G1 X96.778 Y91.021 E.02326
G1 X108.979 Y103.222 E.58405
G1 X108.979 Y102.535 E.02326
G1 X102.535 Y108.979 E.30847
G1 X97.465 Y108.979 E.17161
G1 X91.021 Y102.535 E.30847
G1 X91.021 Y103.222 E.02326
G1 X103.222 Y91.021 E.58405
G1 X102.535 Y91.021 E.02326
G1 X108.979 Y97.465 E.30847
G1 X108.979 Y96.778 E.02326
G1 X96.778 Y108.979 E.58405
G1 X91.708 Y108.979 E.17161
G1 X91.021 Y108.292 E.03289
M73 P50 R22
G1 X91.021 Y108.979 E.02326
G1 X108.979 Y91.021 E.85964
G1 X108.292 Y91.021 E.02326
M73 P50 R21
G1 X108.979 Y91.708 E.03289
G1 X108.979 Y93.336 E.05512
M204 S10000
G1 E-.8 F1800
G1 X101.429 Y92.219 Z10.6 F7200
G1 X93.336 Y91.021 Z10.6
G1 Z10.2
G1 E.8 F1800
M204 S500
G1 F1473.913
G1 X91.708 Y91.021 E.05512
G1 X91.021 Y91.708 E.03289
G1 X91.021 Y91.021 E.02326
G1 X108.979 Y108.979 E.85964
G1 X108.292 Y108.979 E.02326
G1 X108.979 Y108.292 E.03289
G1 X108.979 Y106.664 E.05512
; stop printing object 20mmbox-LF.stl id:0 copy 0
;LAYER_CHANGE
;Z:10.4
;HEIGHT:0.2
G92 E0
;_SET_FAN_SPEED_CHANGING_LAYER
M204 S10000
G1 E-.8 F1800
G1 X113.611 Y106.664 Z10.8 F7200
G1 Z10.4
G1 E.8 F1800
M204 S500
;TYPE:Skirt
G1 F1473.913
G1 X113.611 Y110 E.11293
G1 X113.216 Y111.641 E.05713
G1 X112.119 Y112.923 E.05713
G1 X110 Y113.611 E.0754
G1 X90 Y113.611 E.67698
G1 X88.359 Y113.216 E.05713
G1 X87.077 Y112.119 E.05713
G1 X86.389 Y110 E.0754
G1 X86.389 Y90 E.67698
G1 X86.784 Y88.359 E.05713
G1 X87.881 Y87.077 E.05713
G1 X90 Y86.389 E.0754
G1 X110 Y86.389 E.67698
G1 X111.641 Y86.784 E.05713
G1 X112.923 Y87.881 E.05713
G1 X113.611 Y90 E.0754
G1 X113.611 Y106.624 E.56269
M204 S10000
G1 X113.611 Y106.624 F7200
G1 X113.611 Y110
G1 X113.216 Y111.641
G1 X113.204 Y106.624
M204 S500
G1 F1473.913
G1 X113.204 Y110 E.11429
G1 X112.81 Y111.539 E.05376
G1 X111.725 Y112.699 E.05376
G1 X110 Y113.204 E.06084
G1 X90 Y113.204 E.67698
G1 X88.461 Y112.81 E.05376
G1 X87.301 Y111.725 E.05376
G1 X86.796 Y110 E.06084
G1 X86.796 Y90 E.67698
G1 X87.19 Y88.461 E.05376
G1 X88.275 Y87.301 E.05376
G1 X90 Y86.796 E.06084
G1 X110 Y86.796 E.67698
G1 X111.539 Y87.19 E.05376
G1 X112.699 Y88.275 E.05376
G1 X113.204 Y90 E.06084
G1 X113.204 Y106.584 E.56134
; printing object 20mmbox-LF.stl id:0 copy 0
M204 S10000
G1 E-.8 F1800
G1 X109.325 Y109.325 Z10.8 F7200
G1 Z10.4
G1 E.8 F1800
M204 S1500
;TYPE:Inner wall
G1 F1473.913
G1 X90.675 Y109.325 E.63128
G1 X90.675 Y90.675 E.63128
G1 X109.325 Y90.675 E.63128
G1 X109.325 Y109.285 E.62993
M204 S10000
G1 X109.775 Y109.775 F7200
M204 S500
;TYPE:Outer wall
G1 F1473.913
G1 X90.225 Y109.775 E.66174
G1 X90.225 Y90.225 E.66174
G1 X109.775 Y90.225 E.66174
G1 X109.775 Y109.735 E.66039
M204 S10000
G1 E-.8 F1800
G1 X108.979 Y106.664 Z10.8 F7200
G1 Z10.4
G1 E.8 F1800
M204 S500
;TYPE:Sparse infill
G1 F1473.913
G1 X108.979 Y108.292 E.05512
G1 X108.292 Y108.979 E.03289
G1 X108.979 Y108.979 E.02326
G1 X91.021 Y91.021 E.85964
G1 X91.021 Y91.708 E.02326
G1 X91.708 Y91.021 E.03289
G1 X93.336 Y91.021 E.05512
M204 S10000
G1 E-.8 F1800
G1 X100.887 Y92.139 Z10.8 F7200
G1 X108.979 Y93.336 Z10.8
G1 Z10.4
G1 E.8 F1800
M204 S500
G1 F1473.913
G1 X108.979 Y91.708 E.05512
G1 X108.292 Y91.021 E.03289
G1 X108.979 Y91.021 E.02326
G1 X91.021 Y108.979 E.85964
G1 X91.021 Y108.292 E.02326
G1 X91.708 Y108.979 E.03289
G1 X96.778 Y108.979 E.17161
G1 X108.979 Y96.778 E.58405
G1 X108.979 Y97.465 E.02326
G1 X102.535 Y91.021 E.30847
G1 X103.222 Y91.021 E.02326
G1 X91.021 Y103.222 E.58405
G1 X91.021 Y102.535 E.02326
G1 X97.465 Y108.979 E.30847
G1 X102.535 Y108.979 E.17161
G1 X108.979 Y102.535 E.30847
G1 X108.979 Y103.222 E.02326
G1 X96.778 Y91.021 E.58405
G1 X97.465 Y91.021 E.02326
G1 X91.021 Y97.465 E.30847
G1 X91.021 Y96.778 E.02326
M73 P51 R21
G1 X103.222 Y108.979 E.58405
G1 X104.85 Y108.979 E.05512
; stop printing object 20mmbox-LF.stl id:0 copy 0
;LAYER_CHANGE
;Z:10.6
;HEIGHT:0.200001
G92 E0
;_SET_FAN_SPEED_CHANGING_LAYER
M204 S10000
G1 E-.8 F1800
G1 X104.85 Y113.611 Z11 F7200
G1 Z10.6
G1 E.8 F1800
M204 S500
;TYPE:Skirt
G1 F1473.913
G1 X90 Y113.611 E.50267
G1 X88.359 Y113.216 E.05713
G1 X87.077 Y112.119 E.05713
G1 X86.389 Y110 E.0754
G1 X86.389 Y90 E.67698
G1 X86.784 Y88.359 E.05713
G1 X87.881 Y87.077 E.05713
G1 X90 Y86.389 E.0754
G1 X110 Y86.389 E.67698
G1 X111.641 Y86.784 E.05713
G1 X112.923 Y87.881 E.05713
G1 X113.611 Y90 E.0754
G1 X113.611 Y110 E.67698
G1 X113.216 Y111.641 E.05713
G1 X112.119 Y112.923 E.05713
G1 X110 Y113.611 E.0754
G1 X104.89 Y113.611 E.17296
M204 S10000
G1 X104.89 Y113.611 F7200
G1 X90 Y113.611
G1 X104.89 Y113.204
M204 S500
G1 F1473.913
G1 X90 Y113.204 E.50402
G1 X88.461 Y112.81 E.05376
G1 X87.301 Y111.725 E.05376
G1 X86.796 Y110 E.06084
G1 X86.796 Y90 E.67698
G1 X87.19 Y88.461 E.05376
G1 X88.275 Y87.301 E.05376
G1 X90 Y86.796 E.06084
G1 X110 Y86.796 E.67698
G1 X111.539 Y87.19 E.05376
G1 X112.699 Y88.275 E.05376
G1 X113.204 Y90 E.06084
G1 X113.204 Y110 E.67698
G1 X112.81 Y111.539 E.05376
G1 X111.725 Y112.699 E.05376
G1 X110 Y113.204 E.06084
G1 X104.93 Y113.204 E.1716
; printing object 20mmbox-LF.stl id:0 copy 0
M204 S10000
G1 E-.8 F1800
G1 X109.325 Y109.325 Z11 F7200
G1 Z10.6
G1 E.8 F1800
M204 S1500
;TYPE:Inner wall
G1 F1473.913
G1 X90.675 Y109.325 E.63128
G1 X90.675 Y90.675 E.63128
G1 X109.325 Y90.675 E.63128
G1 X109.325 Y109.285 E.62993
M204 S10000
G1 X109.775 Y109.775 F7200
M204 S500
;TYPE:Outer wall
G1 F1473.913
G1 X90.225 Y109.775 E.66174
G1 X90.225 Y90.225 E.66174
G1 X109.775 Y90.225 E.66174
G1 X109.775 Y109.735 E.66039
M204 S10000
G1 E-.8 F1800
G1 X104.85 Y108.979 Z11 F7200
G1 Z10.6
G1 E.8 F1800
M204 S500
;TYPE:Sparse infill
G1 F1473.913
G1 X103.222 Y108.979 E.05512
G1 X91.021 Y96.778 E.58405
G1 X91.021 Y97.465 E.02326
G1 X97.465 Y91.021 E.30847
G1 X96.778 Y91.021 E.02326
G1 X108.979 Y103.222 E.58405
G1 X108.979 Y102.535 E.02326
G1 X102.535 Y108.979 E.30847
G1 X97.465 Y108.979 E.17161
G1 X91.021 Y102.535 E.30847
G1 X91.021 Y103.222 E.02326
G1 X103.222 Y91.021 E.58405
G1 X102.535 Y91.021 E.02326
G1 X108.979 Y97.465 E.30847
G1 X108.979 Y96.778 E.02326
G1 X96.778 Y108.979 E.58405
G1 X91.708 Y108.979 E.17161
G1 X91.021 Y108.292 E.03289
G1 X91.021 Y108.979 E.02326
G1 X108.979 Y91.021 E.85964
G1 X108.292 Y91.021 E.02326
G1 X108.979 Y91.708 E.03289
G1 X108.979 Y93.336 E.05512
M204 S10000
G1 E-.8 F1800
G1 X101.429 Y92.219 Z11 F7200
G1 X93.336 Y91.021 Z11
G1 Z10.6
G1 E.8 F1800
M204 S500
G1 F1473.913
G1 X91.708 Y91.021 E.05512
G1 X91.021 Y91.708 E.03289
G1 X91.021 Y91.021 E.02326
G1 X108.979 Y108.979 E.85964
G1 X108.292 Y108.979 E.02326
G1 X108.979 Y108.292 E.03289
G1 X108.979 Y106.664 E.05512
; stop printing object 20mmbox-LF.stl id:0 copy 0
;LAYER_CHANGE
;Z:10.8
;HEIGHT:0.2
G92 E0
;_SET_FAN_SPEED_CHANGING_LAYER
M204 S10000
G1 E-.8 F1800
G1 X113.611 Y106.664 Z11.2 F7200
G1 Z10.8
G1 E.8 F1800
M204 S500
;TYPE:Skirt
G1 F1473.913
G1 X113.611 Y110 E.11293
G1 X113.216 Y111.641 E.05713
G1 X112.119 Y112.923 E.05713
G1 X110 Y113.611 E.0754
G1 X90 Y113.611 E.67698
G1 X88.359 Y113.216 E.05713
M73 P52 R21
G1 X87.077 Y112.119 E.05713
G1 X86.389 Y110 E.0754
G1 X86.389 Y90 E.67698
G1 X86.784 Y88.359 E.05713
G1 X87.881 Y87.077 E.05713
G1 X90 Y86.389 E.0754
G1 X110 Y86.389 E.67698
G1 X111.641 Y86.784 E.05713
G1 X112.923 Y87.881 E.05713
G1 X113.611 Y90 E.0754
G1 X113.611 Y106.624 E.56269
M204 S10000
G1 X113.611 Y106.624 F7200
G1 X113.611 Y110
G1 X113.216 Y111.641
G1 X113.204 Y106.624
M204 S500
G1 F1473.913
G1 X113.204 Y110 E.11429
G1 X112.81 Y111.539 E.05376
G1 X111.725 Y112.699 E.05376
G1 X110 Y113.204 E.06084
G1 X90 Y113.204 E.67698
G1 X88.461 Y112.81 E.05376
G1 X87.301 Y111.725 E.05376
G1 X86.796 Y110 E.06084
G1 X86.796 Y90 E.67698
G1 X87.19 Y88.461 E.05376
G1 X88.275 Y87.301 E.05376
G1 X90 Y86.796 E.06084
G1 X110 Y86.796 E.67698
G1 X111.539 Y87.19 E.05376
G1 X112.699 Y88.275 E.05376
G1 X113.204 Y90 E.06084
G1 X113.204 Y106.584 E.56134
; printing object 20mmbox-LF.stl id:0 copy 0
M204 S10000
G1 E-.8 F1800
M73 P52 R20
G1 X109.325 Y109.325 Z11.2 F7200
G1 Z10.8
G1 E.8 F1800
M204 S1500
;TYPE:Inner wall
G1 F1473.913
G1 X90.675 Y109.325 E.63128
G1 X90.675 Y90.675 E.63128
G1 X109.325 Y90.675 E.63128
G1 X109.325 Y109.285 E.62993
M204 S10000
G1 X109.775 Y109.775 F7200
M204 S500
;TYPE:Outer wall
G1 F1473.913
G1 X90.225 Y109.775 E.66174
G1 X90.225 Y90.225 E.66174
G1 X109.775 Y90.225 E.66174
G1 X109.775 Y109.735 E.66039
M204 S10000
G1 E-.8 F1800
G1 X108.979 Y106.664 Z11.2 F7200
G1 Z10.8
G1 E.8 F1800
M204 S500
;TYPE:Sparse infill
G1 F1473.913
G1 X108.979 Y108.292 E.05512
G1 X108.292 Y108.979 E.03289
G1 X108.979 Y108.979 E.02326
G1 X91.021 Y91.021 E.85964
G1 X91.021 Y91.708 E.02326
G1 X91.708 Y91.021 E.03289
G1 X93.336 Y91.021 E.05512
M204 S10000
G1 E-.8 F1800
G1 X100.887 Y92.139 Z11.2 F7200
G1 X108.979 Y93.336 Z11.2
G1 Z10.8
G1 E.8 F1800
M204 S500
G1 F1473.913
G1 X108.979 Y91.708 E.05512
G1 X108.292 Y91.021 E.03289
G1 X108.979 Y91.021 E.02326
G1 X91.021 Y108.979 E.85964
G1 X91.021 Y108.292 E.02326
G1 X91.708 Y108.979 E.03289
G1 X96.778 Y108.979 E.17161
G1 X108.979 Y96.778 E.58405
G1 X108.979 Y97.465 E.02326
G1 X102.535 Y91.021 E.30847
G1 X103.222 Y91.021 E.02326
G1 X91.021 Y103.222 E.58405
G1 X91.021 Y102.535 E.02326
G1 X97.465 Y108.979 E.30847
G1 X102.535 Y108.979 E.17161
G1 X108.979 Y102.535 E.30847
G1 X108.979 Y103.222 E.02326
G1 X96.778 Y91.021 E.58405
G1 X97.465 Y91.021 E.02326
G1 X91.021 Y97.465 E.30847
G1 X91.021 Y96.778 E.02326
G1 X103.222 Y108.979 E.58405
G1 X104.85 Y108.979 E.05512
; stop printing object 20mmbox-LF.stl id:0 copy 0
;LAYER_CHANGE
;Z:11
;HEIGHT:0.2
G92 E0
;_SET_FAN_SPEED_CHANGING_LAYER
M204 S10000
G1 E-.8 F1800
G1 X104.85 Y113.611 Z11.4 F7200
G1 Z11
G1 E.8 F1800
M204 S500
;TYPE:Skirt
G1 F1473.913
G1 X90 Y113.611 E.50267
G1 X88.359 Y113.216 E.05713
G1 X87.077 Y112.119 E.05713
G1 X86.389 Y110 E.0754
G1 X86.389 Y90 E.67698
G1 X86.784 Y88.359 E.05713
G1 X87.881 Y87.077 E.05713
G1 X90 Y86.389 E.0754
G1 X110 Y86.389 E.67698
G1 X111.641 Y86.784 E.05713
G1 X112.923 Y87.881 E.05713
G1 X113.611 Y90 E.0754
M73 P53 R20
G1 X113.611 Y110 E.67698
G1 X113.216 Y111.641 E.05713
G1 X112.119 Y112.923 E.05713
G1 X110 Y113.611 E.0754
G1 X104.89 Y113.611 E.17296
M204 S10000
G1 X104.89 Y113.611 F7200
G1 X90 Y113.611
G1 X104.89 Y113.204
M204 S500
G1 F1473.913
G1 X90 Y113.204 E.50402
G1 X88.461 Y112.81 E.05376
G1 X87.301 Y111.725 E.05376
G1 X86.796 Y110 E.06084
G1 X86.796 Y90 E.67698
G1 X87.19 Y88.461 E.05376
G1 X88.275 Y87.301 E.05376
G1 X90 Y86.796 E.06084
G1 X110 Y86.796 E.67698
G1 X111.539 Y87.19 E.05376
G1 X112.699 Y88.275 E.05376
G1 X113.204 Y90 E.06084
G1 X113.204 Y110 E.67698
G1 X112.81 Y111.539 E.05376
G1 X111.725 Y112.699 E.05376
G1 X110 Y113.204 E.06084
G1 X104.93 Y113.204 E.1716
; printing object 20mmbox-LF.stl id:0 copy 0
M204 S10000
G1 E-.8 F1800
G1 X109.325 Y109.325 Z11.4 F7200
G1 Z11
G1 E.8 F1800
M204 S1500
;TYPE:Inner wall
G1 F1473.913
G1 X90.675 Y109.325 E.63128
G1 X90.675 Y90.675 E.63128
G1 X109.325 Y90.675 E.63128
G1 X109.325 Y109.285 E.62993
M204 S10000
G1 X109.775 Y109.775 F7200
M204 S500
;TYPE:Outer wall
G1 F1473.913
G1 X90.225 Y109.775 E.66174
G1 X90.225 Y90.225 E.66174
G1 X109.775 Y90.225 E.66174
G1 X109.775 Y109.735 E.66039
M204 S10000
G1 E-.8 F1800
G1 X104.85 Y108.979 Z11.4 F7200
G1 Z11
G1 E.8 F1800
M204 S500
;TYPE:Sparse infill
G1 F1473.913
G1 X103.222 Y108.979 E.05512
G1 X91.021 Y96.778 E.58405
G1 X91.021 Y97.465 E.02326
G1 X97.465 Y91.021 E.30847
G1 X96.778 Y91.021 E.02326
G1 X108.979 Y103.222 E.58405
G1 X108.979 Y102.535 E.02326
G1 X102.535 Y108.979 E.30847
G1 X97.465 Y108.979 E.17161
G1 X91.021 Y102.535 E.30847
G1 X91.021 Y103.222 E.02326
G1 X103.222 Y91.021 E.58405
G1 X102.535 Y91.021 E.02326
G1 X108.979 Y97.465 E.30847
G1 X108.979 Y96.778 E.02326
G1 X96.778 Y108.979 E.58405
G1 X91.708 Y108.979 E.17161
G1 X91.021 Y108.292 E.03289
G1 X91.021 Y108.979 E.02326
G1 X108.979 Y91.021 E.85964
G1 X108.292 Y91.021 E.02326
G1 X108.979 Y91.708 E.03289
G1 X108.979 Y93.336 E.05512
M204 S10000
G1 E-.8 F1800
G1 X101.429 Y92.219 Z11.4 F7200
G1 X93.336 Y91.021 Z11.4
G1 Z11
G1 E.8 F1800
M204 S500
G1 F1473.913
G1 X91.708 Y91.021 E.05512
G1 X91.021 Y91.708 E.03289
G1 X91.021 Y91.021 E.02326
G1 X108.979 Y108.979 E.85964
G1 X108.292 Y108.979 E.02326
G1 X108.979 Y108.292 E.03289
G1 X108.979 Y106.664 E.05512
; stop printing object 20mmbox-LF.stl id:0 copy 0
;LAYER_CHANGE
;Z:11.2
;HEIGHT:0.2
G92 E0
;_SET_FAN_SPEED_CHANGING_LAYER
M204 S10000
G1 E-.8 F1800
G1 X113.611 Y106.664 Z11.6 F7200
G1 Z11.2
G1 E.8 F1800
M204 S500
;TYPE:Skirt
G1 F1473.913
G1 X113.611 Y110 E.11293
G1 X113.216 Y111.641 E.05713
G1 X112.119 Y112.923 E.05713
G1 X110 Y113.611 E.0754
G1 X90 Y113.611 E.67698
G1 X88.359 Y113.216 E.05713
G1 X87.077 Y112.119 E.05713
G1 X86.389 Y110 E.0754
G1 X86.389 Y90 E.67698
G1 X86.784 Y88.359 E.05713
G1 X87.881 Y87.077 E.05713
G1 X90 Y86.389 E.0754
G1 X110 Y86.389 E.67698
G1 X111.641 Y86.784 E.05713
G1 X112.923 Y87.881 E.05713
G1 X113.611 Y90 E.0754
G1 X113.611 Y106.624 E.56269
M204 S10000
G1 X113.611 Y106.624 F7200
G1 X113.611 Y110
G1 X113.216 Y111.641
G1 X113.204 Y106.624
M204 S500
G1 F1473.913
G1 X113.204 Y110 E.11429
G1 X112.81 Y111.539 E.05376
G1 X111.725 Y112.699 E.05376
G1 X110 Y113.204 E.06084
G1 X90 Y113.204 E.67698
G1 X88.461 Y112.81 E.05376
M73 P54 R20
G1 X87.301 Y111.725 E.05376
G1 X86.796 Y110 E.06084
G1 X86.796 Y90 E.67698
G1 X87.19 Y88.461 E.05376
G1 X88.275 Y87.301 E.05376
G1 X90 Y86.796 E.06084
G1 X110 Y86.796 E.67698
G1 X111.539 Y87.19 E.05376
G1 X112.699 Y88.275 E.05376
G1 X113.204 Y90 E.06084
G1 X113.204 Y106.584 E.56134
; printing object 20mmbox-LF.stl id:0 copy 0
M204 S10000
G1 E-.8 F1800
G1 X109.325 Y109.325 Z11.6 F7200
G1 Z11.2
G1 E.8 F1800
M204 S1500
;TYPE:Inner wall
G1 F1473.913
G1 X90.675 Y109.325 E.63128
G1 X90.675 Y90.675 E.63128
G1 X109.325 Y90.675 E.63128
G1 X109.325 Y109.285 E.62993
M204 S10000
G1 X109.775 Y109.775 F7200
M204 S500
;TYPE:Outer wall
G1 F1473.913
G1 X90.225 Y109.775 E.66174
G1 X90.225 Y90.225 E.66174
G1 X109.775 Y90.225 E.66174
G1 X109.775 Y109.735 E.66039
M204 S10000
G1 E-.8 F1800
G1 X108.979 Y106.664 Z11.6 F7200
G1 Z11.2
G1 E.8 F1800
M204 S500
;TYPE:Sparse infill
G1 F1473.913
G1 X108.979 Y108.292 E.05512
G1 X108.292 Y108.979 E.03289
G1 X108.979 Y108.979 E.02326
G1 X91.021 Y91.021 E.85964
G1 X91.021 Y91.708 E.02326
G1 X91.708 Y91.021 E.03289
G1 X93.336 Y91.021 E.05512
M204 S10000
G1 E-.8 F1800
G1 X100.887 Y92.139 Z11.6 F7200
G1 X108.979 Y93.336 Z11.6
G1 Z11.2
G1 E.8 F1800
M204 S500
G1 F1473.913
G1 X108.979 Y91.708 E.05512
G1 X108.292 Y91.021 E.03289
G1 X108.979 Y91.021 E.02326
G1 X91.021 Y108.979 E.85964
G1 X91.021 Y108.292 E.02326
G1 X91.708 Y108.979 E.03289
G1 X96.778 Y108.979 E.17161
G1 X108.979 Y96.778 E.58405
G1 X108.979 Y97.465 E.02326
G1 X102.535 Y91.021 E.30847
G1 X103.222 Y91.021 E.02326
M73 P54 R19
G1 X91.021 Y103.222 E.58405
G1 X91.021 Y102.535 E.02326
G1 X97.465 Y108.979 E.30847
G1 X102.535 Y108.979 E.17161
G1 X108.979 Y102.535 E.30847
G1 X108.979 Y103.222 E.02326
G1 X96.778 Y91.021 E.58405
G1 X97.465 Y91.021 E.02326
G1 X91.021 Y97.465 E.30847
G1 X91.021 Y96.778 E.02326
G1 X103.222 Y108.979 E.58405
G1 X104.85 Y108.979 E.05512
; stop printing object 20mmbox-LF.stl id:0 copy 0
;LAYER_CHANGE
;Z:11.4
;HEIGHT:0.2
G92 E0
;_SET_FAN_SPEED_CHANGING_LAYER
M204 S10000
G1 E-.8 F1800
G1 X104.85 Y113.611 Z11.8 F7200
G1 Z11.4
G1 E.8 F1800
M204 S500
;TYPE:Skirt
G1 F1473.913
G1 X90 Y113.611 E.50267
G1 X88.359 Y113.216 E.05713
G1 X87.077 Y112.119 E.05713
G1 X86.389 Y110 E.0754
G1 X86.389 Y90 E.67698
G1 X86.784 Y88.359 E.05713
G1 X87.881 Y87.077 E.05713
G1 X90 Y86.389 E.0754
G1 X110 Y86.389 E.67698
G1 X111.641 Y86.784 E.05713
G1 X112.923 Y87.881 E.05713
G1 X113.611 Y90 E.0754
G1 X113.611 Y110 E.67698
G1 X113.216 Y111.641 E.05713
G1 X112.119 Y112.923 E.05713
G1 X110 Y113.611 E.0754
G1 X104.89 Y113.611 E.17296
M204 S10000
G1 X104.89 Y113.611 F7200
G1 X90 Y113.611
G1 X104.89 Y113.204
M204 S500
G1 F1473.913
G1 X90 Y113.204 E.50402
G1 X88.461 Y112.81 E.05376
G1 X87.301 Y111.725 E.05376
G1 X86.796 Y110 E.06084
G1 X86.796 Y90 E.67698
G1 X87.19 Y88.461 E.05376
G1 X88.275 Y87.301 E.05376
G1 X90 Y86.796 E.06084
G1 X110 Y86.796 E.67698
G1 X111.539 Y87.19 E.05376
M73 P55 R19
G1 X112.699 Y88.275 E.05376
G1 X113.204 Y90 E.06084
G1 X113.204 Y110 E.67698
G1 X112.81 Y111.539 E.05376
G1 X111.725 Y112.699 E.05376
G1 X110 Y113.204 E.06084
G1 X104.93 Y113.204 E.1716
; printing object 20mmbox-LF.stl id:0 copy 0
M204 S10000
G1 E-.8 F1800
G1 X109.325 Y109.325 Z11.8 F7200
G1 Z11.4
G1 E.8 F1800
M204 S1500
;TYPE:Inner wall
G1 F1473.913
G1 X90.675 Y109.325 E.63128
G1 X90.675 Y90.675 E.63128
G1 X109.325 Y90.675 E.63128
G1 X109.325 Y109.285 E.62993
M204 S10000
G1 X109.775 Y109.775 F7200
M204 S500
;TYPE:Outer wall
G1 F1473.913
G1 X90.225 Y109.775 E.66174
G1 X90.225 Y90.225 E.66174
G1 X109.775 Y90.225 E.66174
G1 X109.775 Y109.735 E.66039
M204 S10000
G1 E-.8 F1800
G1 X104.85 Y108.979 Z11.8 F7200
G1 Z11.4
G1 E.8 F1800
M204 S500
;TYPE:Sparse infill
G1 F1473.913
G1 X103.222 Y108.979 E.05512
G1 X91.021 Y96.778 E.58405
G1 X91.021 Y97.465 E.02326
G1 X97.465 Y91.021 E.30847
G1 X96.778 Y91.021 E.02326
G1 X108.979 Y103.222 E.58405
G1 X108.979 Y102.535 E.02326
G1 X102.535 Y108.979 E.30847
G1 X97.465 Y108.979 E.17161
G1 X91.021 Y102.535 E.30847
G1 X91.021 Y103.222 E.02326
G1 X103.222 Y91.021 E.58405
G1 X102.535 Y91.021 E.02326
G1 X108.979 Y97.465 E.30847
G1 X108.979 Y96.778 E.02326
G1 X96.778 Y108.979 E.58405
G1 X91.708 Y108.979 E.17161
G1 X91.021 Y108.292 E.03289
G1 X91.021 Y108.979 E.02326
G1 X108.979 Y91.021 E.85964
G1 X108.292 Y91.021 E.02326
G1 X108.979 Y91.708 E.03289
G1 X108.979 Y93.336 E.05512
M204 S10000
G1 E-.8 F1800
G1 X101.429 Y92.219 Z11.8 F7200
G1 X93.336 Y91.021 Z11.8
G1 Z11.4
G1 E.8 F1800
M204 S500
G1 F1473.913
G1 X91.708 Y91.021 E.05512
G1 X91.021 Y91.708 E.03289
G1 X91.021 Y91.021 E.02326
G1 X108.979 Y108.979 E.85964
G1 X108.292 Y108.979 E.02326
G1 X108.979 Y108.292 E.03289
G1 X108.979 Y106.664 E.05512
; stop printing object 20mmbox-LF.stl id:0 copy 0
;LAYER_CHANGE
;Z:11.6
;HEIGHT:0.200001
G92 E0
;_SET_FAN_SPEED_CHANGING_LAYER
M204 S10000
G1 E-.8 F1800
G1 X113.611 Y106.664 Z12 F7200
G1 Z11.6
G1 E.8 F1800
M204 S500
;TYPE:Skirt
G1 F1473.913
G1 X113.611 Y110 E.11293
G1 X113.216 Y111.641 E.05713
G1 X112.119 Y112.923 E.05713
G1 X110 Y113.611 E.0754
G1 X90 Y113.611 E.67698
G1 X88.359 Y113.216 E.05713
G1 X87.077 Y112.119 E.05713
G1 X86.389 Y110 E.0754
G1 X86.389 Y90 E.67698
G1 X86.784 Y88.359 E.05713
G1 X87.881 Y87.077 E.05713
G1 X90 Y86.389 E.0754
G1 X110 Y86.389 E.67698
G1 X111.641 Y86.784 E.05713
G1 X112.923 Y87.881 E.05713
G1 X113.611 Y90 E.0754
G1 X113.611 Y106.624 E.56269
M204 S10000
G1 X113.611 Y106.624 F7200
G1 X113.611 Y110
G1 X113.216 Y111.641
G1 X113.204 Y106.624
M204 S500
G1 F1473.913
G1 X113.204 Y110 E.11429
G1 X112.81 Y111.539 E.05376
G1 X111.725 Y112.699 E.05376
G1 X110 Y113.204 E.06084
G1 X90 Y113.204 E.67698
G1 X88.461 Y112.81 E.05376
G1 X87.301 Y111.725 E.05376
G1 X86.796 Y110 E.06084
G1 X86.796 Y90 E.67698
G1 X87.19 Y88.461 E.05376
G1 X88.275 Y87.301 E.05376
G1 X90 Y86.796 E.06084
G1 X110 Y86.796 E.67698
G1 X111.539 Y87.19 E.05376
G1 X112.699 Y88.275 E.05376
G1 X113.204 Y90 E.06084
G1 X113.204 Y106.584 E.56134
; printing object 20mmbox-LF.stl id:0 copy 0
M204 S10000
G1 E-.8 F1800
G1 X109.325 Y109.325 Z12 F7200
G1 Z11.6
G1 E.8 F1800
M204 S1500
;TYPE:Inner wall
G1 F1473.913
G1 X90.675 Y109.325 E.63128
G1 X90.675 Y90.675 E.63128
M73 P56 R19
G1 X109.325 Y90.675 E.63128
G1 X109.325 Y109.285 E.62993
M204 S10000
G1 X109.775 Y109.775 F7200
M204 S500
;TYPE:Outer wall
G1 F1473.913
G1 X90.225 Y109.775 E.66174
G1 X90.225 Y90.225 E.66174
G1 X109.775 Y90.225 E.66174
G1 X109.775 Y109.735 E.66039
M204 S10000
G1 E-.8 F1800
G1 X108.979 Y106.664 Z12 F7200
G1 Z11.6
G1 E.8 F1800
M204 S500
;TYPE:Sparse infill
G1 F1473.913
G1 X108.979 Y108.292 E.05512
G1 X108.292 Y108.979 E.03289
G1 X108.979 Y108.979 E.02326
G1 X91.021 Y91.021 E.85964
G1 X91.021 Y91.708 E.02326
G1 X91.708 Y91.021 E.03289
G1 X93.336 Y91.021 E.05512
M204 S10000
G1 E-.8 F1800
G1 X100.887 Y92.139 Z12 F7200
G1 X108.979 Y93.336 Z12
G1 Z11.6
G1 E.8 F1800
M204 S500
G1 F1473.913
G1 X108.979 Y91.708 E.05512
G1 X108.292 Y91.021 E.03289
G1 X108.979 Y91.021 E.02326
G1 X91.021 Y108.979 E.85964
G1 X91.021 Y108.292 E.02326
G1 X91.708 Y108.979 E.03289
G1 X96.778 Y108.979 E.17161
G1 X108.979 Y96.778 E.58405
G1 X108.979 Y97.465 E.02326
G1 X102.535 Y91.021 E.30847
G1 X103.222 Y91.021 E.02326
G1 X91.021 Y103.222 E.58405
G1 X91.021 Y102.535 E.02326
G1 X97.465 Y108.979 E.30847
G1 X102.535 Y108.979 E.17161
G1 X108.979 Y102.535 E.30847
G1 X108.979 Y103.222 E.02326
G1 X96.778 Y91.021 E.58405
G1 X97.465 Y91.021 E.02326
G1 X91.021 Y97.465 E.30847
G1 X91.021 Y96.778 E.02326
G1 X103.222 Y108.979 E.58405
G1 X104.85 Y108.979 E.05512
; stop printing object 20mmbox-LF.stl id:0 copy 0
;LAYER_CHANGE
;Z:11.8
;HEIGHT:0.2
G92 E0
;_SET_FAN_SPEED_CHANGING_LAYER
M204 S10000
G1 E-.8 F1800
G1 X104.85 Y113.611 Z12.2 F7200
G1 Z11.8
G1 E.8 F1800
M204 S500
;TYPE:Skirt
G1 F1473.913
G1 X90 Y113.611 E.50267
G1 X88.359 Y113.216 E.05713
G1 X87.077 Y112.119 E.05713
G1 X86.389 Y110 E.0754
G1 X86.389 Y90 E.67698
G1 X86.784 Y88.359 E.05713
G1 X87.881 Y87.077 E.05713
G1 X90 Y86.389 E.0754
G1 X110 Y86.389 E.67698
G1 X111.641 Y86.784 E.05713
G1 X112.923 Y87.881 E.05713
G1 X113.611 Y90 E.0754
G1 X113.611 Y110 E.67698
G1 X113.216 Y111.641 E.05713
G1 X112.119 Y112.923 E.05713
G1 X110 Y113.611 E.0754
G1 X104.89 Y113.611 E.17296
M204 S10000
G1 X104.89 Y113.611 F7200
G1 X90 Y113.611
G1 X104.89 Y113.204
M204 S500
G1 F1473.913
G1 X90 Y113.204 E.50402
G1 X88.461 Y112.81 E.05376
G1 X87.301 Y111.725 E.05376
G1 X86.796 Y110 E.06084
G1 X86.796 Y90 E.67698
G1 X87.19 Y88.461 E.05376
G1 X88.275 Y87.301 E.05376
G1 X90 Y86.796 E.06084
G1 X110 Y86.796 E.67698
G1 X111.539 Y87.19 E.05376
M73 P56 R18
G1 X112.699 Y88.275 E.05376
G1 X113.204 Y90 E.06084
G1 X113.204 Y110 E.67698
G1 X112.81 Y111.539 E.05376
G1 X111.725 Y112.699 E.05376
G1 X110 Y113.204 E.06084
G1 X104.93 Y113.204 E.1716
; printing object 20mmbox-LF.stl id:0 copy 0
M204 S10000
G1 E-.8 F1800
G1 X109.325 Y109.325 Z12.2 F7200
G1 Z11.8
G1 E.8 F1800
M204 S1500
;TYPE:Inner wall
G1 F1473.913
G1 X90.675 Y109.325 E.63128
G1 X90.675 Y90.675 E.63128
G1 X109.325 Y90.675 E.63128
G1 X109.325 Y109.285 E.62993
M204 S10000
G1 X109.775 Y109.775 F7200
M73 P57 R18
M204 S500
;TYPE:Outer wall
G1 F1473.913
G1 X90.225 Y109.775 E.66174
G1 X90.225 Y90.225 E.66174
G1 X109.775 Y90.225 E.66174
G1 X109.775 Y109.735 E.66039
M204 S10000
G1 E-.8 F1800
G1 X104.85 Y108.979 Z12.2 F7200
G1 Z11.8
G1 E.8 F1800
M204 S500
;TYPE:Sparse infill
G1 F1473.913
G1 X103.222 Y108.979 E.05512
G1 X91.021 Y96.778 E.58405
G1 X91.021 Y97.465 E.02326
G1 X97.465 Y91.021 E.30847
G1 X96.778 Y91.021 E.02326
G1 X108.979 Y103.222 E.58405
G1 X108.979 Y102.535 E.02326
G1 X102.535 Y108.979 E.30847
G1 X97.465 Y108.979 E.17161
G1 X91.021 Y102.535 E.30847
G1 X91.021 Y103.222 E.02326
G1 X103.222 Y91.021 E.58405
G1 X102.535 Y91.021 E.02326
G1 X108.979 Y97.465 E.30847
G1 X108.979 Y96.778 E.02326
G1 X96.778 Y108.979 E.58405
G1 X91.708 Y108.979 E.17161
G1 X91.021 Y108.292 E.03289
G1 X91.021 Y108.979 E.02326
G1 X108.979 Y91.021 E.85964
G1 X108.292 Y91.021 E.02326
G1 X108.979 Y91.708 E.03289
G1 X108.979 Y93.336 E.05512
M204 S10000
G1 E-.8 F1800
G1 X101.429 Y92.219 Z12.2 F7200
G1 X93.336 Y91.021 Z12.2
G1 Z11.8
G1 E.8 F1800
M204 S500
G1 F1473.913
G1 X91.708 Y91.021 E.05512
G1 X91.021 Y91.708 E.03289
G1 X91.021 Y91.021 E.02326
G1 X108.979 Y108.979 E.85964
G1 X108.292 Y108.979 E.02326
G1 X108.979 Y108.292 E.03289
G1 X108.979 Y106.664 E.05512
; stop printing object 20mmbox-LF.stl id:0 copy 0
;LAYER_CHANGE
;Z:12
;HEIGHT:0.2
G92 E0
;_SET_FAN_SPEED_CHANGING_LAYER
M204 S10000
G1 E-.8 F1800
G1 X113.611 Y106.664 Z12.4 F7200
G1 Z12
G1 E.8 F1800
M204 S500
;TYPE:Skirt
G1 F1473.913
G1 X113.611 Y110 E.11293
G1 X113.216 Y111.641 E.05713
G1 X112.119 Y112.923 E.05713
G1 X110 Y113.611 E.0754
G1 X90 Y113.611 E.67698
G1 X88.359 Y113.216 E.05713
G1 X87.077 Y112.119 E.05713
G1 X86.389 Y110 E.0754
G1 X86.389 Y90 E.67698
G1 X86.784 Y88.359 E.05713
G1 X87.881 Y87.077 E.05713
G1 X90 Y86.389 E.0754
G1 X110 Y86.389 E.67698
G1 X111.641 Y86.784 E.05713
G1 X112.923 Y87.881 E.05713
G1 X113.611 Y90 E.0754
G1 X113.611 Y106.624 E.56269
M204 S10000
G1 X113.611 Y106.624 F7200
G1 X113.611 Y110
G1 X113.216 Y111.641
G1 X113.204 Y106.624
M204 S500
G1 F1473.913
G1 X113.204 Y110 E.11429
G1 X112.81 Y111.539 E.05376
G1 X111.725 Y112.699 E.05376
G1 X110 Y113.204 E.06084
G1 X90 Y113.204 E.67698
G1 X88.461 Y112.81 E.05376
G1 X87.301 Y111.725 E.05376
G1 X86.796 Y110 E.06084
G1 X86.796 Y90 E.67698
G1 X87.19 Y88.461 E.05376
G1 X88.275 Y87.301 E.05376
G1 X90 Y86.796 E.06084
G1 X110 Y86.796 E.67698
G1 X111.539 Y87.19 E.05376
G1 X112.699 Y88.275 E.05376
G1 X113.204 Y90 E.06084
G1 X113.204 Y106.584 E.56134
; printing object 20mmbox-LF.stl id:0 copy 0
M204 S10000
G1 E-.8 F1800
G1 X109.325 Y109.325 Z12.4 F7200
G1 Z12
G1 E.8 F1800
M204 S1500
;TYPE:Inner wall
G1 F1473.913
G1 X90.675 Y109.325 E.63128
G1 X90.675 Y90.675 E.63128
G1 X109.325 Y90.675 E.63128
G1 X109.325 Y109.285 E.62993
M204 S10000
G1 X109.775 Y109.775 F7200
M204 S500
;TYPE:Outer wall
G1 F1473.913
G1 X90.225 Y109.775 E.66174
G1 X90.225 Y90.225 E.66174
G1 X109.775 Y90.225 E.66174
M73 P58 R18
G1 X109.775 Y109.735 E.66039
M204 S10000
G1 E-.8 F1800
G1 X108.979 Y106.664 Z12.4 F7200
G1 Z12
G1 E.8 F1800
M204 S500
;TYPE:Sparse infill
G1 F1473.913
G1 X108.979 Y108.292 E.05512
G1 X108.292 Y108.979 E.03289
G1 X108.979 Y108.979 E.02326
G1 X91.021 Y91.021 E.85964
G1 X91.021 Y91.708 E.02326
G1 X91.708 Y91.021 E.03289
G1 X93.336 Y91.021 E.05512
M204 S10000
G1 E-.8 F1800
G1 X100.887 Y92.139 Z12.4 F7200
G1 X108.979 Y93.336 Z12.4
G1 Z12
G1 E.8 F1800
M204 S500
G1 F1473.913
G1 X108.979 Y91.708 E.05512
G1 X108.292 Y91.021 E.03289
G1 X108.979 Y91.021 E.02326
G1 X91.021 Y108.979 E.85964
G1 X91.021 Y108.292 E.02326
G1 X91.708 Y108.979 E.03289
G1 X96.778 Y108.979 E.17161
G1 X108.979 Y96.778 E.58405
G1 X108.979 Y97.465 E.02326
G1 X102.535 Y91.021 E.30847
G1 X103.222 Y91.021 E.02326
G1 X91.021 Y103.222 E.58405
G1 X91.021 Y102.535 E.02326
G1 X97.465 Y108.979 E.30847
G1 X102.535 Y108.979 E.17161
G1 X108.979 Y102.535 E.30847
G1 X108.979 Y103.222 E.02326
G1 X96.778 Y91.021 E.58405
G1 X97.465 Y91.021 E.02326
G1 X91.021 Y97.465 E.30847
G1 X91.021 Y96.778 E.02326
G1 X103.222 Y108.979 E.58405
G1 X104.85 Y108.979 E.05512
; stop printing object 20mmbox-LF.stl id:0 copy 0
;LAYER_CHANGE
;Z:12.2
;HEIGHT:0.2
G92 E0
;_SET_FAN_SPEED_CHANGING_LAYER
M204 S10000
G1 E-.8 F1800
G1 X104.85 Y113.611 Z12.6 F7200
G1 Z12.2
G1 E.8 F1800
M204 S500
;TYPE:Skirt
G1 F1473.913
G1 X90 Y113.611 E.50267
G1 X88.359 Y113.216 E.05713
G1 X87.077 Y112.119 E.05713
G1 X86.389 Y110 E.0754
G1 X86.389 Y90 E.67698
G1 X86.784 Y88.359 E.05713
G1 X87.881 Y87.077 E.05713
G1 X90 Y86.389 E.0754
G1 X110 Y86.389 E.67698
G1 X111.641 Y86.784 E.05713
G1 X112.923 Y87.881 E.05713
G1 X113.611 Y90 E.0754
G1 X113.611 Y110 E.67698
G1 X113.216 Y111.641 E.05713
G1 X112.119 Y112.923 E.05713
G1 X110 Y113.611 E.0754
G1 X104.89 Y113.611 E.17296
M204 S10000
G1 X104.89 Y113.611 F7200
G1 X90 Y113.611
G1 X104.89 Y113.204
M204 S500
G1 F1473.913
G1 X90 Y113.204 E.50402
G1 X88.461 Y112.81 E.05376
G1 X87.301 Y111.725 E.05376
G1 X86.796 Y110 E.06084
G1 X86.796 Y90 E.67698
G1 X87.19 Y88.461 E.05376
G1 X88.275 Y87.301 E.05376
G1 X90 Y86.796 E.06084
G1 X110 Y86.796 E.67698
G1 X111.539 Y87.19 E.05376
G1 X112.699 Y88.275 E.05376
G1 X113.204 Y90 E.06084
G1 X113.204 Y110 E.67698
G1 X112.81 Y111.539 E.05376
G1 X111.725 Y112.699 E.05376
G1 X110 Y113.204 E.06084
G1 X104.93 Y113.204 E.1716
; printing object 20mmbox-LF.stl id:0 copy 0
M204 S10000
G1 E-.8 F1800
G1 X109.325 Y109.325 Z12.6 F7200
G1 Z12.2
G1 E.8 F1800
M204 S1500
;TYPE:Inner wall
G1 F1473.913
G1 X90.675 Y109.325 E.63128
G1 X90.675 Y90.675 E.63128
G1 X109.325 Y90.675 E.63128
G1 X109.325 Y109.285 E.62993
M204 S10000
G1 X109.775 Y109.775 F7200
M204 S500
;TYPE:Outer wall
G1 F1473.913
G1 X90.225 Y109.775 E.66174
G1 X90.225 Y90.225 E.66174
G1 X109.775 Y90.225 E.66174
G1 X109.775 Y109.735 E.66039
M204 S10000
G1 E-.8 F1800
G1 X104.85 Y108.979 Z12.6 F7200
G1 Z12.2
G1 E.8 F1800
M73 P59 R18
M204 S500
;TYPE:Sparse infill
G1 F1473.913
G1 X103.222 Y108.979 E.05512
G1 X91.021 Y96.778 E.58405
G1 X91.021 Y97.465 E.02326
G1 X97.465 Y91.021 E.30847
G1 X96.778 Y91.021 E.02326
G1 X108.979 Y103.222 E.58405
G1 X108.979 Y102.535 E.02326
G1 X102.535 Y108.979 E.30847
G1 X97.465 Y108.979 E.17161
G1 X91.021 Y102.535 E.30847
G1 X91.021 Y103.222 E.02326
M73 P59 R17
G1 X103.222 Y91.021 E.58405
G1 X102.535 Y91.021 E.02326
G1 X108.979 Y97.465 E.30847
G1 X108.979 Y96.778 E.02326
G1 X96.778 Y108.979 E.58405
G1 X91.708 Y108.979 E.17161
G1 X91.021 Y108.292 E.03289
G1 X91.021 Y108.979 E.02326
G1 X108.979 Y91.021 E.85964
G1 X108.292 Y91.021 E.02326
G1 X108.979 Y91.708 E.03289
G1 X108.979 Y93.336 E.05512
M204 S10000
G1 E-.8 F1800
G1 X101.429 Y92.219 Z12.6 F7200
G1 X93.336 Y91.021 Z12.6
G1 Z12.2
G1 E.8 F1800
M204 S500
G1 F1473.913
G1 X91.708 Y91.021 E.05512
G1 X91.021 Y91.708 E.03289
G1 X91.021 Y91.021 E.02326
G1 X108.979 Y108.979 E.85964
G1 X108.292 Y108.979 E.02326
G1 X108.979 Y108.292 E.03289
G1 X108.979 Y106.664 E.05512
; stop printing object 20mmbox-LF.stl id:0 copy 0
;LAYER_CHANGE
;Z:12.4
;HEIGHT:0.2
G92 E0
;_SET_FAN_SPEED_CHANGING_LAYER
M204 S10000
G1 E-.8 F1800
G1 X113.611 Y106.664 Z12.8 F7200
G1 Z12.4
G1 E.8 F1800
M204 S500
;TYPE:Skirt
G1 F1473.913
G1 X113.611 Y110 E.11293
G1 X113.216 Y111.641 E.05713
G1 X112.119 Y112.923 E.05713
G1 X110 Y113.611 E.0754
G1 X90 Y113.611 E.67698
G1 X88.359 Y113.216 E.05713
G1 X87.077 Y112.119 E.05713
G1 X86.389 Y110 E.0754
G1 X86.389 Y90 E.67698
G1 X86.784 Y88.359 E.05713
G1 X87.881 Y87.077 E.05713
G1 X90 Y86.389 E.0754
G1 X110 Y86.389 E.67698
G1 X111.641 Y86.784 E.05713
G1 X112.923 Y87.881 E.05713
G1 X113.611 Y90 E.0754
G1 X113.611 Y106.624 E.56269
M204 S10000
G1 X113.611 Y106.624 F7200
G1 X113.611 Y110
G1 X113.216 Y111.641
G1 X113.204 Y106.624
M204 S500
G1 F1473.913
G1 X113.204 Y110 E.11429
G1 X112.81 Y111.539 E.05376
G1 X111.725 Y112.699 E.05376
G1 X110 Y113.204 E.06084
G1 X90 Y113.204 E.67698
G1 X88.461 Y112.81 E.05376
G1 X87.301 Y111.725 E.05376
G1 X86.796 Y110 E.06084
G1 X86.796 Y90 E.67698
G1 X87.19 Y88.461 E.05376
G1 X88.275 Y87.301 E.05376
G1 X90 Y86.796 E.06084
G1 X110 Y86.796 E.67698
G1 X111.539 Y87.19 E.05376
G1 X112.699 Y88.275 E.05376
G1 X113.204 Y90 E.06084
G1 X113.204 Y106.584 E.56134
; printing object 20mmbox-LF.stl id:0 copy 0
M204 S10000
G1 E-.8 F1800
G1 X109.325 Y109.325 Z12.8 F7200
G1 Z12.4
G1 E.8 F1800
M204 S1500
;TYPE:Inner wall
G1 F1473.913
G1 X90.675 Y109.325 E.63128
G1 X90.675 Y90.675 E.63128
G1 X109.325 Y90.675 E.63128
G1 X109.325 Y109.285 E.62993
M204 S10000
G1 X109.775 Y109.775 F7200
M204 S500
;TYPE:Outer wall
G1 F1473.913
G1 X90.225 Y109.775 E.66174
G1 X90.225 Y90.225 E.66174
G1 X109.775 Y90.225 E.66174
G1 X109.775 Y109.735 E.66039
M204 S10000
G1 E-.8 F1800
G1 X108.979 Y106.664 Z12.8 F7200
G1 Z12.4
G1 E.8 F1800
M204 S500
;TYPE:Sparse infill
G1 F1473.913
G1 X108.979 Y108.292 E.05512
G1 X108.292 Y108.979 E.03289
G1 X108.979 Y108.979 E.02326
G1 X91.021 Y91.021 E.85964
G1 X91.021 Y91.708 E.02326
G1 X91.708 Y91.021 E.03289
G1 X93.336 Y91.021 E.05512
M204 S10000
G1 E-.8 F1800
G1 X100.887 Y92.139 Z12.8 F7200
G1 X108.979 Y93.336 Z12.8
G1 Z12.4
G1 E.8 F1800
M204 S500
G1 F1473.913
G1 X108.979 Y91.708 E.05512
G1 X108.292 Y91.021 E.03289
G1 X108.979 Y91.021 E.02326
G1 X91.021 Y108.979 E.85964
G1 X91.021 Y108.292 E.02326
M73 P60 R17
G1 X91.708 Y108.979 E.03289
G1 X96.778 Y108.979 E.17161
G1 X108.979 Y96.778 E.58405
G1 X108.979 Y97.465 E.02326
G1 X102.535 Y91.021 E.30847
G1 X103.222 Y91.021 E.02326
G1 X91.021 Y103.222 E.58405
G1 X91.021 Y102.535 E.02326
G1 X97.465 Y108.979 E.30847
G1 X102.535 Y108.979 E.17161
G1 X108.979 Y102.535 E.30847
G1 X108.979 Y103.222 E.02326
G1 X96.778 Y91.021 E.58405
G1 X97.465 Y91.021 E.02326
G1 X91.021 Y97.465 E.30847
G1 X91.021 Y96.778 E.02326
G1 X103.222 Y108.979 E.58405
G1 X104.85 Y108.979 E.05512
; stop printing object 20mmbox-LF.stl id:0 copy 0
;LAYER_CHANGE
;Z:12.6
;HEIGHT:0.200001
G92 E0
;_SET_FAN_SPEED_CHANGING_LAYER
M204 S10000
G1 E-.8 F1800
G1 X104.85 Y113.611 Z13 F7200
G1 Z12.6
G1 E.8 F1800
M204 S500
;TYPE:Skirt
G1 F1473.913
G1 X90 Y113.611 E.50267
G1 X88.359 Y113.216 E.05713
G1 X87.077 Y112.119 E.05713
G1 X86.389 Y110 E.0754
G1 X86.389 Y90 E.67698
G1 X86.784 Y88.359 E.05713
G1 X87.881 Y87.077 E.05713
G1 X90 Y86.389 E.0754
G1 X110 Y86.389 E.67698
G1 X111.641 Y86.784 E.05713
G1 X112.923 Y87.881 E.05713
G1 X113.611 Y90 E.0754
G1 X113.611 Y110 E.67698
G1 X113.216 Y111.641 E.05713
G1 X112.119 Y112.923 E.05713
G1 X110 Y113.611 E.0754
G1 X104.89 Y113.611 E.17296
M204 S10000
G1 X104.89 Y113.611 F7200
G1 X90 Y113.611
G1 X104.89 Y113.204
M204 S500
G1 F1473.913
G1 X90 Y113.204 E.50402
G1 X88.461 Y112.81 E.05376
G1 X87.301 Y111.725 E.05376
G1 X86.796 Y110 E.06084
G1 X86.796 Y90 E.67698
G1 X87.19 Y88.461 E.05376
G1 X88.275 Y87.301 E.05376
G1 X90 Y86.796 E.06084
G1 X110 Y86.796 E.67698
G1 X111.539 Y87.19 E.05376
G1 X112.699 Y88.275 E.05376
G1 X113.204 Y90 E.06084
G1 X113.204 Y110 E.67698
G1 X112.81 Y111.539 E.05376
G1 X111.725 Y112.699 E.05376
G1 X110 Y113.204 E.06084
G1 X104.93 Y113.204 E.1716
; printing object 20mmbox-LF.stl id:0 copy 0
M204 S10000
G1 E-.8 F1800
G1 X109.325 Y109.325 Z13 F7200
G1 Z12.6
G1 E.8 F1800
M204 S1500
;TYPE:Inner wall
G1 F1473.913
G1 X90.675 Y109.325 E.63128
G1 X90.675 Y90.675 E.63128
G1 X109.325 Y90.675 E.63128
G1 X109.325 Y109.285 E.62993
M204 S10000
G1 X109.775 Y109.775 F7200
M204 S500
;TYPE:Outer wall
G1 F1473.913
G1 X90.225 Y109.775 E.66174
G1 X90.225 Y90.225 E.66174
G1 X109.775 Y90.225 E.66174
G1 X109.775 Y109.735 E.66039
M204 S10000
G1 E-.8 F1800
G1 X104.85 Y108.979 Z13 F7200
G1 Z12.6
G1 E.8 F1800
M204 S500
;TYPE:Sparse infill
G1 F1473.913
G1 X103.222 Y108.979 E.05512
G1 X91.021 Y96.778 E.58405
G1 X91.021 Y97.465 E.02326
G1 X97.465 Y91.021 E.30847
G1 X96.778 Y91.021 E.02326
G1 X108.979 Y103.222 E.58405
G1 X108.979 Y102.535 E.02326
G1 X102.535 Y108.979 E.30847
G1 X97.465 Y108.979 E.17161
G1 X91.021 Y102.535 E.30847
G1 X91.021 Y103.222 E.02326
G1 X103.222 Y91.021 E.58405
G1 X102.535 Y91.021 E.02326
G1 X108.979 Y97.465 E.30847
G1 X108.979 Y96.778 E.02326
M73 P61 R17
G1 X96.778 Y108.979 E.58405
G1 X91.708 Y108.979 E.17161
G1 X91.021 Y108.292 E.03289
G1 X91.021 Y108.979 E.02326
G1 X108.979 Y91.021 E.85964
G1 X108.292 Y91.021 E.02326
G1 X108.979 Y91.708 E.03289
G1 X108.979 Y93.336 E.05512
M204 S10000
G1 E-.8 F1800
G1 X101.429 Y92.219 Z13 F7200
G1 X93.336 Y91.021 Z13
G1 Z12.6
G1 E.8 F1800
M204 S500
G1 F1473.913
G1 X91.708 Y91.021 E.05512
G1 X91.021 Y91.708 E.03289
G1 X91.021 Y91.021 E.02326
G1 X108.979 Y108.979 E.85964
G1 X108.292 Y108.979 E.02326
G1 X108.979 Y108.292 E.03289
G1 X108.979 Y106.664 E.05512
; stop printing object 20mmbox-LF.stl id:0 copy 0
;LAYER_CHANGE
;Z:12.8
;HEIGHT:0.2
G92 E0
;_SET_FAN_SPEED_CHANGING_LAYER
M204 S10000
G1 E-.8 F1800
G1 X113.611 Y106.664 Z13.2 F7200
G1 Z12.8
G1 E.8 F1800
M204 S500
;TYPE:Skirt
G1 F1473.913
G1 X113.611 Y110 E.11293
G1 X113.216 Y111.641 E.05713
G1 X112.119 Y112.923 E.05713
G1 X110 Y113.611 E.0754
G1 X90 Y113.611 E.67698
G1 X88.359 Y113.216 E.05713
G1 X87.077 Y112.119 E.05713
G1 X86.389 Y110 E.0754
G1 X86.389 Y90 E.67698
G1 X86.784 Y88.359 E.05713
G1 X87.881 Y87.077 E.05713
G1 X90 Y86.389 E.0754
G1 X110 Y86.389 E.67698
G1 X111.641 Y86.784 E.05713
G1 X112.923 Y87.881 E.05713
G1 X113.611 Y90 E.0754
G1 X113.611 Y106.624 E.56269
M204 S10000
G1 X113.611 Y106.624 F7200
G1 X113.611 Y110
G1 X113.216 Y111.641
G1 X113.204 Y106.624
M204 S500
G1 F1473.913
G1 X113.204 Y110 E.11429
G1 X112.81 Y111.539 E.05376
G1 X111.725 Y112.699 E.05376
G1 X110 Y113.204 E.06084
G1 X90 Y113.204 E.67698
G1 X88.461 Y112.81 E.05376
G1 X87.301 Y111.725 E.05376
M73 P61 R16
G1 X86.796 Y110 E.06084
G1 X86.796 Y90 E.67698
G1 X87.19 Y88.461 E.05376
G1 X88.275 Y87.301 E.05376
G1 X90 Y86.796 E.06084
G1 X110 Y86.796 E.67698
G1 X111.539 Y87.19 E.05376
G1 X112.699 Y88.275 E.05376
G1 X113.204 Y90 E.06084
G1 X113.204 Y106.584 E.56134
; printing object 20mmbox-LF.stl id:0 copy 0
M204 S10000
G1 E-.8 F1800
G1 X109.325 Y109.325 Z13.2 F7200
G1 Z12.8
G1 E.8 F1800
M204 S1500
;TYPE:Inner wall
G1 F1473.913
G1 X90.675 Y109.325 E.63128
G1 X90.675 Y90.675 E.63128
G1 X109.325 Y90.675 E.63128
G1 X109.325 Y109.285 E.62993
M204 S10000
G1 X109.775 Y109.775 F7200
M204 S500
;TYPE:Outer wall
G1 F1473.913
G1 X90.225 Y109.775 E.66174
G1 X90.225 Y90.225 E.66174
G1 X109.775 Y90.225 E.66174
G1 X109.775 Y109.735 E.66039
M204 S10000
G1 E-.8 F1800
G1 X108.979 Y106.664 Z13.2 F7200
G1 Z12.8
G1 E.8 F1800
M204 S500
;TYPE:Sparse infill
G1 F1473.913
G1 X108.979 Y108.292 E.05512
G1 X108.292 Y108.979 E.03289
G1 X108.979 Y108.979 E.02326
G1 X91.021 Y91.021 E.85964
G1 X91.021 Y91.708 E.02326
G1 X91.708 Y91.021 E.03289
G1 X93.336 Y91.021 E.05512
M204 S10000
G1 E-.8 F1800
G1 X100.887 Y92.139 Z13.2 F7200
G1 X108.979 Y93.336 Z13.2
G1 Z12.8
G1 E.8 F1800
M204 S500
G1 F1473.913
G1 X108.979 Y91.708 E.05512
G1 X108.292 Y91.021 E.03289
G1 X108.979 Y91.021 E.02326
G1 X91.021 Y108.979 E.85964
G1 X91.021 Y108.292 E.02326
G1 X91.708 Y108.979 E.03289
G1 X96.778 Y108.979 E.17161
G1 X108.979 Y96.778 E.58405
G1 X108.979 Y97.465 E.02326
G1 X102.535 Y91.021 E.30847
G1 X103.222 Y91.021 E.02326
G1 X91.021 Y103.222 E.58405
G1 X91.021 Y102.535 E.02326
G1 X97.465 Y108.979 E.30847
G1 X102.535 Y108.979 E.17161
G1 X108.979 Y102.535 E.30847
G1 X108.979 Y103.222 E.02326
G1 X96.778 Y91.021 E.58405
G1 X97.465 Y91.021 E.02326
M73 P62 R16
G1 X91.021 Y97.465 E.30847
G1 X91.021 Y96.778 E.02326
G1 X103.222 Y108.979 E.58405
G1 X104.85 Y108.979 E.05512
; stop printing object 20mmbox-LF.stl id:0 copy 0
;LAYER_CHANGE
;Z:13
;HEIGHT:0.2
G92 E0
;_SET_FAN_SPEED_CHANGING_LAYER
M204 S10000
G1 E-.8 F1800
G1 X104.85 Y113.611 Z13.4 F7200
G1 Z13
G1 E.8 F1800
M204 S500
;TYPE:Skirt
G1 F1473.913
G1 X90 Y113.611 E.50267
G1 X88.359 Y113.216 E.05713
G1 X87.077 Y112.119 E.05713
G1 X86.389 Y110 E.0754
G1 X86.389 Y90 E.67698
G1 X86.784 Y88.359 E.05713
G1 X87.881 Y87.077 E.05713
G1 X90 Y86.389 E.0754
G1 X110 Y86.389 E.67698
G1 X111.641 Y86.784 E.05713
G1 X112.923 Y87.881 E.05713
G1 X113.611 Y90 E.0754
G1 X113.611 Y110 E.67698
G1 X113.216 Y111.641 E.05713
G1 X112.119 Y112.923 E.05713
G1 X110 Y113.611 E.0754
G1 X104.89 Y113.611 E.17296
M204 S10000
G1 X104.89 Y113.611 F7200
G1 X90 Y113.611
G1 X104.89 Y113.204
M204 S500
G1 F1473.913
G1 X90 Y113.204 E.50402
G1 X88.461 Y112.81 E.05376
G1 X87.301 Y111.725 E.05376
G1 X86.796 Y110 E.06084
G1 X86.796 Y90 E.67698
G1 X87.19 Y88.461 E.05376
G1 X88.275 Y87.301 E.05376
G1 X90 Y86.796 E.06084
G1 X110 Y86.796 E.67698
G1 X111.539 Y87.19 E.05376
G1 X112.699 Y88.275 E.05376
G1 X113.204 Y90 E.06084
G1 X113.204 Y110 E.67698
G1 X112.81 Y111.539 E.05376
G1 X111.725 Y112.699 E.05376
G1 X110 Y113.204 E.06084
G1 X104.93 Y113.204 E.1716
; printing object 20mmbox-LF.stl id:0 copy 0
M204 S10000
G1 E-.8 F1800
G1 X109.325 Y109.325 Z13.4 F7200
G1 Z13
G1 E.8 F1800
M204 S1500
;TYPE:Inner wall
G1 F1473.913
G1 X90.675 Y109.325 E.63128
G1 X90.675 Y90.675 E.63128
G1 X109.325 Y90.675 E.63128
G1 X109.325 Y109.285 E.62993
M204 S10000
G1 X109.775 Y109.775 F7200
M204 S500
;TYPE:Outer wall
G1 F1473.913
G1 X90.225 Y109.775 E.66174
G1 X90.225 Y90.225 E.66174
G1 X109.775 Y90.225 E.66174
G1 X109.775 Y109.735 E.66039
M204 S10000
G1 E-.8 F1800
G1 X104.85 Y108.979 Z13.4 F7200
G1 Z13
G1 E.8 F1800
M204 S500
;TYPE:Sparse infill
G1 F1473.913
G1 X103.222 Y108.979 E.05512
G1 X91.021 Y96.778 E.58405
G1 X91.021 Y97.465 E.02326
G1 X97.465 Y91.021 E.30847
G1 X96.778 Y91.021 E.02326
G1 X108.979 Y103.222 E.58405
G1 X108.979 Y102.535 E.02326
G1 X102.535 Y108.979 E.30847
G1 X97.465 Y108.979 E.17161
G1 X91.021 Y102.535 E.30847
G1 X91.021 Y103.222 E.02326
G1 X103.222 Y91.021 E.58405
G1 X102.535 Y91.021 E.02326
G1 X108.979 Y97.465 E.30847
G1 X108.979 Y96.778 E.02326
G1 X96.778 Y108.979 E.58405
G1 X91.708 Y108.979 E.17161
G1 X91.021 Y108.292 E.03289
G1 X91.021 Y108.979 E.02326
G1 X108.979 Y91.021 E.85964
G1 X108.292 Y91.021 E.02326
G1 X108.979 Y91.708 E.03289
G1 X108.979 Y93.336 E.05512
M204 S10000
G1 E-.8 F1800
G1 X101.429 Y92.219 Z13.4 F7200
G1 X93.336 Y91.021 Z13.4
G1 Z13
G1 E.8 F1800
M204 S500
G1 F1473.913
G1 X91.708 Y91.021 E.05512
G1 X91.021 Y91.708 E.03289
G1 X91.021 Y91.021 E.02326
G1 X108.979 Y108.979 E.85964
G1 X108.292 Y108.979 E.02326
G1 X108.979 Y108.292 E.03289
G1 X108.979 Y106.664 E.05512
; stop printing object 20mmbox-LF.stl id:0 copy 0
;LAYER_CHANGE
;Z:13.2
;HEIGHT:0.2
G92 E0
;_SET_FAN_SPEED_CHANGING_LAYER
M204 S10000
G1 E-.8 F1800
G1 X113.611 Y106.664 Z13.6 F7200
M73 P63 R16
G1 Z13.2
G1 E.8 F1800
M204 S500
;TYPE:Skirt
G1 F1473.913
G1 X113.611 Y110 E.11293
G1 X113.216 Y111.641 E.05713
G1 X112.119 Y112.923 E.05713
G1 X110 Y113.611 E.0754
G1 X90 Y113.611 E.67698
G1 X88.359 Y113.216 E.05713
G1 X87.077 Y112.119 E.05713
G1 X86.389 Y110 E.0754
G1 X86.389 Y90 E.67698
G1 X86.784 Y88.359 E.05713
G1 X87.881 Y87.077 E.05713
G1 X90 Y86.389 E.0754
G1 X110 Y86.389 E.67698
G1 X111.641 Y86.784 E.05713
G1 X112.923 Y87.881 E.05713
G1 X113.611 Y90 E.0754
G1 X113.611 Y106.624 E.56269
M204 S10000
G1 X113.611 Y106.624 F7200
G1 X113.611 Y110
G1 X113.216 Y111.641
G1 X113.204 Y106.624
M204 S500
G1 F1473.913
G1 X113.204 Y110 E.11429
G1 X112.81 Y111.539 E.05376
G1 X111.725 Y112.699 E.05376
G1 X110 Y113.204 E.06084
G1 X90 Y113.204 E.67698
G1 X88.461 Y112.81 E.05376
G1 X87.301 Y111.725 E.05376
G1 X86.796 Y110 E.06084
G1 X86.796 Y90 E.67698
G1 X87.19 Y88.461 E.05376
G1 X88.275 Y87.301 E.05376
G1 X90 Y86.796 E.06084
G1 X110 Y86.796 E.67698
G1 X111.539 Y87.19 E.05376
G1 X112.699 Y88.275 E.05376
G1 X113.204 Y90 E.06084
G1 X113.204 Y106.584 E.56134
; printing object 20mmbox-LF.stl id:0 copy 0
M204 S10000
G1 E-.8 F1800
G1 X109.325 Y109.325 Z13.6 F7200
G1 Z13.2
G1 E.8 F1800
M204 S1500
;TYPE:Inner wall
G1 F1473.913
G1 X90.675 Y109.325 E.63128
G1 X90.675 Y90.675 E.63128
G1 X109.325 Y90.675 E.63128
G1 X109.325 Y109.285 E.62993
M204 S10000
G1 X109.775 Y109.775 F7200
M204 S500
;TYPE:Outer wall
G1 F1473.913
G1 X90.225 Y109.775 E.66174
G1 X90.225 Y90.225 E.66174
G1 X109.775 Y90.225 E.66174
G1 X109.775 Y109.735 E.66039
M204 S10000
G1 E-.8 F1800
G1 X108.979 Y106.664 Z13.6 F7200
G1 Z13.2
G1 E.8 F1800
M204 S500
;TYPE:Sparse infill
G1 F1473.913
G1 X108.979 Y108.292 E.05512
G1 X108.292 Y108.979 E.03289
G1 X108.979 Y108.979 E.02326
G1 X91.021 Y91.021 E.85964
G1 X91.021 Y91.708 E.02326
G1 X91.708 Y91.021 E.03289
G1 X93.336 Y91.021 E.05512
M204 S10000
G1 E-.8 F1800
G1 X100.887 Y92.139 Z13.6 F7200
G1 X108.979 Y93.336 Z13.6
G1 Z13.2
M73 P63 R15
G1 E.8 F1800
M204 S500
G1 F1473.913
G1 X108.979 Y91.708 E.05512
G1 X108.292 Y91.021 E.03289
G1 X108.979 Y91.021 E.02326
G1 X91.021 Y108.979 E.85964
G1 X91.021 Y108.292 E.02326
G1 X91.708 Y108.979 E.03289
G1 X96.778 Y108.979 E.17161
G1 X108.979 Y96.778 E.58405
G1 X108.979 Y97.465 E.02326
G1 X102.535 Y91.021 E.30847
G1 X103.222 Y91.021 E.02326
G1 X91.021 Y103.222 E.58405
G1 X91.021 Y102.535 E.02326
G1 X97.465 Y108.979 E.30847
G1 X102.535 Y108.979 E.17161
G1 X108.979 Y102.535 E.30847
G1 X108.979 Y103.222 E.02326
G1 X96.778 Y91.021 E.58405
G1 X97.465 Y91.021 E.02326
G1 X91.021 Y97.465 E.30847
G1 X91.021 Y96.778 E.02326
G1 X103.222 Y108.979 E.58405
G1 X104.85 Y108.979 E.05512
; stop printing object 20mmbox-LF.stl id:0 copy 0
;LAYER_CHANGE
;Z:13.4
;HEIGHT:0.2
G92 E0
;_SET_FAN_SPEED_CHANGING_LAYER
M204 S10000
G1 E-.8 F1800
G1 X104.85 Y113.611 Z13.8 F7200
G1 Z13.4
G1 E.8 F1800
M204 S500
;TYPE:Skirt
G1 F1473.913
G1 X90 Y113.611 E.50267
G1 X88.359 Y113.216 E.05713
G1 X87.077 Y112.119 E.05713
G1 X86.389 Y110 E.0754
G1 X86.389 Y90 E.67698
G1 X86.784 Y88.359 E.05713
G1 X87.881 Y87.077 E.05713
G1 X90 Y86.389 E.0754
G1 X110 Y86.389 E.67698
G1 X111.641 Y86.784 E.05713
M73 P64 R15
G1 X112.923 Y87.881 E.05713
G1 X113.611 Y90 E.0754
G1 X113.611 Y110 E.67698
G1 X113.216 Y111.641 E.05713
G1 X112.119 Y112.923 E.05713
G1 X110 Y113.611 E.0754
G1 X104.89 Y113.611 E.17296
M204 S10000
G1 X104.89 Y113.611 F7200
G1 X90 Y113.611
G1 X104.89 Y113.204
M204 S500
G1 F1473.913
G1 X90 Y113.204 E.50402
G1 X88.461 Y112.81 E.05376
G1 X87.301 Y111.725 E.05376
G1 X86.796 Y110 E.06084
G1 X86.796 Y90 E.67698
G1 X87.19 Y88.461 E.05376
G1 X88.275 Y87.301 E.05376
G1 X90 Y86.796 E.06084
G1 X110 Y86.796 E.67698
G1 X111.539 Y87.19 E.05376
G1 X112.699 Y88.275 E.05376
G1 X113.204 Y90 E.06084
G1 X113.204 Y110 E.67698
G1 X112.81 Y111.539 E.05376
G1 X111.725 Y112.699 E.05376
G1 X110 Y113.204 E.06084
G1 X104.93 Y113.204 E.1716
; printing object 20mmbox-LF.stl id:0 copy 0
M204 S10000
G1 E-.8 F1800
G1 X109.325 Y109.325 Z13.8 F7200
G1 Z13.4
G1 E.8 F1800
M204 S1500
;TYPE:Inner wall
G1 F1473.913
G1 X90.675 Y109.325 E.63128
G1 X90.675 Y90.675 E.63128
G1 X109.325 Y90.675 E.63128
G1 X109.325 Y109.285 E.62993
M204 S10000
G1 X109.775 Y109.775 F7200
M204 S500
;TYPE:Outer wall
G1 F1473.913
G1 X90.225 Y109.775 E.66174
G1 X90.225 Y90.225 E.66174
G1 X109.775 Y90.225 E.66174
G1 X109.775 Y109.735 E.66039
M204 S10000
G1 E-.8 F1800
G1 X104.85 Y108.979 Z13.8 F7200
G1 Z13.4
G1 E.8 F1800
M204 S500
;TYPE:Sparse infill
G1 F1473.913
G1 X103.222 Y108.979 E.05512
G1 X91.021 Y96.778 E.58405
G1 X91.021 Y97.465 E.02326
G1 X97.465 Y91.021 E.30847
G1 X96.778 Y91.021 E.02326
G1 X108.979 Y103.222 E.58405
G1 X108.979 Y102.535 E.02326
G1 X102.535 Y108.979 E.30847
G1 X97.465 Y108.979 E.17161
G1 X91.021 Y102.535 E.30847
G1 X91.021 Y103.222 E.02326
G1 X103.222 Y91.021 E.58405
G1 X102.535 Y91.021 E.02326
G1 X108.979 Y97.465 E.30847
G1 X108.979 Y96.778 E.02326
G1 X96.778 Y108.979 E.58405
G1 X91.708 Y108.979 E.17161
G1 X91.021 Y108.292 E.03289
G1 X91.021 Y108.979 E.02326
G1 X108.979 Y91.021 E.85964
G1 X108.292 Y91.021 E.02326
G1 X108.979 Y91.708 E.03289
G1 X108.979 Y93.336 E.05512
M204 S10000
G1 E-.8 F1800
G1 X101.429 Y92.219 Z13.8 F7200
G1 X93.336 Y91.021 Z13.8
G1 Z13.4
G1 E.8 F1800
M204 S500
G1 F1473.913
G1 X91.708 Y91.021 E.05512
G1 X91.021 Y91.708 E.03289
G1 X91.021 Y91.021 E.02326
G1 X108.979 Y108.979 E.85964
G1 X108.292 Y108.979 E.02326
G1 X108.979 Y108.292 E.03289
G1 X108.979 Y106.664 E.05512
; stop printing object 20mmbox-LF.stl id:0 copy 0
;LAYER_CHANGE
;Z:13.6
;HEIGHT:0.200001
G92 E0
;_SET_FAN_SPEED_CHANGING_LAYER
M204 S10000
G1 E-.8 F1800
G1 X113.611 Y106.664 Z14 F7200
G1 Z13.6
G1 E.8 F1800
M204 S500
;TYPE:Skirt
G1 F1473.913
G1 X113.611 Y110 E.11293
G1 X113.216 Y111.641 E.05713
G1 X112.119 Y112.923 E.05713
G1 X110 Y113.611 E.0754
G1 X90 Y113.611 E.67698
G1 X88.359 Y113.216 E.05713
G1 X87.077 Y112.119 E.05713
G1 X86.389 Y110 E.0754
G1 X86.389 Y90 E.67698
G1 X86.784 Y88.359 E.05713
G1 X87.881 Y87.077 E.05713
G1 X90 Y86.389 E.0754
G1 X110 Y86.389 E.67698
G1 X111.641 Y86.784 E.05713
G1 X112.923 Y87.881 E.05713
G1 X113.611 Y90 E.0754
G1 X113.611 Y106.624 E.56269
M204 S10000
G1 X113.611 Y106.624 F7200
M73 P65 R15
G1 X113.611 Y110
G1 X113.216 Y111.641
G1 X113.204 Y106.624
M204 S500
G1 F1473.913
G1 X113.204 Y110 E.11429
G1 X112.81 Y111.539 E.05376
G1 X111.725 Y112.699 E.05376
G1 X110 Y113.204 E.06084
G1 X90 Y113.204 E.67698
G1 X88.461 Y112.81 E.05376
G1 X87.301 Y111.725 E.05376
G1 X86.796 Y110 E.06084
G1 X86.796 Y90 E.67698
G1 X87.19 Y88.461 E.05376
G1 X88.275 Y87.301 E.05376
G1 X90 Y86.796 E.06084
G1 X110 Y86.796 E.67698
G1 X111.539 Y87.19 E.05376
G1 X112.699 Y88.275 E.05376
G1 X113.204 Y90 E.06084
G1 X113.204 Y106.584 E.56134
; printing object 20mmbox-LF.stl id:0 copy 0
M204 S10000
G1 E-.8 F1800
G1 X109.325 Y109.325 Z14 F7200
G1 Z13.6
G1 E.8 F1800
M204 S1500
;TYPE:Inner wall
G1 F1473.913
G1 X90.675 Y109.325 E.63128
G1 X90.675 Y90.675 E.63128
G1 X109.325 Y90.675 E.63128
G1 X109.325 Y109.285 E.62993
M204 S10000
G1 X109.775 Y109.775 F7200
M204 S500
;TYPE:Outer wall
G1 F1473.913
G1 X90.225 Y109.775 E.66174
G1 X90.225 Y90.225 E.66174
G1 X109.775 Y90.225 E.66174
G1 X109.775 Y109.735 E.66039
M204 S10000
G1 E-.8 F1800
G1 X108.979 Y106.664 Z14 F7200
G1 Z13.6
G1 E.8 F1800
M204 S500
;TYPE:Sparse infill
G1 F1473.913
G1 X108.979 Y108.292 E.05512
G1 X108.292 Y108.979 E.03289
G1 X108.979 Y108.979 E.02326
G1 X91.021 Y91.021 E.85964
G1 X91.021 Y91.708 E.02326
G1 X91.708 Y91.021 E.03289
G1 X93.336 Y91.021 E.05512
M204 S10000
G1 E-.8 F1800
G1 X100.887 Y92.139 Z14 F7200
G1 X108.979 Y93.336 Z14
G1 Z13.6
G1 E.8 F1800
M204 S500
G1 F1473.913
G1 X108.979 Y91.708 E.05512
G1 X108.292 Y91.021 E.03289
G1 X108.979 Y91.021 E.02326
G1 X91.021 Y108.979 E.85964
G1 X91.021 Y108.292 E.02326
G1 X91.708 Y108.979 E.03289
G1 X96.778 Y108.979 E.17161
G1 X108.979 Y96.778 E.58405
G1 X108.979 Y97.465 E.02326
G1 X102.535 Y91.021 E.30847
G1 X103.222 Y91.021 E.02326
G1 X91.021 Y103.222 E.58405
G1 X91.021 Y102.535 E.02326
G1 X97.465 Y108.979 E.30847
G1 X102.535 Y108.979 E.17161
G1 X108.979 Y102.535 E.30847
G1 X108.979 Y103.222 E.02326
G1 X96.778 Y91.021 E.58405
G1 X97.465 Y91.021 E.02326
G1 X91.021 Y97.465 E.30847
G1 X91.021 Y96.778 E.02326
G1 X103.222 Y108.979 E.58405
G1 X104.85 Y108.979 E.05512
; stop printing object 20mmbox-LF.stl id:0 copy 0
;LAYER_CHANGE
;Z:13.8
;HEIGHT:0.2
G92 E0
;_SET_FAN_SPEED_CHANGING_LAYER
M204 S10000
G1 E-.8 F1800
G1 X104.85 Y113.611 Z14.2 F7200
G1 Z13.8
G1 E.8 F1800
M204 S500
;TYPE:Skirt
G1 F1473.913
G1 X90 Y113.611 E.50267
G1 X88.359 Y113.216 E.05713
G1 X87.077 Y112.119 E.05713
G1 X86.389 Y110 E.0754
G1 X86.389 Y90 E.67698
G1 X86.784 Y88.359 E.05713
G1 X87.881 Y87.077 E.05713
G1 X90 Y86.389 E.0754
G1 X110 Y86.389 E.67698
G1 X111.641 Y86.784 E.05713
G1 X112.923 Y87.881 E.05713
G1 X113.611 Y90 E.0754
G1 X113.611 Y110 E.67698
G1 X113.216 Y111.641 E.05713
G1 X112.119 Y112.923 E.05713
G1 X110 Y113.611 E.0754
G1 X104.89 Y113.611 E.17296
M204 S10000
G1 X104.89 Y113.611 F7200
G1 X90 Y113.611
G1 X104.89 Y113.204
M204 S500
G1 F1473.913
M73 P65 R14
G1 X90 Y113.204 E.50402
G1 X88.461 Y112.81 E.05376
G1 X87.301 Y111.725 E.05376
G1 X86.796 Y110 E.06084
G1 X86.796 Y90 E.67698
G1 X87.19 Y88.461 E.05376
M73 P66 R14
G1 X88.275 Y87.301 E.05376
G1 X90 Y86.796 E.06084
G1 X110 Y86.796 E.67698
G1 X111.539 Y87.19 E.05376
G1 X112.699 Y88.275 E.05376
G1 X113.204 Y90 E.06084
G1 X113.204 Y110 E.67698
G1 X112.81 Y111.539 E.05376
G1 X111.725 Y112.699 E.05376
G1 X110 Y113.204 E.06084
G1 X104.93 Y113.204 E.1716
; printing object 20mmbox-LF.stl id:0 copy 0
M204 S10000
G1 E-.8 F1800
G1 X109.325 Y109.325 Z14.2 F7200
G1 Z13.8
G1 E.8 F1800
M204 S1500
;TYPE:Inner wall
G1 F1473.913
G1 X90.675 Y109.325 E.63128
G1 X90.675 Y90.675 E.63128
G1 X109.325 Y90.675 E.63128
G1 X109.325 Y109.285 E.62993
M204 S10000
G1 X109.775 Y109.775 F7200
M204 S500
;TYPE:Outer wall
G1 F1473.913
G1 X90.225 Y109.775 E.66174
G1 X90.225 Y90.225 E.66174
G1 X109.775 Y90.225 E.66174
G1 X109.775 Y109.735 E.66039
M204 S10000
G1 E-.8 F1800
G1 X104.85 Y108.979 Z14.2 F7200
G1 Z13.8
G1 E.8 F1800
M204 S500
;TYPE:Sparse infill
G1 F1473.913
G1 X103.222 Y108.979 E.05512
G1 X91.021 Y96.778 E.58405
G1 X91.021 Y97.465 E.02326
G1 X97.465 Y91.021 E.30847
G1 X96.778 Y91.021 E.02326
G1 X108.979 Y103.222 E.58405
G1 X108.979 Y102.535 E.02326
G1 X102.535 Y108.979 E.30847
G1 X97.465 Y108.979 E.17161
G1 X91.021 Y102.535 E.30847
G1 X91.021 Y103.222 E.02326
G1 X103.222 Y91.021 E.58405
G1 X102.535 Y91.021 E.02326
G1 X108.979 Y97.465 E.30847
G1 X108.979 Y96.778 E.02326
G1 X96.778 Y108.979 E.58405
G1 X91.708 Y108.979 E.17161
G1 X91.021 Y108.292 E.03289
G1 X91.021 Y108.979 E.02326
G1 X108.979 Y91.021 E.85964
G1 X108.292 Y91.021 E.02326
G1 X108.979 Y91.708 E.03289
G1 X108.979 Y93.336 E.05512
M204 S10000
G1 E-.8 F1800
G1 X101.429 Y92.219 Z14.2 F7200
G1 X93.336 Y91.021 Z14.2
G1 Z13.8
G1 E.8 F1800
M204 S500
G1 F1473.913
G1 X91.708 Y91.021 E.05512
G1 X91.021 Y91.708 E.03289
G1 X91.021 Y91.021 E.02326
G1 X108.979 Y108.979 E.85964
G1 X108.292 Y108.979 E.02326
G1 X108.979 Y108.292 E.03289
G1 X108.979 Y106.664 E.05512
; stop printing object 20mmbox-LF.stl id:0 copy 0
;LAYER_CHANGE
;Z:14
;HEIGHT:0.2
G92 E0
;_SET_FAN_SPEED_CHANGING_LAYER
M204 S10000
G1 E-.8 F1800
G1 X113.611 Y106.664 Z14.4 F7200
G1 Z14
G1 E.8 F1800
M204 S500
;TYPE:Skirt
G1 F1473.913
G1 X113.611 Y110 E.11293
G1 X113.216 Y111.641 E.05713
G1 X112.119 Y112.923 E.05713
G1 X110 Y113.611 E.0754
G1 X90 Y113.611 E.67698
G1 X88.359 Y113.216 E.05713
G1 X87.077 Y112.119 E.05713
G1 X86.389 Y110 E.0754
G1 X86.389 Y90 E.67698
G1 X86.784 Y88.359 E.05713
G1 X87.881 Y87.077 E.05713
G1 X90 Y86.389 E.0754
G1 X110 Y86.389 E.67698
G1 X111.641 Y86.784 E.05713
G1 X112.923 Y87.881 E.05713
G1 X113.611 Y90 E.0754
G1 X113.611 Y106.624 E.56269
M204 S10000
G1 X113.611 Y106.624 F7200
G1 X113.611 Y110
G1 X113.216 Y111.641
G1 X113.204 Y106.624
M204 S500
G1 F1473.913
G1 X113.204 Y110 E.11429
G1 X112.81 Y111.539 E.05376
G1 X111.725 Y112.699 E.05376
G1 X110 Y113.204 E.06084
G1 X90 Y113.204 E.67698
G1 X88.461 Y112.81 E.05376
G1 X87.301 Y111.725 E.05376
G1 X86.796 Y110 E.06084
G1 X86.796 Y90 E.67698
G1 X87.19 Y88.461 E.05376
G1 X88.275 Y87.301 E.05376
G1 X90 Y86.796 E.06084
G1 X110 Y86.796 E.67698
G1 X111.539 Y87.19 E.05376
G1 X112.699 Y88.275 E.05376
G1 X113.204 Y90 E.06084
G1 X113.204 Y106.584 E.56134
; printing object 20mmbox-LF.stl id:0 copy 0
M204 S10000
G1 E-.8 F1800
M73 P67 R14
G1 X109.325 Y109.325 Z14.4 F7200
G1 Z14
G1 E.8 F1800
M204 S1500
;TYPE:Inner wall
G1 F1473.913
G1 X90.675 Y109.325 E.63128
G1 X90.675 Y90.675 E.63128
G1 X109.325 Y90.675 E.63128
G1 X109.325 Y109.285 E.62993
M204 S10000
G1 X109.775 Y109.775 F7200
M204 S500
;TYPE:Outer wall
G1 F1473.913
G1 X90.225 Y109.775 E.66174
G1 X90.225 Y90.225 E.66174
G1 X109.775 Y90.225 E.66174
G1 X109.775 Y109.735 E.66039
M204 S10000
G1 E-.8 F1800
G1 X108.979 Y106.664 Z14.4 F7200
G1 Z14
G1 E.8 F1800
M204 S500
;TYPE:Sparse infill
G1 F1473.913
G1 X108.979 Y108.292 E.05512
G1 X108.292 Y108.979 E.03289
G1 X108.979 Y108.979 E.02326
G1 X91.021 Y91.021 E.85964
G1 X91.021 Y91.708 E.02326
G1 X91.708 Y91.021 E.03289
G1 X93.336 Y91.021 E.05512
M204 S10000
G1 E-.8 F1800
G1 X100.887 Y92.139 Z14.4 F7200
G1 X108.979 Y93.336 Z14.4
G1 Z14
G1 E.8 F1800
M204 S500
G1 F1473.913
G1 X108.979 Y91.708 E.05512
G1 X108.292 Y91.021 E.03289
G1 X108.979 Y91.021 E.02326
G1 X91.021 Y108.979 E.85964
G1 X91.021 Y108.292 E.02326
G1 X91.708 Y108.979 E.03289
G1 X96.778 Y108.979 E.17161
G1 X108.979 Y96.778 E.58405
G1 X108.979 Y97.465 E.02326
G1 X102.535 Y91.021 E.30847
G1 X103.222 Y91.021 E.02326
G1 X91.021 Y103.222 E.58405
G1 X91.021 Y102.535 E.02326
G1 X97.465 Y108.979 E.30847
G1 X102.535 Y108.979 E.17161
G1 X108.979 Y102.535 E.30847
G1 X108.979 Y103.222 E.02326
G1 X96.778 Y91.021 E.58405
G1 X97.465 Y91.021 E.02326
G1 X91.021 Y97.465 E.30847
G1 X91.021 Y96.778 E.02326
G1 X103.222 Y108.979 E.58405
G1 X104.85 Y108.979 E.05512
; stop printing object 20mmbox-LF.stl id:0 copy 0
;LAYER_CHANGE
;Z:14.2
;HEIGHT:0.2
G92 E0
;_SET_FAN_SPEED_CHANGING_LAYER
M204 S10000
G1 E-.8 F1800
G1 X104.85 Y113.611 Z14.6 F7200
G1 Z14.2
G1 E.8 F1800
M204 S500
;TYPE:Skirt
G1 F1473.913
G1 X90 Y113.611 E.50267
G1 X88.359 Y113.216 E.05713
G1 X87.077 Y112.119 E.05713
G1 X86.389 Y110 E.0754
G1 X86.389 Y90 E.67698
G1 X86.784 Y88.359 E.05713
G1 X87.881 Y87.077 E.05713
G1 X90 Y86.389 E.0754
G1 X110 Y86.389 E.67698
G1 X111.641 Y86.784 E.05713
G1 X112.923 Y87.881 E.05713
G1 X113.611 Y90 E.0754
G1 X113.611 Y110 E.67698
G1 X113.216 Y111.641 E.05713
G1 X112.119 Y112.923 E.05713
G1 X110 Y113.611 E.0754
G1 X104.89 Y113.611 E.17296
M204 S10000
G1 X104.89 Y113.611 F7200
G1 X90 Y113.611
G1 X104.89 Y113.204
M204 S500
G1 F1473.913
G1 X90 Y113.204 E.50402
G1 X88.461 Y112.81 E.05376
G1 X87.301 Y111.725 E.05376
G1 X86.796 Y110 E.06084
G1 X86.796 Y90 E.67698
G1 X87.19 Y88.461 E.05376
G1 X88.275 Y87.301 E.05376
G1 X90 Y86.796 E.06084
G1 X110 Y86.796 E.67698
G1 X111.539 Y87.19 E.05376
G1 X112.699 Y88.275 E.05376
G1 X113.204 Y90 E.06084
G1 X113.204 Y110 E.67698
G1 X112.81 Y111.539 E.05376
G1 X111.725 Y112.699 E.05376
G1 X110 Y113.204 E.06084
G1 X104.93 Y113.204 E.1716
; printing object 20mmbox-LF.stl id:0 copy 0
M204 S10000
G1 E-.8 F1800
G1 X109.325 Y109.325 Z14.6 F7200
G1 Z14.2
G1 E.8 F1800
M204 S1500
;TYPE:Inner wall
G1 F1473.913
G1 X90.675 Y109.325 E.63128
G1 X90.675 Y90.675 E.63128
G1 X109.325 Y90.675 E.63128
M73 P68 R14
G1 X109.325 Y109.285 E.62993
M204 S10000
G1 X109.775 Y109.775 F7200
M204 S500
;TYPE:Outer wall
G1 F1473.913
G1 X90.225 Y109.775 E.66174
G1 X90.225 Y90.225 E.66174
G1 X109.775 Y90.225 E.66174
G1 X109.775 Y109.735 E.66039
M204 S10000
G1 E-.8 F1800
G1 X104.85 Y108.979 Z14.6 F7200
G1 Z14.2
G1 E.8 F1800
M204 S500
;TYPE:Sparse infill
G1 F1473.913
G1 X103.222 Y108.979 E.05512
G1 X91.021 Y96.778 E.58405
G1 X91.021 Y97.465 E.02326
M73 P68 R13
G1 X97.465 Y91.021 E.30847
G1 X96.778 Y91.021 E.02326
G1 X108.979 Y103.222 E.58405
G1 X108.979 Y102.535 E.02326
G1 X102.535 Y108.979 E.30847
G1 X97.465 Y108.979 E.17161
G1 X91.021 Y102.535 E.30847
G1 X91.021 Y103.222 E.02326
G1 X103.222 Y91.021 E.58405
G1 X102.535 Y91.021 E.02326
G1 X108.979 Y97.465 E.30847
G1 X108.979 Y96.778 E.02326
G1 X96.778 Y108.979 E.58405
G1 X91.708 Y108.979 E.17161
G1 X91.021 Y108.292 E.03289
G1 X91.021 Y108.979 E.02326
G1 X108.979 Y91.021 E.85964
G1 X108.292 Y91.021 E.02326
G1 X108.979 Y91.708 E.03289
G1 X108.979 Y93.336 E.05512
M204 S10000
G1 E-.8 F1800
G1 X101.429 Y92.219 Z14.6 F7200
G1 X93.336 Y91.021 Z14.6
G1 Z14.2
G1 E.8 F1800
M204 S500
G1 F1473.913
G1 X91.708 Y91.021 E.05512
G1 X91.021 Y91.708 E.03289
G1 X91.021 Y91.021 E.02326
G1 X108.979 Y108.979 E.85964
G1 X108.292 Y108.979 E.02326
G1 X108.979 Y108.292 E.03289
G1 X108.979 Y106.664 E.05512
; stop printing object 20mmbox-LF.stl id:0 copy 0
;LAYER_CHANGE
;Z:14.4
;HEIGHT:0.2
G92 E0
;_SET_FAN_SPEED_CHANGING_LAYER
M204 S10000
G1 E-.8 F1800
G1 X113.611 Y106.664 Z14.8 F7200
G1 Z14.4
G1 E.8 F1800
M204 S500
;TYPE:Skirt
G1 F1473.913
G1 X113.611 Y110 E.11293
G1 X113.216 Y111.641 E.05713
G1 X112.119 Y112.923 E.05713
G1 X110 Y113.611 E.0754
G1 X90 Y113.611 E.67698
G1 X88.359 Y113.216 E.05713
G1 X87.077 Y112.119 E.05713
G1 X86.389 Y110 E.0754
G1 X86.389 Y90 E.67698
G1 X86.784 Y88.359 E.05713
G1 X87.881 Y87.077 E.05713
G1 X90 Y86.389 E.0754
G1 X110 Y86.389 E.67698
G1 X111.641 Y86.784 E.05713
G1 X112.923 Y87.881 E.05713
G1 X113.611 Y90 E.0754
G1 X113.611 Y106.624 E.56269
M204 S10000
G1 X113.611 Y106.624 F7200
G1 X113.611 Y110
G1 X113.216 Y111.641
G1 X113.204 Y106.624
M204 S500
G1 F1473.913
G1 X113.204 Y110 E.11429
G1 X112.81 Y111.539 E.05376
G1 X111.725 Y112.699 E.05376
G1 X110 Y113.204 E.06084
G1 X90 Y113.204 E.67698
G1 X88.461 Y112.81 E.05376
G1 X87.301 Y111.725 E.05376
G1 X86.796 Y110 E.06084
G1 X86.796 Y90 E.67698
G1 X87.19 Y88.461 E.05376
G1 X88.275 Y87.301 E.05376
G1 X90 Y86.796 E.06084
G1 X110 Y86.796 E.67698
G1 X111.539 Y87.19 E.05376
G1 X112.699 Y88.275 E.05376
G1 X113.204 Y90 E.06084
G1 X113.204 Y106.584 E.56134
; printing object 20mmbox-LF.stl id:0 copy 0
M204 S10000
G1 E-.8 F1800
G1 X109.325 Y109.325 Z14.8 F7200
G1 Z14.4
G1 E.8 F1800
M204 S1500
;TYPE:Inner wall
G1 F1473.913
G1 X90.675 Y109.325 E.63128
G1 X90.675 Y90.675 E.63128
G1 X109.325 Y90.675 E.63128
G1 X109.325 Y109.285 E.62993
M204 S10000
G1 X109.775 Y109.775 F7200
M204 S500
;TYPE:Outer wall
G1 F1473.913
G1 X90.225 Y109.775 E.66174
G1 X90.225 Y90.225 E.66174
M73 P69 R13
G1 X109.775 Y90.225 E.66174
G1 X109.775 Y109.735 E.66039
M204 S10000
G1 E-.8 F1800
G1 X108.979 Y106.664 Z14.8 F7200
G1 Z14.4
G1 E.8 F1800
M204 S500
;TYPE:Sparse infill
G1 F1473.913
G1 X108.979 Y108.292 E.05512
G1 X108.292 Y108.979 E.03289
G1 X108.979 Y108.979 E.02326
G1 X91.021 Y91.021 E.85964
G1 X91.021 Y91.708 E.02326
G1 X91.708 Y91.021 E.03289
G1 X93.336 Y91.021 E.05512
M204 S10000
G1 E-.8 F1800
G1 X100.887 Y92.139 Z14.8 F7200
G1 X108.979 Y93.336 Z14.8
G1 Z14.4
G1 E.8 F1800
M204 S500
G1 F1473.913
G1 X108.979 Y91.708 E.05512
G1 X108.292 Y91.021 E.03289
G1 X108.979 Y91.021 E.02326
G1 X91.021 Y108.979 E.85964
G1 X91.021 Y108.292 E.02326
G1 X91.708 Y108.979 E.03289
G1 X96.778 Y108.979 E.17161
G1 X108.979 Y96.778 E.58405
G1 X108.979 Y97.465 E.02326
G1 X102.535 Y91.021 E.30847
G1 X103.222 Y91.021 E.02326
G1 X91.021 Y103.222 E.58405
G1 X91.021 Y102.535 E.02326
G1 X97.465 Y108.979 E.30847
G1 X102.535 Y108.979 E.17161
G1 X108.979 Y102.535 E.30847
G1 X108.979 Y103.222 E.02326
G1 X96.778 Y91.021 E.58405
G1 X97.465 Y91.021 E.02326
G1 X91.021 Y97.465 E.30847
G1 X91.021 Y96.778 E.02326
G1 X103.222 Y108.979 E.58405
G1 X104.85 Y108.979 E.05512
; stop printing object 20mmbox-LF.stl id:0 copy 0
;LAYER_CHANGE
;Z:14.6
;HEIGHT:0.200001
G92 E0
;_SET_FAN_SPEED_CHANGING_LAYER
M204 S10000
G1 E-.8 F1800
G1 X104.85 Y113.611 Z15 F7200
G1 Z14.6
G1 E.8 F1800
M204 S500
;TYPE:Skirt
G1 F1473.913
G1 X90 Y113.611 E.50267
G1 X88.359 Y113.216 E.05713
G1 X87.077 Y112.119 E.05713
G1 X86.389 Y110 E.0754
G1 X86.389 Y90 E.67698
G1 X86.784 Y88.359 E.05713
G1 X87.881 Y87.077 E.05713
G1 X90 Y86.389 E.0754
G1 X110 Y86.389 E.67698
G1 X111.641 Y86.784 E.05713
G1 X112.923 Y87.881 E.05713
G1 X113.611 Y90 E.0754
G1 X113.611 Y110 E.67698
G1 X113.216 Y111.641 E.05713
G1 X112.119 Y112.923 E.05713
G1 X110 Y113.611 E.0754
G1 X104.89 Y113.611 E.17296
M204 S10000
G1 X104.89 Y113.611 F7200
G1 X90 Y113.611
G1 X104.89 Y113.204
M204 S500
G1 F1473.913
G1 X90 Y113.204 E.50402
G1 X88.461 Y112.81 E.05376
G1 X87.301 Y111.725 E.05376
G1 X86.796 Y110 E.06084
G1 X86.796 Y90 E.67698
G1 X87.19 Y88.461 E.05376
G1 X88.275 Y87.301 E.05376
G1 X90 Y86.796 E.06084
G1 X110 Y86.796 E.67698
G1 X111.539 Y87.19 E.05376
G1 X112.699 Y88.275 E.05376
G1 X113.204 Y90 E.06084
G1 X113.204 Y110 E.67698
G1 X112.81 Y111.539 E.05376
G1 X111.725 Y112.699 E.05376
G1 X110 Y113.204 E.06084
G1 X104.93 Y113.204 E.1716
; printing object 20mmbox-LF.stl id:0 copy 0
M204 S10000
G1 E-.8 F1800
G1 X109.325 Y109.325 Z15 F7200
G1 Z14.6
G1 E.8 F1800
M204 S1500
;TYPE:Inner wall
G1 F1473.913
G1 X90.675 Y109.325 E.63128
G1 X90.675 Y90.675 E.63128
G1 X109.325 Y90.675 E.63128
G1 X109.325 Y109.285 E.62993
M204 S10000
G1 X109.775 Y109.775 F7200
M204 S500
;TYPE:Outer wall
G1 F1473.913
G1 X90.225 Y109.775 E.66174
G1 X90.225 Y90.225 E.66174
G1 X109.775 Y90.225 E.66174
G1 X109.775 Y109.735 E.66039
M204 S10000
G1 E-.8 F1800
M73 P70 R13
G1 X104.85 Y108.979 Z15 F7200
G1 Z14.6
G1 E.8 F1800
M204 S500
;TYPE:Sparse infill
G1 F1473.913
G1 X103.222 Y108.979 E.05512
G1 X91.021 Y96.778 E.58405
G1 X91.021 Y97.465 E.02326
G1 X97.465 Y91.021 E.30847
G1 X96.778 Y91.021 E.02326
G1 X108.979 Y103.222 E.58405
G1 X108.979 Y102.535 E.02326
G1 X102.535 Y108.979 E.30847
G1 X97.465 Y108.979 E.17161
G1 X91.021 Y102.535 E.30847
G1 X91.021 Y103.222 E.02326
G1 X103.222 Y91.021 E.58405
G1 X102.535 Y91.021 E.02326
G1 X108.979 Y97.465 E.30847
G1 X108.979 Y96.778 E.02326
G1 X96.778 Y108.979 E.58405
G1 X91.708 Y108.979 E.17161
G1 X91.021 Y108.292 E.03289
G1 X91.021 Y108.979 E.02326
G1 X108.979 Y91.021 E.85964
G1 X108.292 Y91.021 E.02326
G1 X108.979 Y91.708 E.03289
G1 X108.979 Y93.336 E.05512
M204 S10000
G1 E-.8 F1800
G1 X101.429 Y92.219 Z15 F7200
G1 X93.336 Y91.021 Z15
G1 Z14.6
G1 E.8 F1800
M204 S500
G1 F1473.913
G1 X91.708 Y91.021 E.05512
G1 X91.021 Y91.708 E.03289
G1 X91.021 Y91.021 E.02326
G1 X108.979 Y108.979 E.85964
G1 X108.292 Y108.979 E.02326
G1 X108.979 Y108.292 E.03289
G1 X108.979 Y106.664 E.05512
; stop printing object 20mmbox-LF.stl id:0 copy 0
;LAYER_CHANGE
;Z:14.8
;HEIGHT:0.2
G92 E0
;_SET_FAN_SPEED_CHANGING_LAYER
M204 S10000
G1 E-.8 F1800
G1 X113.611 Y106.664 Z15.2 F7200
G1 Z14.8
G1 E.8 F1800
M204 S500
;TYPE:Skirt
G1 F1473.913
G1 X113.611 Y110 E.11293
G1 X113.216 Y111.641 E.05713
G1 X112.119 Y112.923 E.05713
G1 X110 Y113.611 E.0754
G1 X90 Y113.611 E.67698
G1 X88.359 Y113.216 E.05713
G1 X87.077 Y112.119 E.05713
G1 X86.389 Y110 E.0754
G1 X86.389 Y90 E.67698
G1 X86.784 Y88.359 E.05713
G1 X87.881 Y87.077 E.05713
G1 X90 Y86.389 E.0754
G1 X110 Y86.389 E.67698
G1 X111.641 Y86.784 E.05713
M73 P70 R12
G1 X112.923 Y87.881 E.05713
G1 X113.611 Y90 E.0754
G1 X113.611 Y106.624 E.56269
M204 S10000
G1 X113.611 Y106.624 F7200
G1 X113.611 Y110
G1 X113.216 Y111.641
G1 X113.204 Y106.624
M204 S500
G1 F1473.913
G1 X113.204 Y110 E.11429
G1 X112.81 Y111.539 E.05376
G1 X111.725 Y112.699 E.05376
G1 X110 Y113.204 E.06084
G1 X90 Y113.204 E.67698
G1 X88.461 Y112.81 E.05376
G1 X87.301 Y111.725 E.05376
G1 X86.796 Y110 E.06084
G1 X86.796 Y90 E.67698
G1 X87.19 Y88.461 E.05376
G1 X88.275 Y87.301 E.05376
G1 X90 Y86.796 E.06084
G1 X110 Y86.796 E.67698
G1 X111.539 Y87.19 E.05376
G1 X112.699 Y88.275 E.05376
G1 X113.204 Y90 E.06084
G1 X113.204 Y106.584 E.56134
; printing object 20mmbox-LF.stl id:0 copy 0
M204 S10000
G1 E-.8 F1800
G1 X109.325 Y109.325 Z15.2 F7200
G1 Z14.8
G1 E.8 F1800
M204 S1500
;TYPE:Inner wall
G1 F1473.913
G1 X90.675 Y109.325 E.63128
G1 X90.675 Y90.675 E.63128
G1 X109.325 Y90.675 E.63128
G1 X109.325 Y109.285 E.62993
M204 S10000
G1 X109.775 Y109.775 F7200
M204 S500
;TYPE:Outer wall
G1 F1473.913
G1 X90.225 Y109.775 E.66174
G1 X90.225 Y90.225 E.66174
G1 X109.775 Y90.225 E.66174
G1 X109.775 Y109.735 E.66039
M204 S10000
G1 E-.8 F1800
G1 X108.979 Y106.664 Z15.2 F7200
G1 Z14.8
G1 E.8 F1800
M204 S500
;TYPE:Sparse infill
G1 F1473.913
G1 X108.979 Y108.292 E.05512
G1 X108.292 Y108.979 E.03289
G1 X108.979 Y108.979 E.02326
G1 X91.021 Y91.021 E.85964
G1 X91.021 Y91.708 E.02326
G1 X91.708 Y91.021 E.03289
G1 X93.336 Y91.021 E.05512
M204 S10000
G1 E-.8 F1800
M73 P71 R12
G1 X100.887 Y92.139 Z15.2 F7200
G1 X108.979 Y93.336 Z15.2
G1 Z14.8
G1 E.8 F1800
M204 S500
G1 F1473.913
G1 X108.979 Y91.708 E.05512
G1 X108.292 Y91.021 E.03289
G1 X108.979 Y91.021 E.02326
G1 X91.021 Y108.979 E.85964
G1 X91.021 Y108.292 E.02326
G1 X91.708 Y108.979 E.03289
G1 X96.778 Y108.979 E.17161
G1 X108.979 Y96.778 E.58405
G1 X108.979 Y97.465 E.02326
G1 X102.535 Y91.021 E.30847
G1 X103.222 Y91.021 E.02326
G1 X91.021 Y103.222 E.58405
G1 X91.021 Y102.535 E.02326
G1 X97.465 Y108.979 E.30847
G1 X102.535 Y108.979 E.17161
G1 X108.979 Y102.535 E.30847
G1 X108.979 Y103.222 E.02326
G1 X96.778 Y91.021 E.58405
G1 X97.465 Y91.021 E.02326
G1 X91.021 Y97.465 E.30847
G1 X91.021 Y96.778 E.02326
G1 X103.222 Y108.979 E.58405
G1 X104.85 Y108.979 E.05512
; stop printing object 20mmbox-LF.stl id:0 copy 0
;LAYER_CHANGE
;Z:15
;HEIGHT:0.2
G92 E0
;_SET_FAN_SPEED_CHANGING_LAYER
M204 S10000
G1 E-.8 F1800
G1 X104.85 Y113.611 Z15.4 F7200
G1 Z15
G1 E.8 F1800
M204 S500
;TYPE:Skirt
G1 F1473.913
G1 X90 Y113.611 E.50267
G1 X88.359 Y113.216 E.05713
G1 X87.077 Y112.119 E.05713
G1 X86.389 Y110 E.0754
G1 X86.389 Y90 E.67698
G1 X86.784 Y88.359 E.05713
G1 X87.881 Y87.077 E.05713
G1 X90 Y86.389 E.0754
G1 X110 Y86.389 E.67698
G1 X111.641 Y86.784 E.05713
G1 X112.923 Y87.881 E.05713
G1 X113.611 Y90 E.0754
G1 X113.611 Y110 E.67698
G1 X113.216 Y111.641 E.05713
G1 X112.119 Y112.923 E.05713
G1 X110 Y113.611 E.0754
G1 X104.89 Y113.611 E.17296
M204 S10000
G1 X104.89 Y113.611 F7200
G1 X90 Y113.611
G1 X104.89 Y113.204
M204 S500
G1 F1473.913
G1 X90 Y113.204 E.50402
G1 X88.461 Y112.81 E.05376
G1 X87.301 Y111.725 E.05376
G1 X86.796 Y110 E.06084
G1 X86.796 Y90 E.67698
G1 X87.19 Y88.461 E.05376
G1 X88.275 Y87.301 E.05376
G1 X90 Y86.796 E.06084
G1 X110 Y86.796 E.67698
G1 X111.539 Y87.19 E.05376
G1 X112.699 Y88.275 E.05376
G1 X113.204 Y90 E.06084
G1 X113.204 Y110 E.67698
G1 X112.81 Y111.539 E.05376
G1 X111.725 Y112.699 E.05376
G1 X110 Y113.204 E.06084
G1 X104.93 Y113.204 E.1716
; printing object 20mmbox-LF.stl id:0 copy 0
M204 S10000
G1 E-.8 F1800
G1 X109.325 Y109.325 Z15.4 F7200
G1 Z15
G1 E.8 F1800
M204 S1500
;TYPE:Inner wall
G1 F1473.913
G1 X90.675 Y109.325 E.63128
G1 X90.675 Y90.675 E.63128
G1 X109.325 Y90.675 E.63128
G1 X109.325 Y109.285 E.62993
M204 S10000
G1 X109.775 Y109.775 F7200
M204 S500
;TYPE:Outer wall
G1 F1473.913
G1 X90.225 Y109.775 E.66174
G1 X90.225 Y90.225 E.66174
G1 X109.775 Y90.225 E.66174
G1 X109.775 Y109.735 E.66039
M204 S10000
G1 E-.8 F1800
G1 X104.85 Y108.979 Z15.4 F7200
G1 Z15
G1 E.8 F1800
M204 S500
;TYPE:Sparse infill
G1 F1473.913
G1 X103.222 Y108.979 E.05512
G1 X91.021 Y96.778 E.58405
G1 X91.021 Y97.465 E.02326
G1 X97.465 Y91.021 E.30847
G1 X96.778 Y91.021 E.02326
G1 X108.979 Y103.222 E.58405
G1 X108.979 Y102.535 E.02326
G1 X102.535 Y108.979 E.30847
G1 X97.465 Y108.979 E.17161
G1 X91.021 Y102.535 E.30847
G1 X91.021 Y103.222 E.02326
G1 X103.222 Y91.021 E.58405
G1 X102.535 Y91.021 E.02326
M73 P72 R12
G1 X108.979 Y97.465 E.30847
G1 X108.979 Y96.778 E.02326
G1 X96.778 Y108.979 E.58405
G1 X91.708 Y108.979 E.17161
G1 X91.021 Y108.292 E.03289
G1 X91.021 Y108.979 E.02326
G1 X108.979 Y91.021 E.85964
G1 X108.292 Y91.021 E.02326
G1 X108.979 Y91.708 E.03289
G1 X108.979 Y93.336 E.05512
M204 S10000
G1 E-.8 F1800
G1 X101.429 Y92.219 Z15.4 F7200
G1 X93.336 Y91.021 Z15.4
G1 Z15
G1 E.8 F1800
M204 S500
G1 F1473.913
G1 X91.708 Y91.021 E.05512
G1 X91.021 Y91.708 E.03289
G1 X91.021 Y91.021 E.02326
G1 X108.979 Y108.979 E.85964
G1 X108.292 Y108.979 E.02326
G1 X108.979 Y108.292 E.03289
G1 X108.979 Y106.664 E.05512
; stop printing object 20mmbox-LF.stl id:0 copy 0
;LAYER_CHANGE
;Z:15.2
;HEIGHT:0.2
G92 E0
;_SET_FAN_SPEED_CHANGING_LAYER
M204 S10000
G1 E-.8 F1800
G1 X113.611 Y106.664 Z15.6 F7200
G1 Z15.2
G1 E.8 F1800
M204 S500
;TYPE:Skirt
G1 F1473.913
G1 X113.611 Y110 E.11293
G1 X113.216 Y111.641 E.05713
G1 X112.119 Y112.923 E.05713
G1 X110 Y113.611 E.0754
G1 X90 Y113.611 E.67698
G1 X88.359 Y113.216 E.05713
G1 X87.077 Y112.119 E.05713
G1 X86.389 Y110 E.0754
G1 X86.389 Y90 E.67698
G1 X86.784 Y88.359 E.05713
G1 X87.881 Y87.077 E.05713
G1 X90 Y86.389 E.0754
G1 X110 Y86.389 E.67698
G1 X111.641 Y86.784 E.05713
G1 X112.923 Y87.881 E.05713
G1 X113.611 Y90 E.0754
G1 X113.611 Y106.624 E.56269
M204 S10000
G1 X113.611 Y106.624 F7200
G1 X113.611 Y110
G1 X113.216 Y111.641
G1 X113.204 Y106.624
M204 S500
G1 F1473.913
G1 X113.204 Y110 E.11429
G1 X112.81 Y111.539 E.05376
G1 X111.725 Y112.699 E.05376
G1 X110 Y113.204 E.06084
G1 X90 Y113.204 E.67698
G1 X88.461 Y112.81 E.05376
G1 X87.301 Y111.725 E.05376
G1 X86.796 Y110 E.06084
G1 X86.796 Y90 E.67698
G1 X87.19 Y88.461 E.05376
G1 X88.275 Y87.301 E.05376
G1 X90 Y86.796 E.06084
G1 X110 Y86.796 E.67698
G1 X111.539 Y87.19 E.05376
G1 X112.699 Y88.275 E.05376
G1 X113.204 Y90 E.06084
G1 X113.204 Y106.584 E.56134
; printing object 20mmbox-LF.stl id:0 copy 0
M204 S10000
G1 E-.8 F1800
G1 X109.325 Y109.325 Z15.6 F7200
G1 Z15.2
G1 E.8 F1800
M204 S1500
;TYPE:Inner wall
G1 F1473.913
G1 X90.675 Y109.325 E.63128
G1 X90.675 Y90.675 E.63128
G1 X109.325 Y90.675 E.63128
G1 X109.325 Y109.285 E.62993
M204 S10000
G1 X109.775 Y109.775 F7200
M204 S500
;TYPE:Outer wall
G1 F1473.913
G1 X90.225 Y109.775 E.66174
G1 X90.225 Y90.225 E.66174
G1 X109.775 Y90.225 E.66174
G1 X109.775 Y109.735 E.66039
M204 S10000
G1 E-.8 F1800
M73 P72 R11
G1 X108.979 Y106.664 Z15.6 F7200
G1 Z15.2
G1 E.8 F1800
M204 S500
;TYPE:Sparse infill
G1 F1473.913
G1 X108.979 Y108.292 E.05512
G1 X108.292 Y108.979 E.03289
G1 X108.979 Y108.979 E.02326
G1 X91.021 Y91.021 E.85964
G1 X91.021 Y91.708 E.02326
G1 X91.708 Y91.021 E.03289
G1 X93.336 Y91.021 E.05512
M204 S10000
G1 E-.8 F1800
G1 X100.887 Y92.139 Z15.6 F7200
G1 X108.979 Y93.336 Z15.6
G1 Z15.2
G1 E.8 F1800
M204 S500
G1 F1473.913
G1 X108.979 Y91.708 E.05512
G1 X108.292 Y91.021 E.03289
G1 X108.979 Y91.021 E.02326
G1 X91.021 Y108.979 E.85964
G1 X91.021 Y108.292 E.02326
G1 X91.708 Y108.979 E.03289
G1 X96.778 Y108.979 E.17161
G1 X108.979 Y96.778 E.58405
G1 X108.979 Y97.465 E.02326
G1 X102.535 Y91.021 E.30847
G1 X103.222 Y91.021 E.02326
G1 X91.021 Y103.222 E.58405
G1 X91.021 Y102.535 E.02326
G1 X97.465 Y108.979 E.30847
G1 X102.535 Y108.979 E.17161
M73 P73 R11
G1 X108.979 Y102.535 E.30847
G1 X108.979 Y103.222 E.02326
G1 X96.778 Y91.021 E.58405
G1 X97.465 Y91.021 E.02326
G1 X91.021 Y97.465 E.30847
G1 X91.021 Y96.778 E.02326
G1 X103.222 Y108.979 E.58405
G1 X104.85 Y108.979 E.05512
; stop printing object 20mmbox-LF.stl id:0 copy 0
;LAYER_CHANGE
;Z:15.4
;HEIGHT:0.2
G92 E0
;_SET_FAN_SPEED_CHANGING_LAYER
M204 S10000
G1 E-.8 F1800
G1 X104.85 Y113.611 Z15.8 F7200
G1 Z15.4
G1 E.8 F1800
M204 S500
;TYPE:Skirt
G1 F1473.913
G1 X90 Y113.611 E.50267
G1 X88.359 Y113.216 E.05713
G1 X87.077 Y112.119 E.05713
G1 X86.389 Y110 E.0754
G1 X86.389 Y90 E.67698
G1 X86.784 Y88.359 E.05713
G1 X87.881 Y87.077 E.05713
G1 X90 Y86.389 E.0754
G1 X110 Y86.389 E.67698
G1 X111.641 Y86.784 E.05713
G1 X112.923 Y87.881 E.05713
G1 X113.611 Y90 E.0754
G1 X113.611 Y110 E.67698
G1 X113.216 Y111.641 E.05713
G1 X112.119 Y112.923 E.05713
G1 X110 Y113.611 E.0754
G1 X104.89 Y113.611 E.17296
M204 S10000
G1 X104.89 Y113.611 F7200
G1 X90 Y113.611
G1 X104.89 Y113.204
M204 S500
G1 F1473.913
G1 X90 Y113.204 E.50402
G1 X88.461 Y112.81 E.05376
G1 X87.301 Y111.725 E.05376
G1 X86.796 Y110 E.06084
G1 X86.796 Y90 E.67698
G1 X87.19 Y88.461 E.05376
G1 X88.275 Y87.301 E.05376
G1 X90 Y86.796 E.06084
G1 X110 Y86.796 E.67698
G1 X111.539 Y87.19 E.05376
G1 X112.699 Y88.275 E.05376
G1 X113.204 Y90 E.06084
G1 X113.204 Y110 E.67698
G1 X112.81 Y111.539 E.05376
G1 X111.725 Y112.699 E.05376
G1 X110 Y113.204 E.06084
G1 X104.93 Y113.204 E.1716
; printing object 20mmbox-LF.stl id:0 copy 0
M204 S10000
G1 E-.8 F1800
G1 X109.325 Y109.325 Z15.8 F7200
G1 Z15.4
G1 E.8 F1800
M204 S1500
;TYPE:Inner wall
G1 F1473.913
G1 X90.675 Y109.325 E.63128
G1 X90.675 Y90.675 E.63128
G1 X109.325 Y90.675 E.63128
G1 X109.325 Y109.285 E.62993
M204 S10000
G1 X109.775 Y109.775 F7200
M204 S500
;TYPE:Outer wall
G1 F1473.913
G1 X90.225 Y109.775 E.66174
G1 X90.225 Y90.225 E.66174
G1 X109.775 Y90.225 E.66174
G1 X109.775 Y109.735 E.66039
M204 S10000
G1 E-.8 F1800
G1 X104.85 Y108.979 Z15.8 F7200
G1 Z15.4
G1 E.8 F1800
M204 S500
;TYPE:Sparse infill
G1 F1473.913
G1 X103.222 Y108.979 E.05512
G1 X91.021 Y96.778 E.58405
G1 X91.021 Y97.465 E.02326
G1 X97.465 Y91.021 E.30847
G1 X96.778 Y91.021 E.02326
G1 X108.979 Y103.222 E.58405
G1 X108.979 Y102.535 E.02326
G1 X102.535 Y108.979 E.30847
G1 X97.465 Y108.979 E.17161
G1 X91.021 Y102.535 E.30847
G1 X91.021 Y103.222 E.02326
G1 X103.222 Y91.021 E.58405
G1 X102.535 Y91.021 E.02326
G1 X108.979 Y97.465 E.30847
G1 X108.979 Y96.778 E.02326
G1 X96.778 Y108.979 E.58405
G1 X91.708 Y108.979 E.17161
G1 X91.021 Y108.292 E.03289
G1 X91.021 Y108.979 E.02326
G1 X108.979 Y91.021 E.85964
G1 X108.292 Y91.021 E.02326
G1 X108.979 Y91.708 E.03289
G1 X108.979 Y93.336 E.05512
M204 S10000
G1 E-.8 F1800
G1 X101.429 Y92.219 Z15.8 F7200
G1 X93.336 Y91.021 Z15.8
G1 Z15.4
G1 E.8 F1800
M204 S500
G1 F1473.913
G1 X91.708 Y91.021 E.05512
G1 X91.021 Y91.708 E.03289
G1 X91.021 Y91.021 E.02326
G1 X108.979 Y108.979 E.85964
G1 X108.292 Y108.979 E.02326
M73 P74 R11
G1 X108.979 Y108.292 E.03289
G1 X108.979 Y106.664 E.05512
; stop printing object 20mmbox-LF.stl id:0 copy 0
;LAYER_CHANGE
;Z:15.6
;HEIGHT:0.200001
G92 E0
;_SET_FAN_SPEED_CHANGING_LAYER
M204 S10000
G1 E-.8 F1800
G1 X113.611 Y106.664 Z16 F7200
G1 Z15.6
G1 E.8 F1800
M204 S500
;TYPE:Skirt
G1 F1473.913
G1 X113.611 Y110 E.11293
G1 X113.216 Y111.641 E.05713
G1 X112.119 Y112.923 E.05713
G1 X110 Y113.611 E.0754
G1 X90 Y113.611 E.67698
G1 X88.359 Y113.216 E.05713
G1 X87.077 Y112.119 E.05713
G1 X86.389 Y110 E.0754
G1 X86.389 Y90 E.67698
G1 X86.784 Y88.359 E.05713
G1 X87.881 Y87.077 E.05713
G1 X90 Y86.389 E.0754
G1 X110 Y86.389 E.67698
G1 X111.641 Y86.784 E.05713
G1 X112.923 Y87.881 E.05713
G1 X113.611 Y90 E.0754
G1 X113.611 Y106.624 E.56269
M204 S10000
G1 X113.611 Y106.624 F7200
G1 X113.611 Y110
G1 X113.216 Y111.641
G1 X113.204 Y106.624
M204 S500
G1 F1473.913
G1 X113.204 Y110 E.11429
G1 X112.81 Y111.539 E.05376
G1 X111.725 Y112.699 E.05376
G1 X110 Y113.204 E.06084
G1 X90 Y113.204 E.67698
G1 X88.461 Y112.81 E.05376
G1 X87.301 Y111.725 E.05376
G1 X86.796 Y110 E.06084
G1 X86.796 Y90 E.67698
G1 X87.19 Y88.461 E.05376
G1 X88.275 Y87.301 E.05376
G1 X90 Y86.796 E.06084
G1 X110 Y86.796 E.67698
G1 X111.539 Y87.19 E.05376
G1 X112.699 Y88.275 E.05376
G1 X113.204 Y90 E.06084
G1 X113.204 Y106.584 E.56134
; printing object 20mmbox-LF.stl id:0 copy 0
M204 S10000
G1 E-.8 F1800
G1 X109.325 Y109.325 Z16 F7200
G1 Z15.6
G1 E.8 F1800
M204 S1500
;TYPE:Inner wall
G1 F1473.913
G1 X90.675 Y109.325 E.63128
G1 X90.675 Y90.675 E.63128
G1 X109.325 Y90.675 E.63128
G1 X109.325 Y109.285 E.62993
M204 S10000
G1 X109.775 Y109.775 F7200
M204 S500
;TYPE:Outer wall
G1 F1473.913
G1 X90.225 Y109.775 E.66174
G1 X90.225 Y90.225 E.66174
G1 X109.775 Y90.225 E.66174
G1 X109.775 Y109.735 E.66039
M204 S10000
G1 E-.8 F1800
G1 X108.979 Y106.664 Z16 F7200
G1 Z15.6
G1 E.8 F1800
M204 S500
;TYPE:Sparse infill
G1 F1473.913
G1 X108.979 Y108.292 E.05512
G1 X108.292 Y108.979 E.03289
G1 X108.979 Y108.979 E.02326
G1 X91.021 Y91.021 E.85964
G1 X91.021 Y91.708 E.02326
G1 X91.708 Y91.021 E.03289
G1 X93.336 Y91.021 E.05512
M204 S10000
G1 E-.8 F1800
G1 X100.887 Y92.139 Z16 F7200
G1 X108.979 Y93.336 Z16
G1 Z15.6
G1 E.8 F1800
M204 S500
G1 F1473.913
G1 X108.979 Y91.708 E.05512
G1 X108.292 Y91.021 E.03289
G1 X108.979 Y91.021 E.02326
G1 X91.021 Y108.979 E.85964
G1 X91.021 Y108.292 E.02326
G1 X91.708 Y108.979 E.03289
G1 X96.778 Y108.979 E.17161
G1 X108.979 Y96.778 E.58405
G1 X108.979 Y97.465 E.02326
G1 X102.535 Y91.021 E.30847
G1 X103.222 Y91.021 E.02326
G1 X91.021 Y103.222 E.58405
G1 X91.021 Y102.535 E.02326
G1 X97.465 Y108.979 E.30847
G1 X102.535 Y108.979 E.17161
G1 X108.979 Y102.535 E.30847
G1 X108.979 Y103.222 E.02326
G1 X96.778 Y91.021 E.58405
G1 X97.465 Y91.021 E.02326
G1 X91.021 Y97.465 E.30847
G1 X91.021 Y96.778 E.02326
G1 X103.222 Y108.979 E.58405
G1 X104.85 Y108.979 E.05512
; stop printing object 20mmbox-LF.stl id:0 copy 0
;LAYER_CHANGE
;Z:15.8
;HEIGHT:0.2
G92 E0
;_SET_FAN_SPEED_CHANGING_LAYER
M204 S10000
G1 E-.8 F1800
G1 X104.85 Y113.611 Z16.2 F7200
G1 Z15.8
G1 E.8 F1800
M204 S500
;TYPE:Skirt
G1 F1473.913
G1 X90 Y113.611 E.50267
G1 X88.359 Y113.216 E.05713
G1 X87.077 Y112.119 E.05713
G1 X86.389 Y110 E.0754
G1 X86.389 Y90 E.67698
G1 X86.784 Y88.359 E.05713
M73 P75 R11
G1 X87.881 Y87.077 E.05713
M73 P75 R10
G1 X90 Y86.389 E.0754
G1 X110 Y86.389 E.67698
G1 X111.641 Y86.784 E.05713
G1 X112.923 Y87.881 E.05713
G1 X113.611 Y90 E.0754
G1 X113.611 Y110 E.67698
G1 X113.216 Y111.641 E.05713
G1 X112.119 Y112.923 E.05713
G1 X110 Y113.611 E.0754
G1 X104.89 Y113.611 E.17296
M204 S10000
G1 X104.89 Y113.611 F7200
G1 X90 Y113.611
G1 X104.89 Y113.204
M204 S500
G1 F1473.913
G1 X90 Y113.204 E.50402
G1 X88.461 Y112.81 E.05376
G1 X87.301 Y111.725 E.05376
G1 X86.796 Y110 E.06084
G1 X86.796 Y90 E.67698
G1 X87.19 Y88.461 E.05376
G1 X88.275 Y87.301 E.05376
G1 X90 Y86.796 E.06084
G1 X110 Y86.796 E.67698
G1 X111.539 Y87.19 E.05376
G1 X112.699 Y88.275 E.05376
G1 X113.204 Y90 E.06084
G1 X113.204 Y110 E.67698
G1 X112.81 Y111.539 E.05376
G1 X111.725 Y112.699 E.05376
G1 X110 Y113.204 E.06084
G1 X104.93 Y113.204 E.1716
; printing object 20mmbox-LF.stl id:0 copy 0
M204 S10000
G1 E-.8 F1800
G1 X109.325 Y109.325 Z16.2 F7200
G1 Z15.8
G1 E.8 F1800
M204 S1500
;TYPE:Inner wall
G1 F1473.913
G1 X90.675 Y109.325 E.63128
G1 X90.675 Y90.675 E.63128
G1 X109.325 Y90.675 E.63128
G1 X109.325 Y109.285 E.62993
M204 S10000
G1 X109.775 Y109.775 F7200
M204 S500
;TYPE:Outer wall
G1 F1473.913
G1 X90.225 Y109.775 E.66174
G1 X90.225 Y90.225 E.66174
G1 X109.775 Y90.225 E.66174
G1 X109.775 Y109.735 E.66039
M204 S10000
G1 E-.8 F1800
G1 X104.85 Y108.979 Z16.2 F7200
G1 Z15.8
G1 E.8 F1800
M204 S500
;TYPE:Sparse infill
G1 F1473.913
G1 X103.222 Y108.979 E.05512
G1 X91.021 Y96.778 E.58405
G1 X91.021 Y97.465 E.02326
G1 X97.465 Y91.021 E.30847
G1 X96.778 Y91.021 E.02326
G1 X108.979 Y103.222 E.58405
G1 X108.979 Y102.535 E.02326
G1 X102.535 Y108.979 E.30847
G1 X97.465 Y108.979 E.17161
G1 X91.021 Y102.535 E.30847
G1 X91.021 Y103.222 E.02326
G1 X103.222 Y91.021 E.58405
G1 X102.535 Y91.021 E.02326
G1 X108.979 Y97.465 E.30847
G1 X108.979 Y96.778 E.02326
G1 X96.778 Y108.979 E.58405
G1 X91.708 Y108.979 E.17161
G1 X91.021 Y108.292 E.03289
G1 X91.021 Y108.979 E.02326
G1 X108.979 Y91.021 E.85964
G1 X108.292 Y91.021 E.02326
G1 X108.979 Y91.708 E.03289
G1 X108.979 Y93.336 E.05512
M204 S10000
G1 E-.8 F1800
G1 X101.429 Y92.219 Z16.2 F7200
G1 X93.336 Y91.021 Z16.2
G1 Z15.8
G1 E.8 F1800
M204 S500
G1 F1473.913
G1 X91.708 Y91.021 E.05512
G1 X91.021 Y91.708 E.03289
G1 X91.021 Y91.021 E.02326
G1 X108.979 Y108.979 E.85964
G1 X108.292 Y108.979 E.02326
G1 X108.979 Y108.292 E.03289
G1 X108.979 Y106.664 E.05512
; stop printing object 20mmbox-LF.stl id:0 copy 0
;LAYER_CHANGE
;Z:16
;HEIGHT:0.2
G92 E0
;_SET_FAN_SPEED_CHANGING_LAYER
M204 S10000
G1 E-.8 F1800
G1 X113.611 Y106.664 Z16.4 F7200
G1 Z16
G1 E.8 F1800
M204 S500
;TYPE:Skirt
G1 F1473.913
G1 X113.611 Y110 E.11293
G1 X113.216 Y111.641 E.05713
G1 X112.119 Y112.923 E.05713
G1 X110 Y113.611 E.0754
G1 X90 Y113.611 E.67698
G1 X88.359 Y113.216 E.05713
G1 X87.077 Y112.119 E.05713
G1 X86.389 Y110 E.0754
G1 X86.389 Y90 E.67698
G1 X86.784 Y88.359 E.05713
G1 X87.881 Y87.077 E.05713
G1 X90 Y86.389 E.0754
G1 X110 Y86.389 E.67698
G1 X111.641 Y86.784 E.05713
M73 P76 R10
G1 X112.923 Y87.881 E.05713
G1 X113.611 Y90 E.0754
G1 X113.611 Y106.624 E.56269
M204 S10000
G1 X113.611 Y106.624 F7200
G1 X113.611 Y110
G1 X113.216 Y111.641
G1 X113.204 Y106.624
M204 S500
G1 F1473.913
G1 X113.204 Y110 E.11429
G1 X112.81 Y111.539 E.05376
G1 X111.725 Y112.699 E.05376
G1 X110 Y113.204 E.06084
G1 X90 Y113.204 E.67698
G1 X88.461 Y112.81 E.05376
G1 X87.301 Y111.725 E.05376
G1 X86.796 Y110 E.06084
G1 X86.796 Y90 E.67698
G1 X87.19 Y88.461 E.05376
G1 X88.275 Y87.301 E.05376
G1 X90 Y86.796 E.06084
G1 X110 Y86.796 E.67698
G1 X111.539 Y87.19 E.05376
G1 X112.699 Y88.275 E.05376
G1 X113.204 Y90 E.06084
G1 X113.204 Y106.584 E.56134
; printing object 20mmbox-LF.stl id:0 copy 0
M204 S10000
G1 E-.8 F1800
G1 X109.325 Y109.325 Z16.4 F7200
G1 Z16
G1 E.8 F1800
M204 S1500
;TYPE:Inner wall
G1 F1473.913
G1 X90.675 Y109.325 E.63128
G1 X90.675 Y90.675 E.63128
G1 X109.325 Y90.675 E.63128
G1 X109.325 Y109.285 E.62993
M204 S10000
G1 X109.775 Y109.775 F7200
M204 S500
;TYPE:Outer wall
G1 F1473.913
G1 X90.225 Y109.775 E.66174
G1 X90.225 Y90.225 E.66174
G1 X109.775 Y90.225 E.66174
G1 X109.775 Y109.735 E.66039
M204 S10000
G1 E-.8 F1800
G1 X108.979 Y106.664 Z16.4 F7200
G1 Z16
G1 E.8 F1800
M204 S500
;TYPE:Sparse infill
G1 F1473.913
G1 X108.979 Y108.292 E.05512
G1 X108.292 Y108.979 E.03289
G1 X108.979 Y108.979 E.02326
G1 X91.021 Y91.021 E.85964
G1 X91.021 Y91.708 E.02326
G1 X91.708 Y91.021 E.03289
G1 X93.336 Y91.021 E.05512
M204 S10000
G1 E-.8 F1800
G1 X100.887 Y92.139 Z16.4 F7200
G1 X108.979 Y93.336 Z16.4
G1 Z16
G1 E.8 F1800
M204 S500
G1 F1473.913
G1 X108.979 Y91.708 E.05512
G1 X108.292 Y91.021 E.03289
G1 X108.979 Y91.021 E.02326
G1 X91.021 Y108.979 E.85964
G1 X91.021 Y108.292 E.02326
G1 X91.708 Y108.979 E.03289
G1 X96.778 Y108.979 E.17161
G1 X108.979 Y96.778 E.58405
G1 X108.979 Y97.465 E.02326
G1 X102.535 Y91.021 E.30847
G1 X103.222 Y91.021 E.02326
G1 X91.021 Y103.222 E.58405
G1 X91.021 Y102.535 E.02326
G1 X97.465 Y108.979 E.30847
G1 X102.535 Y108.979 E.17161
G1 X108.979 Y102.535 E.30847
G1 X108.979 Y103.222 E.02326
G1 X96.778 Y91.021 E.58405
G1 X97.465 Y91.021 E.02326
G1 X91.021 Y97.465 E.30847
G1 X91.021 Y96.778 E.02326
G1 X103.222 Y108.979 E.58405
G1 X104.85 Y108.979 E.05512
; stop printing object 20mmbox-LF.stl id:0 copy 0
;LAYER_CHANGE
;Z:16.2
;HEIGHT:0.200001
G92 E0
;_SET_FAN_SPEED_CHANGING_LAYER
M204 S10000
G1 E-.8 F1800
G1 X104.85 Y113.611 Z16.6 F7200
G1 Z16.2
G1 E.8 F1800
M204 S500
;TYPE:Skirt
G1 F1473.913
G1 X90 Y113.611 E.50267
G1 X88.359 Y113.216 E.05713
G1 X87.077 Y112.119 E.05713
G1 X86.389 Y110 E.0754
G1 X86.389 Y90 E.67698
G1 X86.784 Y88.359 E.05713
G1 X87.881 Y87.077 E.05713
G1 X90 Y86.389 E.0754
G1 X110 Y86.389 E.67698
G1 X111.641 Y86.784 E.05713
G1 X112.923 Y87.881 E.05713
G1 X113.611 Y90 E.0754
G1 X113.611 Y110 E.67698
G1 X113.216 Y111.641 E.05713
G1 X112.119 Y112.923 E.05713
G1 X110 Y113.611 E.0754
G1 X104.89 Y113.611 E.17296
M204 S10000
G1 X104.89 Y113.611 F7200
G1 X90 Y113.611
G1 X104.89 Y113.204
M204 S500
G1 F1473.913
G1 X90 Y113.204 E.50402
G1 X88.461 Y112.81 E.05376
G1 X87.301 Y111.725 E.05376
G1 X86.796 Y110 E.06084
G1 X86.796 Y90 E.67698
M73 P77 R10
G1 X87.19 Y88.461 E.05376
G1 X88.275 Y87.301 E.05376
G1 X90 Y86.796 E.06084
G1 X110 Y86.796 E.67698
G1 X111.539 Y87.19 E.05376
G1 X112.699 Y88.275 E.05376
G1 X113.204 Y90 E.06084
G1 X113.204 Y110 E.67698
G1 X112.81 Y111.539 E.05376
G1 X111.725 Y112.699 E.05376
G1 X110 Y113.204 E.06084
G1 X104.93 Y113.204 E.1716
; printing object 20mmbox-LF.stl id:0 copy 0
M204 S10000
G1 E-.8 F1800
G1 X109.325 Y109.325 Z16.6 F7200
G1 Z16.2
G1 E.8 F1800
M204 S1500
;TYPE:Inner wall
G1 F1473.913
G1 X90.675 Y109.325 E.63128
G1 X90.675 Y90.675 E.63128
G1 X109.325 Y90.675 E.63128
G1 X109.325 Y109.285 E.62993
M204 S10000
G1 X109.775 Y109.775 F7200
M204 S500
;TYPE:Outer wall
G1 F1473.913
G1 X90.225 Y109.775 E.66174
G1 X90.225 Y90.225 E.66174
G1 X109.775 Y90.225 E.66174
M73 P77 R9
G1 X109.775 Y109.735 E.66039
M204 S10000
G1 E-.8 F1800
G1 X104.85 Y108.979 Z16.6 F7200
G1 Z16.2
G1 E.8 F1800
M204 S500
;TYPE:Sparse infill
G1 F1473.913
G1 X103.222 Y108.979 E.05512
G1 X91.021 Y96.778 E.58405
G1 X91.021 Y97.465 E.02326
G1 X97.465 Y91.021 E.30847
G1 X96.778 Y91.021 E.02326
G1 X108.979 Y103.222 E.58405
G1 X108.979 Y102.535 E.02326
G1 X102.535 Y108.979 E.30847
G1 X97.465 Y108.979 E.17161
G1 X91.021 Y102.535 E.30847
G1 X91.021 Y103.222 E.02326
G1 X103.222 Y91.021 E.58405
G1 X102.535 Y91.021 E.02326
G1 X108.979 Y97.465 E.30847
G1 X108.979 Y96.778 E.02326
G1 X96.778 Y108.979 E.58405
G1 X91.708 Y108.979 E.17161
G1 X91.021 Y108.292 E.03289
G1 X91.021 Y108.979 E.02326
G1 X108.979 Y91.021 E.85964
G1 X108.292 Y91.021 E.02326
G1 X108.979 Y91.708 E.03289
G1 X108.979 Y93.336 E.05512
M204 S10000
G1 E-.8 F1800
G1 X101.429 Y92.219 Z16.6 F7200
G1 X93.336 Y91.021 Z16.6
G1 Z16.2
G1 E.8 F1800
M204 S500
G1 F1473.913
G1 X91.708 Y91.021 E.05512
G1 X91.021 Y91.708 E.03289
G1 X91.021 Y91.021 E.02326
G1 X108.979 Y108.979 E.85964
G1 X108.292 Y108.979 E.02326
G1 X108.979 Y108.292 E.03289
G1 X108.979 Y106.664 E.05512
; stop printing object 20mmbox-LF.stl id:0 copy 0
;LAYER_CHANGE
;Z:16.4
;HEIGHT:0.199999
G92 E0
;_SET_FAN_SPEED_CHANGING_LAYER
M204 S10000
G1 E-.8 F1800
G1 X113.611 Y106.664 Z16.8 F7200
G1 Z16.4
G1 E.8 F1800
M204 S500
;TYPE:Skirt
G1 F1473.913
G1 X113.611 Y110 E.11293
G1 X113.216 Y111.641 E.05713
G1 X112.119 Y112.923 E.05713
G1 X110 Y113.611 E.0754
G1 X90 Y113.611 E.67698
G1 X88.359 Y113.216 E.05713
G1 X87.077 Y112.119 E.05713
G1 X86.389 Y110 E.0754
G1 X86.389 Y90 E.67698
G1 X86.784 Y88.359 E.05713
G1 X87.881 Y87.077 E.05713
G1 X90 Y86.389 E.0754
G1 X110 Y86.389 E.67698
G1 X111.641 Y86.784 E.05713
G1 X112.923 Y87.881 E.05713
G1 X113.611 Y90 E.0754
G1 X113.611 Y106.624 E.56269
M204 S10000
G1 X113.611 Y106.624 F7200
G1 X113.611 Y110
G1 X113.216 Y111.641
G1 X113.204 Y106.624
M204 S500
G1 F1473.913
G1 X113.204 Y110 E.11429
G1 X112.81 Y111.539 E.05376
G1 X111.725 Y112.699 E.05376
G1 X110 Y113.204 E.06084
G1 X90 Y113.204 E.67698
G1 X88.461 Y112.81 E.05376
G1 X87.301 Y111.725 E.05376
G1 X86.796 Y110 E.06084
G1 X86.796 Y90 E.67698
G1 X87.19 Y88.461 E.05376
G1 X88.275 Y87.301 E.05376
G1 X90 Y86.796 E.06084
G1 X110 Y86.796 E.67698
G1 X111.539 Y87.19 E.05376
M73 P78 R9
G1 X112.699 Y88.275 E.05376
G1 X113.204 Y90 E.06084
G1 X113.204 Y106.584 E.56134
; printing object 20mmbox-LF.stl id:0 copy 0
M204 S10000
G1 E-.8 F1800
G1 X109.325 Y109.325 Z16.8 F7200
G1 Z16.4
G1 E.8 F1800
M204 S1500
;TYPE:Inner wall
G1 F1473.913
G1 X90.675 Y109.325 E.63128
G1 X90.675 Y90.675 E.63128
G1 X109.325 Y90.675 E.63128
G1 X109.325 Y109.285 E.62993
M204 S10000
G1 X109.775 Y109.775 F7200
M204 S500
;TYPE:Outer wall
G1 F1473.913
G1 X90.225 Y109.775 E.66174
G1 X90.225 Y90.225 E.66174
G1 X109.775 Y90.225 E.66174
G1 X109.775 Y109.735 E.66039
M204 S10000
G1 E-.8 F1800
G1 X108.979 Y106.664 Z16.8 F7200
G1 Z16.4
G1 E.8 F1800
M204 S500
;TYPE:Sparse infill
G1 F1473.913
G1 X108.979 Y108.292 E.05512
G1 X108.292 Y108.979 E.03289
G1 X108.979 Y108.979 E.02326
G1 X91.021 Y91.021 E.85964
G1 X91.021 Y91.708 E.02326
G1 X91.708 Y91.021 E.03289
G1 X93.336 Y91.021 E.05512
M204 S10000
G1 E-.8 F1800
G1 X100.887 Y92.139 Z16.8 F7200
G1 X108.979 Y93.336 Z16.8
G1 Z16.4
G1 E.8 F1800
M204 S500
G1 F1473.913
G1 X108.979 Y91.708 E.05512
G1 X108.292 Y91.021 E.03289
G1 X108.979 Y91.021 E.02326
G1 X91.021 Y108.979 E.85964
G1 X91.021 Y108.292 E.02326
G1 X91.708 Y108.979 E.03289
G1 X96.778 Y108.979 E.17161
G1 X108.979 Y96.778 E.58405
G1 X108.979 Y97.465 E.02326
G1 X102.535 Y91.021 E.30847
G1 X103.222 Y91.021 E.02326
G1 X91.021 Y103.222 E.58405
G1 X91.021 Y102.535 E.02326
G1 X97.465 Y108.979 E.30847
G1 X102.535 Y108.979 E.17161
G1 X108.979 Y102.535 E.30847
G1 X108.979 Y103.222 E.02326
G1 X96.778 Y91.021 E.58405
G1 X97.465 Y91.021 E.02326
G1 X91.021 Y97.465 E.30847
G1 X91.021 Y96.778 E.02326
G1 X103.222 Y108.979 E.58405
G1 X104.85 Y108.979 E.05512
; stop printing object 20mmbox-LF.stl id:0 copy 0
;LAYER_CHANGE
;Z:16.6
;HEIGHT:0.200001
G92 E0
;_SET_FAN_SPEED_CHANGING_LAYER
M204 S10000
G1 E-.8 F1800
G1 X104.85 Y113.611 Z17 F7200
G1 Z16.6
G1 E.8 F1800
M204 S500
;TYPE:Skirt
G1 F1473.913
G1 X90 Y113.611 E.50267
G1 X88.359 Y113.216 E.05713
G1 X87.077 Y112.119 E.05713
G1 X86.389 Y110 E.0754
G1 X86.389 Y90 E.67698
G1 X86.784 Y88.359 E.05713
G1 X87.881 Y87.077 E.05713
G1 X90 Y86.389 E.0754
G1 X110 Y86.389 E.67698
G1 X111.641 Y86.784 E.05713
G1 X112.923 Y87.881 E.05713
G1 X113.611 Y90 E.0754
G1 X113.611 Y110 E.67698
G1 X113.216 Y111.641 E.05713
G1 X112.119 Y112.923 E.05713
G1 X110 Y113.611 E.0754
G1 X104.89 Y113.611 E.17296
M204 S10000
G1 X104.89 Y113.611 F7200
G1 X90 Y113.611
G1 X104.89 Y113.204
M204 S500
G1 F1473.913
G1 X90 Y113.204 E.50402
G1 X88.461 Y112.81 E.05376
G1 X87.301 Y111.725 E.05376
G1 X86.796 Y110 E.06084
G1 X86.796 Y90 E.67698
G1 X87.19 Y88.461 E.05376
G1 X88.275 Y87.301 E.05376
G1 X90 Y86.796 E.06084
G1 X110 Y86.796 E.67698
G1 X111.539 Y87.19 E.05376
G1 X112.699 Y88.275 E.05376
G1 X113.204 Y90 E.06084
G1 X113.204 Y110 E.67698
G1 X112.81 Y111.539 E.05376
G1 X111.725 Y112.699 E.05376
G1 X110 Y113.204 E.06084
G1 X104.93 Y113.204 E.1716
; printing object 20mmbox-LF.stl id:0 copy 0
M204 S10000
G1 E-.8 F1800
G1 X109.325 Y109.325 Z17 F7200
G1 Z16.6
G1 E.8 F1800
M204 S1500
;TYPE:Inner wall
G1 F1473.913
G1 X90.675 Y109.325 E.63128
G1 X90.675 Y90.675 E.63128
M73 P79 R9
G1 X109.325 Y90.675 E.63128
G1 X109.325 Y109.285 E.62993
M204 S10000
G1 X109.775 Y109.775 F7200
M204 S500
;TYPE:Outer wall
G1 F1473.913
G1 X90.225 Y109.775 E.66174
G1 X90.225 Y90.225 E.66174
G1 X109.775 Y90.225 E.66174
G1 X109.775 Y109.735 E.66039
M204 S10000
G1 E-.8 F1800
G1 X104.85 Y108.979 Z17 F7200
G1 Z16.6
G1 E.8 F1800
M204 S500
;TYPE:Sparse infill
G1 F1473.913
G1 X103.222 Y108.979 E.05512
G1 X91.021 Y96.778 E.58405
G1 X91.021 Y97.465 E.02326
G1 X97.465 Y91.021 E.30847
G1 X96.778 Y91.021 E.02326
G1 X108.979 Y103.222 E.58405
G1 X108.979 Y102.535 E.02326
G1 X102.535 Y108.979 E.30847
G1 X97.465 Y108.979 E.17161
G1 X91.021 Y102.535 E.30847
G1 X91.021 Y103.222 E.02326
G1 X103.222 Y91.021 E.58405
G1 X102.535 Y91.021 E.02326
G1 X108.979 Y97.465 E.30847
G1 X108.979 Y96.778 E.02326
G1 X96.778 Y108.979 E.58405
G1 X91.708 Y108.979 E.17161
G1 X91.021 Y108.292 E.03289
G1 X91.021 Y108.979 E.02326
G1 X108.979 Y91.021 E.85964
G1 X108.292 Y91.021 E.02326
G1 X108.979 Y91.708 E.03289
G1 X108.979 Y93.336 E.05512
M204 S10000
G1 E-.8 F1800
G1 X101.429 Y92.219 Z17 F7200
G1 X93.336 Y91.021 Z17
G1 Z16.6
G1 E.8 F1800
M204 S500
G1 F1473.913
G1 X91.708 Y91.021 E.05512
G1 X91.021 Y91.708 E.03289
G1 X91.021 Y91.021 E.02326
G1 X108.979 Y108.979 E.85964
G1 X108.292 Y108.979 E.02326
G1 X108.979 Y108.292 E.03289
G1 X108.979 Y106.664 E.05512
; stop printing object 20mmbox-LF.stl id:0 copy 0
;LAYER_CHANGE
;Z:16.8
;HEIGHT:0.199999
G92 E0
;_SET_FAN_SPEED_CHANGING_LAYER
M204 S10000
G1 E-.8 F1800
G1 X113.611 Y106.664 Z17.2 F7200
G1 Z16.8
G1 E.8 F1800
M204 S500
;TYPE:Skirt
G1 F1473.913
G1 X113.611 Y110 E.11293
G1 X113.216 Y111.641 E.05713
G1 X112.119 Y112.923 E.05713
G1 X110 Y113.611 E.0754
M73 P79 R8
G1 X90 Y113.611 E.67698
G1 X88.359 Y113.216 E.05713
G1 X87.077 Y112.119 E.05713
G1 X86.389 Y110 E.0754
G1 X86.389 Y90 E.67698
G1 X86.784 Y88.359 E.05713
G1 X87.881 Y87.077 E.05713
G1 X90 Y86.389 E.0754
G1 X110 Y86.389 E.67698
G1 X111.641 Y86.784 E.05713
G1 X112.923 Y87.881 E.05713
G1 X113.611 Y90 E.0754
G1 X113.611 Y106.624 E.56269
M204 S10000
G1 X113.611 Y106.624 F7200
G1 X113.611 Y110
G1 X113.216 Y111.641
G1 X113.204 Y106.624
M204 S500
G1 F1473.913
G1 X113.204 Y110 E.11429
G1 X112.81 Y111.539 E.05376
G1 X111.725 Y112.699 E.05376
G1 X110 Y113.204 E.06084
G1 X90 Y113.204 E.67698
G1 X88.461 Y112.81 E.05376
G1 X87.301 Y111.725 E.05376
G1 X86.796 Y110 E.06084
G1 X86.796 Y90 E.67698
G1 X87.19 Y88.461 E.05376
G1 X88.275 Y87.301 E.05376
G1 X90 Y86.796 E.06084
G1 X110 Y86.796 E.67698
G1 X111.539 Y87.19 E.05376
G1 X112.699 Y88.275 E.05376
G1 X113.204 Y90 E.06084
G1 X113.204 Y106.584 E.56134
; printing object 20mmbox-LF.stl id:0 copy 0
M204 S10000
G1 E-.8 F1800
G1 X109.325 Y109.325 Z17.2 F7200
G1 Z16.8
G1 E.8 F1800
M204 S1500
;TYPE:Inner wall
G1 F1473.913
G1 X90.675 Y109.325 E.63128
G1 X90.675 Y90.675 E.63128
G1 X109.325 Y90.675 E.63128
G1 X109.325 Y109.285 E.62993
M204 S10000
G1 X109.775 Y109.775 F7200
M73 P80 R8
M204 S500
;TYPE:Outer wall
G1 F1473.913
G1 X90.225 Y109.775 E.66174
G1 X90.225 Y90.225 E.66174
G1 X109.775 Y90.225 E.66174
G1 X109.775 Y109.735 E.66039
M204 S10000
G1 E-.8 F1800
G1 X108.979 Y106.664 Z17.2 F7200
G1 Z16.8
G1 E.8 F1800
M204 S500
;TYPE:Sparse infill
G1 F1473.913
G1 X108.979 Y108.292 E.05512
G1 X108.292 Y108.979 E.03289
G1 X108.979 Y108.979 E.02326
G1 X91.021 Y91.021 E.85964
G1 X91.021 Y91.708 E.02326
G1 X91.708 Y91.021 E.03289
G1 X93.336 Y91.021 E.05512
M204 S10000
G1 E-.8 F1800
G1 X100.887 Y92.139 Z17.2 F7200
G1 X108.979 Y93.336 Z17.2
G1 Z16.8
G1 E.8 F1800
M204 S500
G1 F1473.913
G1 X108.979 Y91.708 E.05512
G1 X108.292 Y91.021 E.03289
G1 X108.979 Y91.021 E.02326
G1 X91.021 Y108.979 E.85964
G1 X91.021 Y108.292 E.02326
G1 X91.708 Y108.979 E.03289
G1 X96.778 Y108.979 E.17161
G1 X108.979 Y96.778 E.58405
G1 X108.979 Y97.465 E.02326
G1 X102.535 Y91.021 E.30847
G1 X103.222 Y91.021 E.02326
G1 X91.021 Y103.222 E.58405
G1 X91.021 Y102.535 E.02326
G1 X97.465 Y108.979 E.30847
G1 X102.535 Y108.979 E.17161
G1 X108.979 Y102.535 E.30847
G1 X108.979 Y103.222 E.02326
G1 X96.778 Y91.021 E.58405
G1 X97.465 Y91.021 E.02326
G1 X91.021 Y97.465 E.30847
G1 X91.021 Y96.778 E.02326
G1 X103.222 Y108.979 E.58405
G1 X104.85 Y108.979 E.05512
; stop printing object 20mmbox-LF.stl id:0 copy 0
;LAYER_CHANGE
;Z:17
;HEIGHT:0.200001
G92 E0
;_SET_FAN_SPEED_CHANGING_LAYER
M204 S10000
G1 E-.8 F1800
G1 X104.85 Y113.611 Z17.4 F7200
G1 Z17
G1 E.8 F1800
M204 S500
;TYPE:Skirt
G1 F1473.913
G1 X90 Y113.611 E.50267
G1 X88.359 Y113.216 E.05713
G1 X87.077 Y112.119 E.05713
G1 X86.389 Y110 E.0754
G1 X86.389 Y90 E.67698
G1 X86.784 Y88.359 E.05713
G1 X87.881 Y87.077 E.05713
G1 X90 Y86.389 E.0754
G1 X110 Y86.389 E.67698
G1 X111.641 Y86.784 E.05713
G1 X112.923 Y87.881 E.05713
G1 X113.611 Y90 E.0754
G1 X113.611 Y110 E.67698
G1 X113.216 Y111.641 E.05713
G1 X112.119 Y112.923 E.05713
G1 X110 Y113.611 E.0754
G1 X104.89 Y113.611 E.17296
M204 S10000
G1 X104.89 Y113.611 F7200
G1 X90 Y113.611
G1 X104.89 Y113.204
M204 S500
G1 F1473.913
G1 X90 Y113.204 E.50402
G1 X88.461 Y112.81 E.05376
G1 X87.301 Y111.725 E.05376
G1 X86.796 Y110 E.06084
G1 X86.796 Y90 E.67698
G1 X87.19 Y88.461 E.05376
G1 X88.275 Y87.301 E.05376
G1 X90 Y86.796 E.06084
G1 X110 Y86.796 E.67698
G1 X111.539 Y87.19 E.05376
G1 X112.699 Y88.275 E.05376
G1 X113.204 Y90 E.06084
G1 X113.204 Y110 E.67698
G1 X112.81 Y111.539 E.05376
G1 X111.725 Y112.699 E.05376
G1 X110 Y113.204 E.06084
G1 X104.93 Y113.204 E.1716
; printing object 20mmbox-LF.stl id:0 copy 0
M204 S10000
G1 E-.8 F1800
G1 X109.325 Y109.325 Z17.4 F7200
G1 Z17
G1 E.8 F1800
M204 S1500
;TYPE:Inner wall
G1 F1473.913
G1 X90.675 Y109.325 E.63128
G1 X90.675 Y90.675 E.63128
G1 X109.325 Y90.675 E.63128
G1 X109.325 Y109.285 E.62993
M204 S10000
G1 X109.775 Y109.775 F7200
M204 S500
;TYPE:Outer wall
G1 F1473.913
G1 X90.225 Y109.775 E.66174
G1 X90.225 Y90.225 E.66174
G1 X109.775 Y90.225 E.66174
G1 X109.775 Y109.735 E.66039
M73 P81 R8
M204 S10000
G1 E-.8 F1800
G1 X104.85 Y108.979 Z17.4 F7200
G1 Z17
G1 E.8 F1800
M204 S500
;TYPE:Sparse infill
G1 F1473.913
G1 X103.222 Y108.979 E.05512
G1 X91.021 Y96.778 E.58405
G1 X91.021 Y97.465 E.02326
G1 X97.465 Y91.021 E.30847
G1 X96.778 Y91.021 E.02326
G1 X108.979 Y103.222 E.58405
G1 X108.979 Y102.535 E.02326
G1 X102.535 Y108.979 E.30847
G1 X97.465 Y108.979 E.17161
G1 X91.021 Y102.535 E.30847
G1 X91.021 Y103.222 E.02326
G1 X103.222 Y91.021 E.58405
G1 X102.535 Y91.021 E.02326
G1 X108.979 Y97.465 E.30847
G1 X108.979 Y96.778 E.02326
G1 X96.778 Y108.979 E.58405
G1 X91.708 Y108.979 E.17161
G1 X91.021 Y108.292 E.03289
G1 X91.021 Y108.979 E.02326
G1 X108.979 Y91.021 E.85964
G1 X108.292 Y91.021 E.02326
G1 X108.979 Y91.708 E.03289
G1 X108.979 Y93.336 E.05512
M204 S10000
G1 E-.8 F1800
G1 X101.429 Y92.219 Z17.4 F7200
G1 X93.336 Y91.021 Z17.4
G1 Z17
G1 E.8 F1800
M204 S500
G1 F1473.913
G1 X91.708 Y91.021 E.05512
G1 X91.021 Y91.708 E.03289
G1 X91.021 Y91.021 E.02326
G1 X108.979 Y108.979 E.85964
G1 X108.292 Y108.979 E.02326
G1 X108.979 Y108.292 E.03289
G1 X108.979 Y106.664 E.05512
; stop printing object 20mmbox-LF.stl id:0 copy 0
;LAYER_CHANGE
;Z:17.2
;HEIGHT:0.200001
G92 E0
;_SET_FAN_SPEED_CHANGING_LAYER
M204 S10000
G1 E-.8 F1800
G1 X113.611 Y106.664 Z17.6 F7200
G1 Z17.2
G1 E.8 F1800
M204 S500
;TYPE:Skirt
G1 F1473.913
G1 X113.611 Y110 E.11293
G1 X113.216 Y111.641 E.05713
G1 X112.119 Y112.923 E.05713
G1 X110 Y113.611 E.0754
G1 X90 Y113.611 E.67698
G1 X88.359 Y113.216 E.05713
G1 X87.077 Y112.119 E.05713
G1 X86.389 Y110 E.0754
G1 X86.389 Y90 E.67698
G1 X86.784 Y88.359 E.05713
G1 X87.881 Y87.077 E.05713
G1 X90 Y86.389 E.0754
G1 X110 Y86.389 E.67698
G1 X111.641 Y86.784 E.05713
G1 X112.923 Y87.881 E.05713
G1 X113.611 Y90 E.0754
G1 X113.611 Y106.624 E.56269
M204 S10000
G1 X113.611 Y106.624 F7200
G1 X113.611 Y110
G1 X113.216 Y111.641
G1 X113.204 Y106.624
M204 S500
G1 F1473.913
G1 X113.204 Y110 E.11429
G1 X112.81 Y111.539 E.05376
G1 X111.725 Y112.699 E.05376
G1 X110 Y113.204 E.06084
G1 X90 Y113.204 E.67698
G1 X88.461 Y112.81 E.05376
G1 X87.301 Y111.725 E.05376
G1 X86.796 Y110 E.06084
G1 X86.796 Y90 E.67698
G1 X87.19 Y88.461 E.05376
G1 X88.275 Y87.301 E.05376
G1 X90 Y86.796 E.06084
G1 X110 Y86.796 E.67698
G1 X111.539 Y87.19 E.05376
G1 X112.699 Y88.275 E.05376
G1 X113.204 Y90 E.06084
G1 X113.204 Y106.584 E.56134
; printing object 20mmbox-LF.stl id:0 copy 0
M204 S10000
G1 E-.8 F1800
G1 X109.325 Y109.325 Z17.6 F7200
G1 Z17.2
G1 E.8 F1800
M204 S1500
;TYPE:Inner wall
G1 F1473.913
G1 X90.675 Y109.325 E.63128
G1 X90.675 Y90.675 E.63128
G1 X109.325 Y90.675 E.63128
G1 X109.325 Y109.285 E.62993
M204 S10000
G1 X109.775 Y109.775 F7200
M73 P81 R7
M204 S500
;TYPE:Outer wall
G1 F1473.913
G1 X90.225 Y109.775 E.66174
G1 X90.225 Y90.225 E.66174
G1 X109.775 Y90.225 E.66174
G1 X109.775 Y109.735 E.66039
M204 S10000
G1 E-.8 F1800
G1 X108.979 Y106.664 Z17.6 F7200
G1 Z17.2
G1 E.8 F1800
M204 S500
;TYPE:Sparse infill
G1 F1473.913
G1 X108.979 Y108.292 E.05512
G1 X108.292 Y108.979 E.03289
G1 X108.979 Y108.979 E.02326
G1 X91.021 Y91.021 E.85964
G1 X91.021 Y91.708 E.02326
M73 P82 R7
G1 X91.708 Y91.021 E.03289
G1 X93.336 Y91.021 E.05512
M204 S10000
G1 E-.8 F1800
G1 X100.887 Y92.139 Z17.6 F7200
G1 X108.979 Y93.336 Z17.6
G1 Z17.2
G1 E.8 F1800
M204 S500
G1 F1473.913
G1 X108.979 Y91.708 E.05512
G1 X108.292 Y91.021 E.03289
G1 X108.979 Y91.021 E.02326
G1 X91.021 Y108.979 E.85964
G1 X91.021 Y108.292 E.02326
G1 X91.708 Y108.979 E.03289
G1 X96.778 Y108.979 E.17161
G1 X108.979 Y96.778 E.58405
G1 X108.979 Y97.465 E.02326
G1 X102.535 Y91.021 E.30847
G1 X103.222 Y91.021 E.02326
G1 X91.021 Y103.222 E.58405
G1 X91.021 Y102.535 E.02326
G1 X97.465 Y108.979 E.30847
G1 X102.535 Y108.979 E.17161
G1 X108.979 Y102.535 E.30847
G1 X108.979 Y103.222 E.02326
G1 X96.778 Y91.021 E.58405
G1 X97.465 Y91.021 E.02326
G1 X91.021 Y97.465 E.30847
G1 X91.021 Y96.778 E.02326
G1 X103.222 Y108.979 E.58405
G1 X104.85 Y108.979 E.05512
; stop printing object 20mmbox-LF.stl id:0 copy 0
;LAYER_CHANGE
;Z:17.4
;HEIGHT:0.199999
G92 E0
;_SET_FAN_SPEED_CHANGING_LAYER
M204 S10000
G1 E-.8 F1800
G1 X104.85 Y113.611 Z17.8 F7200
G1 Z17.4
G1 E.8 F1800
M204 S500
;TYPE:Skirt
G1 F1473.913
G1 X90 Y113.611 E.50267
G1 X88.359 Y113.216 E.05713
G1 X87.077 Y112.119 E.05713
G1 X86.389 Y110 E.0754
G1 X86.389 Y90 E.67698
G1 X86.784 Y88.359 E.05713
G1 X87.881 Y87.077 E.05713
G1 X90 Y86.389 E.0754
G1 X110 Y86.389 E.67698
G1 X111.641 Y86.784 E.05713
G1 X112.923 Y87.881 E.05713
G1 X113.611 Y90 E.0754
G1 X113.611 Y110 E.67698
G1 X113.216 Y111.641 E.05713
G1 X112.119 Y112.923 E.05713
G1 X110 Y113.611 E.0754
G1 X104.89 Y113.611 E.17296
M204 S10000
G1 X104.89 Y113.611 F7200
G1 X90 Y113.611
G1 X104.89 Y113.204
M204 S500
G1 F1473.913
G1 X90 Y113.204 E.50402
G1 X88.461 Y112.81 E.05376
G1 X87.301 Y111.725 E.05376
G1 X86.796 Y110 E.06084
G1 X86.796 Y90 E.67698
G1 X87.19 Y88.461 E.05376
G1 X88.275 Y87.301 E.05376
G1 X90 Y86.796 E.06084
G1 X110 Y86.796 E.67698
G1 X111.539 Y87.19 E.05376
G1 X112.699 Y88.275 E.05376
G1 X113.204 Y90 E.06084
G1 X113.204 Y110 E.67698
G1 X112.81 Y111.539 E.05376
G1 X111.725 Y112.699 E.05376
G1 X110 Y113.204 E.06084
G1 X104.93 Y113.204 E.1716
; printing object 20mmbox-LF.stl id:0 copy 0
M204 S10000
G1 E-.8 F1800
G1 X109.325 Y109.325 Z17.8 F7200
G1 Z17.4
G1 E.8 F1800
M204 S1500
;TYPE:Inner wall
G1 F1473.913
G1 X90.675 Y109.325 E.63128
G1 X90.675 Y90.675 E.63128
G1 X109.325 Y90.675 E.63128
G1 X109.325 Y109.285 E.62993
M204 S10000
G1 X109.775 Y109.775 F7200
M204 S500
;TYPE:Outer wall
G1 F1473.913
G1 X90.225 Y109.775 E.66174
G1 X90.225 Y90.225 E.66174
G1 X109.775 Y90.225 E.66174
G1 X109.775 Y109.735 E.66039
M204 S10000
G1 E-.8 F1800
G1 X104.85 Y108.979 Z17.8 F7200
G1 Z17.4
G1 E.8 F1800
M204 S500
;TYPE:Sparse infill
G1 F1473.913
G1 X103.222 Y108.979 E.05512
G1 X91.021 Y96.778 E.58405
G1 X91.021 Y97.465 E.02326
G1 X97.465 Y91.021 E.30847
G1 X96.778 Y91.021 E.02326
G1 X108.979 Y103.222 E.58405
G1 X108.979 Y102.535 E.02326
G1 X102.535 Y108.979 E.30847
G1 X97.465 Y108.979 E.17161
G1 X91.021 Y102.535 E.30847
M73 P83 R7
G1 X91.021 Y103.222 E.02326
G1 X103.222 Y91.021 E.58405
G1 X102.535 Y91.021 E.02326
G1 X108.979 Y97.465 E.30847
G1 X108.979 Y96.778 E.02326
G1 X96.778 Y108.979 E.58405
G1 X91.708 Y108.979 E.17161
G1 X91.021 Y108.292 E.03289
G1 X91.021 Y108.979 E.02326
G1 X108.979 Y91.021 E.85964
G1 X108.292 Y91.021 E.02326
G1 X108.979 Y91.708 E.03289
G1 X108.979 Y93.336 E.05512
M204 S10000
G1 E-.8 F1800
G1 X101.429 Y92.219 Z17.8 F7200
G1 X93.336 Y91.021 Z17.8
G1 Z17.4
G1 E.8 F1800
M204 S500
G1 F1473.913
G1 X91.708 Y91.021 E.05512
G1 X91.021 Y91.708 E.03289
G1 X91.021 Y91.021 E.02326
G1 X108.979 Y108.979 E.85964
G1 X108.292 Y108.979 E.02326
G1 X108.979 Y108.292 E.03289
G1 X108.979 Y106.664 E.05512
; stop printing object 20mmbox-LF.stl id:0 copy 0
;LAYER_CHANGE
;Z:17.6
;HEIGHT:0.200001
G92 E0
;_SET_FAN_SPEED_CHANGING_LAYER
M204 S10000
G1 E-.8 F1800
G1 X113.611 Y106.664 Z18 F7200
G1 Z17.6
G1 E.8 F1800
M204 S500
;TYPE:Skirt
G1 F1473.913
G1 X113.611 Y110 E.11293
G1 X113.216 Y111.641 E.05713
G1 X112.119 Y112.923 E.05713
G1 X110 Y113.611 E.0754
G1 X90 Y113.611 E.67698
G1 X88.359 Y113.216 E.05713
G1 X87.077 Y112.119 E.05713
G1 X86.389 Y110 E.0754
G1 X86.389 Y90 E.67698
G1 X86.784 Y88.359 E.05713
G1 X87.881 Y87.077 E.05713
G1 X90 Y86.389 E.0754
G1 X110 Y86.389 E.67698
G1 X111.641 Y86.784 E.05713
G1 X112.923 Y87.881 E.05713
G1 X113.611 Y90 E.0754
G1 X113.611 Y106.624 E.56269
M204 S10000
G1 X113.611 Y106.624 F7200
G1 X113.611 Y110
G1 X113.216 Y111.641
G1 X113.204 Y106.624
M204 S500
G1 F1473.913
G1 X113.204 Y110 E.11429
G1 X112.81 Y111.539 E.05376
G1 X111.725 Y112.699 E.05376
G1 X110 Y113.204 E.06084
G1 X90 Y113.204 E.67698
G1 X88.461 Y112.81 E.05376
G1 X87.301 Y111.725 E.05376
G1 X86.796 Y110 E.06084
G1 X86.796 Y90 E.67698
G1 X87.19 Y88.461 E.05376
G1 X88.275 Y87.301 E.05376
G1 X90 Y86.796 E.06084
G1 X110 Y86.796 E.67698
G1 X111.539 Y87.19 E.05376
G1 X112.699 Y88.275 E.05376
G1 X113.204 Y90 E.06084
G1 X113.204 Y106.584 E.56134
; printing object 20mmbox-LF.stl id:0 copy 0
M204 S10000
G1 E-.8 F1800
G1 X109.325 Y109.325 Z18 F7200
G1 Z17.6
G1 E.8 F1800
M204 S1500
;TYPE:Inner wall
G1 F1473.913
G1 X90.675 Y109.325 E.63128
G1 X90.675 Y90.675 E.63128
G1 X109.325 Y90.675 E.63128
G1 X109.325 Y109.285 E.62993
M204 S10000
G1 X109.775 Y109.775 F7200
M204 S500
;TYPE:Outer wall
G1 F1473.913
G1 X90.225 Y109.775 E.66174
G1 X90.225 Y90.225 E.66174
G1 X109.775 Y90.225 E.66174
G1 X109.775 Y109.735 E.66039
M204 S10000
G1 E-.8 F1800
G1 X108.979 Y106.664 Z18 F7200
G1 Z17.6
G1 E.8 F1800
M204 S500
;TYPE:Sparse infill
G1 F1473.913
G1 X108.979 Y108.292 E.05512
G1 X108.292 Y108.979 E.03289
G1 X108.979 Y108.979 E.02326
G1 X91.021 Y91.021 E.85964
G1 X91.021 Y91.708 E.02326
G1 X91.708 Y91.021 E.03289
G1 X93.336 Y91.021 E.05512
M204 S10000
G1 E-.8 F1800
G1 X100.887 Y92.139 Z18 F7200
G1 X108.979 Y93.336 Z18
G1 Z17.6
G1 E.8 F1800
M204 S500
G1 F1473.913
G1 X108.979 Y91.708 E.05512
G1 X108.292 Y91.021 E.03289
G1 X108.979 Y91.021 E.02326
G1 X91.021 Y108.979 E.85964
G1 X91.021 Y108.292 E.02326
G1 X91.708 Y108.979 E.03289
G1 X96.778 Y108.979 E.17161
G1 X108.979 Y96.778 E.58405
G1 X108.979 Y97.465 E.02326
G1 X102.535 Y91.021 E.30847
G1 X103.222 Y91.021 E.02326
G1 X91.021 Y103.222 E.58405
G1 X91.021 Y102.535 E.02326
M73 P84 R7
G1 X97.465 Y108.979 E.30847
G1 X102.535 Y108.979 E.17161
G1 X108.979 Y102.535 E.30847
G1 X108.979 Y103.222 E.02326
G1 X96.778 Y91.021 E.58405
G1 X97.465 Y91.021 E.02326
G1 X91.021 Y97.465 E.30847
G1 X91.021 Y96.778 E.02326
G1 X103.222 Y108.979 E.58405
G1 X104.85 Y108.979 E.05512
M73 P84 R6
; stop printing object 20mmbox-LF.stl id:0 copy 0
;LAYER_CHANGE
;Z:17.8
;HEIGHT:0.199999
G92 E0
;_SET_FAN_SPEED_CHANGING_LAYER
M204 S10000
G1 E-.8 F1800
G1 X104.85 Y113.611 Z18.2 F7200
G1 Z17.8
G1 E.8 F1800
M204 S500
;TYPE:Skirt
G1 F1473.913
G1 X90 Y113.611 E.50267
G1 X88.359 Y113.216 E.05713
G1 X87.077 Y112.119 E.05713
G1 X86.389 Y110 E.0754
G1 X86.389 Y90 E.67698
G1 X86.784 Y88.359 E.05713
G1 X87.881 Y87.077 E.05713
G1 X90 Y86.389 E.0754
G1 X110 Y86.389 E.67698
G1 X111.641 Y86.784 E.05713
G1 X112.923 Y87.881 E.05713
G1 X113.611 Y90 E.0754
G1 X113.611 Y110 E.67698
G1 X113.216 Y111.641 E.05713
G1 X112.119 Y112.923 E.05713
G1 X110 Y113.611 E.0754
G1 X104.89 Y113.611 E.17296
M204 S10000
G1 X104.89 Y113.611 F7200
G1 X90 Y113.611
G1 X104.89 Y113.204
M204 S500
G1 F1473.913
G1 X90 Y113.204 E.50402
G1 X88.461 Y112.81 E.05376
G1 X87.301 Y111.725 E.05376
G1 X86.796 Y110 E.06084
G1 X86.796 Y90 E.67698
G1 X87.19 Y88.461 E.05376
G1 X88.275 Y87.301 E.05376
G1 X90 Y86.796 E.06084
G1 X110 Y86.796 E.67698
G1 X111.539 Y87.19 E.05376
G1 X112.699 Y88.275 E.05376
G1 X113.204 Y90 E.06084
G1 X113.204 Y110 E.67698
G1 X112.81 Y111.539 E.05376
G1 X111.725 Y112.699 E.05376
G1 X110 Y113.204 E.06084
G1 X104.93 Y113.204 E.1716
; printing object 20mmbox-LF.stl id:0 copy 0
M204 S10000
G1 E-.8 F1800
G1 X109.325 Y109.325 Z18.2 F7200
G1 Z17.8
G1 E.8 F1800
M204 S1500
;TYPE:Inner wall
G1 F1473.913
G1 X90.675 Y109.325 E.63128
G1 X90.675 Y90.675 E.63128
G1 X109.325 Y90.675 E.63128
G1 X109.325 Y109.285 E.62993
M204 S10000
G1 X109.775 Y109.775 F7200
M204 S500
;TYPE:Outer wall
G1 F1473.913
G1 X90.225 Y109.775 E.66174
G1 X90.225 Y90.225 E.66174
G1 X109.775 Y90.225 E.66174
G1 X109.775 Y109.735 E.66039
M204 S10000
G1 E-.8 F1800
G1 X104.85 Y108.979 Z18.2 F7200
G1 Z17.8
G1 E.8 F1800
M204 S500
;TYPE:Sparse infill
G1 F1473.913
G1 X103.222 Y108.979 E.05512
G1 X91.021 Y96.778 E.58405
G1 X91.021 Y97.465 E.02326
G1 X97.465 Y91.021 E.30847
G1 X96.778 Y91.021 E.02326
G1 X108.979 Y103.222 E.58405
G1 X108.979 Y102.535 E.02326
G1 X102.535 Y108.979 E.30847
G1 X97.465 Y108.979 E.17161
G1 X91.021 Y102.535 E.30847
G1 X91.021 Y103.222 E.02326
G1 X103.222 Y91.021 E.58405
G1 X102.535 Y91.021 E.02326
G1 X108.979 Y97.465 E.30847
G1 X108.979 Y96.778 E.02326
G1 X96.778 Y108.979 E.58405
G1 X91.708 Y108.979 E.17161
G1 X91.021 Y108.292 E.03289
G1 X91.021 Y108.979 E.02326
G1 X108.979 Y91.021 E.85964
G1 X108.292 Y91.021 E.02326
G1 X108.979 Y91.708 E.03289
G1 X108.979 Y93.336 E.05512
M204 S10000
G1 E-.8 F1800
G1 X101.429 Y92.219 Z18.2 F7200
G1 X93.336 Y91.021 Z18.2
G1 Z17.8
M73 P85 R6
G1 E.8 F1800
M204 S500
G1 F1473.913
G1 X91.708 Y91.021 E.05512
G1 X91.021 Y91.708 E.03289
G1 X91.021 Y91.021 E.02326
G1 X108.979 Y108.979 E.85964
G1 X108.292 Y108.979 E.02326
G1 X108.979 Y108.292 E.03289
G1 X108.979 Y106.664 E.05512
; stop printing object 20mmbox-LF.stl id:0 copy 0
;LAYER_CHANGE
;Z:18
;HEIGHT:0.200001
G92 E0
;_SET_FAN_SPEED_CHANGING_LAYER
M204 S10000
G1 E-.8 F1800
G1 X113.611 Y106.664 Z18.4 F7200
G1 Z18
G1 E.8 F1800
M204 S500
;TYPE:Skirt
G1 F1473.913
G1 X113.611 Y110 E.11293
G1 X113.216 Y111.641 E.05713
G1 X112.119 Y112.923 E.05713
G1 X110 Y113.611 E.0754
G1 X90 Y113.611 E.67698
G1 X88.359 Y113.216 E.05713
G1 X87.077 Y112.119 E.05713
G1 X86.389 Y110 E.0754
G1 X86.389 Y90 E.67698
G1 X86.784 Y88.359 E.05713
G1 X87.881 Y87.077 E.05713
G1 X90 Y86.389 E.0754
G1 X110 Y86.389 E.67698
G1 X111.641 Y86.784 E.05713
G1 X112.923 Y87.881 E.05713
G1 X113.611 Y90 E.0754
G1 X113.611 Y106.624 E.56269
M204 S10000
G1 X113.611 Y106.624 F7200
G1 X113.611 Y110
G1 X113.216 Y111.641
G1 X113.204 Y106.624
M204 S500
G1 F1473.913
G1 X113.204 Y110 E.11429
G1 X112.81 Y111.539 E.05376
G1 X111.725 Y112.699 E.05376
G1 X110 Y113.204 E.06084
G1 X90 Y113.204 E.67698
G1 X88.461 Y112.81 E.05376
G1 X87.301 Y111.725 E.05376
G1 X86.796 Y110 E.06084
G1 X86.796 Y90 E.67698
G1 X87.19 Y88.461 E.05376
G1 X88.275 Y87.301 E.05376
G1 X90 Y86.796 E.06084
G1 X110 Y86.796 E.67698
G1 X111.539 Y87.19 E.05376
G1 X112.699 Y88.275 E.05376
G1 X113.204 Y90 E.06084
G1 X113.204 Y106.584 E.56134
; printing object 20mmbox-LF.stl id:0 copy 0
M204 S10000
G1 E-.8 F1800
G1 X109.325 Y109.325 Z18.4 F7200
G1 Z18
G1 E.8 F1800
M204 S1500
;TYPE:Inner wall
G1 F1473.913
G1 X90.675 Y109.325 E.63128
G1 X90.675 Y90.675 E.63128
G1 X109.325 Y90.675 E.63128
G1 X109.325 Y109.285 E.62993
M204 S10000
G1 X109.775 Y109.775 F7200
M204 S500
;TYPE:Outer wall
G1 F1473.913
G1 X90.225 Y109.775 E.66174
G1 X90.225 Y90.225 E.66174
G1 X109.775 Y90.225 E.66174
G1 X109.775 Y109.735 E.66039
M204 S10000
G1 E-.8 F1800
G1 X108.979 Y106.664 Z18.4 F7200
G1 Z18
G1 E.8 F1800
M204 S500
;TYPE:Sparse infill
G1 F1473.913
G1 X108.979 Y108.292 E.05512
G1 X108.292 Y108.979 E.03289
G1 X108.979 Y108.979 E.02326
G1 X91.021 Y91.021 E.85964
G1 X91.021 Y91.708 E.02326
G1 X91.708 Y91.021 E.03289
G1 X93.336 Y91.021 E.05512
M204 S10000
G1 E-.8 F1800
G1 X100.887 Y92.139 Z18.4 F7200
G1 X108.979 Y93.336 Z18.4
G1 Z18
G1 E.8 F1800
M204 S500
G1 F1473.913
G1 X108.979 Y91.708 E.05512
G1 X108.292 Y91.021 E.03289
G1 X108.979 Y91.021 E.02326
G1 X91.021 Y108.979 E.85964
G1 X91.021 Y108.292 E.02326
G1 X91.708 Y108.979 E.03289
G1 X96.778 Y108.979 E.17161
G1 X108.979 Y96.778 E.58405
G1 X108.979 Y97.465 E.02326
G1 X102.535 Y91.021 E.30847
G1 X103.222 Y91.021 E.02326
G1 X91.021 Y103.222 E.58405
G1 X91.021 Y102.535 E.02326
G1 X97.465 Y108.979 E.30847
G1 X102.535 Y108.979 E.17161
G1 X108.979 Y102.535 E.30847
G1 X108.979 Y103.222 E.02326
G1 X96.778 Y91.021 E.58405
G1 X97.465 Y91.021 E.02326
G1 X91.021 Y97.465 E.30847
G1 X91.021 Y96.778 E.02326
G1 X103.222 Y108.979 E.58405
G1 X104.85 Y108.979 E.05512
; stop printing object 20mmbox-LF.stl id:0 copy 0
;LAYER_CHANGE
;Z:18.2
;HEIGHT:0.200001
G92 E0
;_SET_FAN_SPEED_CHANGING_LAYER
M204 S10000
G1 E-.8 F1800
G1 X104.85 Y113.611 Z18.6 F7200
G1 Z18.2
G1 E.8 F1800
M204 S500
;TYPE:Skirt
G1 F1473.913
G1 X90 Y113.611 E.50267
G1 X88.359 Y113.216 E.05713
M73 P86 R6
G1 X87.077 Y112.119 E.05713
G1 X86.389 Y110 E.0754
G1 X86.389 Y90 E.67698
G1 X86.784 Y88.359 E.05713
G1 X87.881 Y87.077 E.05713
G1 X90 Y86.389 E.0754
G1 X110 Y86.389 E.67698
G1 X111.641 Y86.784 E.05713
G1 X112.923 Y87.881 E.05713
G1 X113.611 Y90 E.0754
G1 X113.611 Y110 E.67698
G1 X113.216 Y111.641 E.05713
G1 X112.119 Y112.923 E.05713
G1 X110 Y113.611 E.0754
G1 X104.89 Y113.611 E.17296
M204 S10000
G1 X104.89 Y113.611 F7200
G1 X90 Y113.611
G1 X104.89 Y113.204
M204 S500
G1 F1473.913
G1 X90 Y113.204 E.50402
G1 X88.461 Y112.81 E.05376
G1 X87.301 Y111.725 E.05376
G1 X86.796 Y110 E.06084
G1 X86.796 Y90 E.67698
G1 X87.19 Y88.461 E.05376
G1 X88.275 Y87.301 E.05376
G1 X90 Y86.796 E.06084
G1 X110 Y86.796 E.67698
G1 X111.539 Y87.19 E.05376
G1 X112.699 Y88.275 E.05376
G1 X113.204 Y90 E.06084
G1 X113.204 Y110 E.67698
G1 X112.81 Y111.539 E.05376
G1 X111.725 Y112.699 E.05376
G1 X110 Y113.204 E.06084
G1 X104.93 Y113.204 E.1716
; printing object 20mmbox-LF.stl id:0 copy 0
M204 S10000
G1 E-.8 F1800
G1 X109.325 Y109.325 Z18.6 F7200
G1 Z18.2
G1 E.8 F1800
M204 S1500
;TYPE:Inner wall
G1 F1473.913
G1 X90.675 Y109.325 E.63128
G1 X90.675 Y90.675 E.63128
G1 X109.325 Y90.675 E.63128
M73 P86 R5
G1 X109.325 Y109.285 E.62993
M204 S10000
G1 X109.775 Y109.775 F7200
M204 S500
;TYPE:Outer wall
G1 F1473.913
G1 X90.225 Y109.775 E.66174
G1 X90.225 Y90.225 E.66174
G1 X109.775 Y90.225 E.66174
G1 X109.775 Y109.735 E.66039
M204 S10000
G1 E-.8 F1800
G1 X104.85 Y108.979 Z18.6 F7200
G1 Z18.2
G1 E.8 F1800
M204 S500
;TYPE:Sparse infill
G1 F1473.913
G1 X103.222 Y108.979 E.05512
G1 X91.021 Y96.778 E.58405
G1 X91.021 Y97.465 E.02326
G1 X97.465 Y91.021 E.30847
G1 X96.778 Y91.021 E.02326
G1 X108.979 Y103.222 E.58405
G1 X108.979 Y102.535 E.02326
G1 X102.535 Y108.979 E.30847
G1 X97.465 Y108.979 E.17161
G1 X91.021 Y102.535 E.30847
G1 X91.021 Y103.222 E.02326
G1 X103.222 Y91.021 E.58405
G1 X102.535 Y91.021 E.02326
G1 X108.979 Y97.465 E.30847
G1 X108.979 Y96.778 E.02326
G1 X96.778 Y108.979 E.58405
G1 X91.708 Y108.979 E.17161
G1 X91.021 Y108.292 E.03289
G1 X91.021 Y108.979 E.02326
G1 X108.979 Y91.021 E.85964
G1 X108.292 Y91.021 E.02326
G1 X108.979 Y91.708 E.03289
G1 X108.979 Y93.336 E.05512
M204 S10000
G1 E-.8 F1800
G1 X101.429 Y92.219 Z18.6 F7200
G1 X93.336 Y91.021 Z18.6
G1 Z18.2
G1 E.8 F1800
M204 S500
G1 F1473.913
G1 X91.708 Y91.021 E.05512
G1 X91.021 Y91.708 E.03289
G1 X91.021 Y91.021 E.02326
G1 X108.979 Y108.979 E.85964
G1 X108.292 Y108.979 E.02326
G1 X108.979 Y108.292 E.03289
G1 X108.979 Y106.664 E.05512
; stop printing object 20mmbox-LF.stl id:0 copy 0
;LAYER_CHANGE
;Z:18.4
;HEIGHT:0.199999
G92 E0
;_SET_FAN_SPEED_CHANGING_LAYER
M204 S10000
G1 E-.8 F1800
G1 X113.611 Y106.664 Z18.8 F7200
G1 Z18.4
G1 E.8 F1800
M204 S500
;TYPE:Skirt
G1 F1473.913
G1 X113.611 Y110 E.11293
G1 X113.216 Y111.641 E.05713
G1 X112.119 Y112.923 E.05713
G1 X110 Y113.611 E.0754
G1 X90 Y113.611 E.67698
G1 X88.359 Y113.216 E.05713
G1 X87.077 Y112.119 E.05713
G1 X86.389 Y110 E.0754
G1 X86.389 Y90 E.67698
G1 X86.784 Y88.359 E.05713
G1 X87.881 Y87.077 E.05713
G1 X90 Y86.389 E.0754
M73 P87 R5
G1 X110 Y86.389 E.67698
G1 X111.641 Y86.784 E.05713
G1 X112.923 Y87.881 E.05713
G1 X113.611 Y90 E.0754
G1 X113.611 Y106.624 E.56269
M204 S10000
G1 X113.611 Y106.624 F7200
G1 X113.611 Y110
G1 X113.216 Y111.641
G1 X113.204 Y106.624
M204 S500
G1 F1473.913
G1 X113.204 Y110 E.11429
G1 X112.81 Y111.539 E.05376
G1 X111.725 Y112.699 E.05376
G1 X110 Y113.204 E.06084
G1 X90 Y113.204 E.67698
G1 X88.461 Y112.81 E.05376
G1 X87.301 Y111.725 E.05376
G1 X86.796 Y110 E.06084
G1 X86.796 Y90 E.67698
G1 X87.19 Y88.461 E.05376
G1 X88.275 Y87.301 E.05376
G1 X90 Y86.796 E.06084
G1 X110 Y86.796 E.67698
G1 X111.539 Y87.19 E.05376
G1 X112.699 Y88.275 E.05376
G1 X113.204 Y90 E.06084
G1 X113.204 Y106.584 E.56134
; printing object 20mmbox-LF.stl id:0 copy 0
M204 S10000
G1 E-.8 F1800
G1 X109.325 Y109.325 Z18.8 F7200
G1 Z18.4
G1 E.8 F1800
M204 S1500
;TYPE:Inner wall
G1 F1473.913
G1 X90.675 Y109.325 E.63128
G1 X90.675 Y90.675 E.63128
G1 X109.325 Y90.675 E.63128
G1 X109.325 Y109.285 E.62993
M204 S10000
G1 X109.775 Y109.775 F7200
M204 S500
;TYPE:Outer wall
G1 F1473.913
G1 X90.225 Y109.775 E.66174
G1 X90.225 Y90.225 E.66174
G1 X109.775 Y90.225 E.66174
G1 X109.775 Y109.735 E.66039
M204 S10000
G1 E-.8 F1800
G1 X108.979 Y106.664 Z18.8 F7200
G1 Z18.4
G1 E.8 F1800
M204 S500
;TYPE:Sparse infill
G1 F1473.913
G1 X108.979 Y108.292 E.05512
G1 X108.292 Y108.979 E.03289
G1 X108.979 Y108.979 E.02326
G1 X91.021 Y91.021 E.85964
G1 X91.021 Y91.708 E.02326
G1 X91.708 Y91.021 E.03289
G1 X93.336 Y91.021 E.05512
M204 S10000
G1 E-.8 F1800
G1 X100.887 Y92.139 Z18.8 F7200
G1 X108.979 Y93.336 Z18.8
G1 Z18.4
G1 E.8 F1800
M204 S500
G1 F1473.913
G1 X108.979 Y91.708 E.05512
G1 X108.292 Y91.021 E.03289
G1 X108.979 Y91.021 E.02326
G1 X91.021 Y108.979 E.85964
G1 X91.021 Y108.292 E.02326
G1 X91.708 Y108.979 E.03289
G1 X96.778 Y108.979 E.17161
G1 X108.979 Y96.778 E.58405
G1 X108.979 Y97.465 E.02326
G1 X102.535 Y91.021 E.30847
G1 X103.222 Y91.021 E.02326
G1 X91.021 Y103.222 E.58405
G1 X91.021 Y102.535 E.02326
G1 X97.465 Y108.979 E.30847
G1 X102.535 Y108.979 E.17161
G1 X108.979 Y102.535 E.30847
G1 X108.979 Y103.222 E.02326
G1 X96.778 Y91.021 E.58405
G1 X97.465 Y91.021 E.02326
G1 X91.021 Y97.465 E.30847
G1 X91.021 Y96.778 E.02326
G1 X103.222 Y108.979 E.58405
G1 X104.85 Y108.979 E.05512
; stop printing object 20mmbox-LF.stl id:0 copy 0
;LAYER_CHANGE
;Z:18.6
;HEIGHT:0.200001
G92 E0
;_SET_FAN_SPEED_CHANGING_LAYER
M204 S10000
G1 E-.8 F1800
G1 X104.85 Y113.611 Z19 F7200
G1 Z18.6
G1 E.8 F1800
M204 S500
;TYPE:Skirt
G1 F1473.913
G1 X90 Y113.611 E.50267
G1 X88.359 Y113.216 E.05713
G1 X87.077 Y112.119 E.05713
G1 X86.389 Y110 E.0754
G1 X86.389 Y90 E.67698
G1 X86.784 Y88.359 E.05713
G1 X87.881 Y87.077 E.05713
G1 X90 Y86.389 E.0754
G1 X110 Y86.389 E.67698
G1 X111.641 Y86.784 E.05713
G1 X112.923 Y87.881 E.05713
G1 X113.611 Y90 E.0754
G1 X113.611 Y110 E.67698
G1 X113.216 Y111.641 E.05713
G1 X112.119 Y112.923 E.05713
G1 X110 Y113.611 E.0754
G1 X104.89 Y113.611 E.17296
M204 S10000
G1 X104.89 Y113.611 F7200
G1 X90 Y113.611
G1 X104.89 Y113.204
M204 S500
G1 F1473.913
M73 P88 R5
G1 X90 Y113.204 E.50402
G1 X88.461 Y112.81 E.05376
G1 X87.301 Y111.725 E.05376
G1 X86.796 Y110 E.06084
G1 X86.796 Y90 E.67698
G1 X87.19 Y88.461 E.05376
G1 X88.275 Y87.301 E.05376
G1 X90 Y86.796 E.06084
G1 X110 Y86.796 E.67698
G1 X111.539 Y87.19 E.05376
G1 X112.699 Y88.275 E.05376
G1 X113.204 Y90 E.06084
G1 X113.204 Y110 E.67698
G1 X112.81 Y111.539 E.05376
G1 X111.725 Y112.699 E.05376
G1 X110 Y113.204 E.06084
G1 X104.93 Y113.204 E.1716
; printing object 20mmbox-LF.stl id:0 copy 0
M204 S10000
G1 E-.8 F1800
G1 X109.325 Y109.325 Z19 F7200
G1 Z18.6
G1 E.8 F1800
M204 S1500
;TYPE:Inner wall
G1 F1473.913
G1 X90.675 Y109.325 E.63128
G1 X90.675 Y90.675 E.63128
G1 X109.325 Y90.675 E.63128
G1 X109.325 Y109.285 E.62993
M204 S10000
G1 X109.775 Y109.775 F7200
M204 S500
;TYPE:Outer wall
G1 F1473.913
G1 X90.225 Y109.775 E.66174
G1 X90.225 Y90.225 E.66174
G1 X109.775 Y90.225 E.66174
G1 X109.775 Y109.735 E.66039
M204 S10000
G1 E-.8 F1800
G1 X104.85 Y108.979 Z19 F7200
G1 Z18.6
G1 E.8 F1800
M204 S500
;TYPE:Sparse infill
G1 F1473.913
G1 X103.222 Y108.979 E.05512
G1 X91.021 Y96.778 E.58405
G1 X91.021 Y97.465 E.02326
G1 X97.465 Y91.021 E.30847
G1 X96.778 Y91.021 E.02326
G1 X108.979 Y103.222 E.58405
G1 X108.979 Y102.535 E.02326
G1 X102.535 Y108.979 E.30847
G1 X97.465 Y108.979 E.17161
G1 X91.021 Y102.535 E.30847
G1 X91.021 Y103.222 E.02326
G1 X103.222 Y91.021 E.58405
G1 X102.535 Y91.021 E.02326
G1 X108.979 Y97.465 E.30847
G1 X108.979 Y96.778 E.02326
G1 X96.778 Y108.979 E.58405
G1 X91.708 Y108.979 E.17161
G1 X91.021 Y108.292 E.03289
G1 X91.021 Y108.979 E.02326
G1 X108.979 Y91.021 E.85964
G1 X108.292 Y91.021 E.02326
M73 P88 R4
G1 X108.979 Y91.708 E.03289
G1 X108.979 Y93.336 E.05512
M204 S10000
G1 E-.8 F1800
G1 X101.429 Y92.219 Z19 F7200
G1 X93.336 Y91.021 Z19
G1 Z18.6
G1 E.8 F1800
M204 S500
G1 F1473.913
G1 X91.708 Y91.021 E.05512
G1 X91.021 Y91.708 E.03289
G1 X91.021 Y91.021 E.02326
G1 X108.979 Y108.979 E.85964
G1 X108.292 Y108.979 E.02326
G1 X108.979 Y108.292 E.03289
G1 X108.979 Y106.664 E.05512
; stop printing object 20mmbox-LF.stl id:0 copy 0
;LAYER_CHANGE
;Z:18.8
;HEIGHT:0.199999
G92 E0
;_SET_FAN_SPEED_CHANGING_LAYER
M204 S10000
G1 E-.8 F1800
G1 X113.611 Y106.664 Z19.2 F7200
G1 Z18.8
G1 E.8 F1800
M204 S500
;TYPE:Skirt
G1 F1473.913
G1 X113.611 Y110 E.11293
G1 X113.216 Y111.641 E.05713
G1 X112.119 Y112.923 E.05713
G1 X110 Y113.611 E.0754
G1 X90 Y113.611 E.67698
G1 X88.359 Y113.216 E.05713
G1 X87.077 Y112.119 E.05713
G1 X86.389 Y110 E.0754
G1 X86.389 Y90 E.67698
G1 X86.784 Y88.359 E.05713
G1 X87.881 Y87.077 E.05713
G1 X90 Y86.389 E.0754
G1 X110 Y86.389 E.67698
G1 X111.641 Y86.784 E.05713
G1 X112.923 Y87.881 E.05713
G1 X113.611 Y90 E.0754
G1 X113.611 Y106.624 E.56269
M204 S10000
G1 X113.611 Y106.624 F7200
G1 X113.611 Y110
G1 X113.216 Y111.641
G1 X113.204 Y106.624
M204 S500
G1 F1473.913
G1 X113.204 Y110 E.11429
G1 X112.81 Y111.539 E.05376
G1 X111.725 Y112.699 E.05376
G1 X110 Y113.204 E.06084
G1 X90 Y113.204 E.67698
G1 X88.461 Y112.81 E.05376
G1 X87.301 Y111.725 E.05376
G1 X86.796 Y110 E.06084
G1 X86.796 Y90 E.67698
G1 X87.19 Y88.461 E.05376
G1 X88.275 Y87.301 E.05376
M73 P89 R4
G1 X90 Y86.796 E.06084
G1 X110 Y86.796 E.67698
G1 X111.539 Y87.19 E.05376
G1 X112.699 Y88.275 E.05376
G1 X113.204 Y90 E.06084
G1 X113.204 Y106.584 E.56134
; printing object 20mmbox-LF.stl id:0 copy 0
M204 S10000
G1 E-.8 F1800
G1 X109.325 Y109.325 Z19.2 F7200
G1 Z18.8
G1 E.8 F1800
M204 S1500
;TYPE:Inner wall
G1 F1473.913
G1 X90.675 Y109.325 E.63128
G1 X90.675 Y90.675 E.63128
G1 X109.325 Y90.675 E.63128
G1 X109.325 Y109.285 E.62993
M204 S10000
G1 X109.775 Y109.775 F7200
M204 S500
;TYPE:Outer wall
G1 F1473.913
G1 X90.225 Y109.775 E.66174
G1 X90.225 Y90.225 E.66174
G1 X109.775 Y90.225 E.66174
G1 X109.775 Y109.735 E.66039
M204 S10000
G1 E-.8 F1800
G1 X108.979 Y106.664 Z19.2 F7200
G1 Z18.8
G1 E.8 F1800
M204 S500
;TYPE:Sparse infill
G1 F1473.913
G1 X108.979 Y108.292 E.05512
G1 X108.292 Y108.979 E.03289
G1 X108.979 Y108.979 E.02326
G1 X91.021 Y91.021 E.85964
G1 X91.021 Y91.708 E.02326
G1 X91.708 Y91.021 E.03289
G1 X93.336 Y91.021 E.05512
M204 S10000
G1 E-.8 F1800
G1 X100.887 Y92.139 Z19.2 F7200
G1 X108.979 Y93.336 Z19.2
G1 Z18.8
G1 E.8 F1800
M204 S500
G1 F1473.913
G1 X108.979 Y91.708 E.05512
G1 X108.292 Y91.021 E.03289
G1 X108.979 Y91.021 E.02326
G1 X91.021 Y108.979 E.85964
G1 X91.021 Y108.292 E.02326
G1 X91.708 Y108.979 E.03289
G1 X96.778 Y108.979 E.17161
G1 X108.979 Y96.778 E.58405
G1 X108.979 Y97.465 E.02326
G1 X102.535 Y91.021 E.30847
G1 X103.222 Y91.021 E.02326
G1 X91.021 Y103.222 E.58405
G1 X91.021 Y102.535 E.02326
G1 X97.465 Y108.979 E.30847
G1 X102.535 Y108.979 E.17161
G1 X108.979 Y102.535 E.30847
G1 X108.979 Y103.222 E.02326
G1 X96.778 Y91.021 E.58405
G1 X97.465 Y91.021 E.02326
G1 X91.021 Y97.465 E.30847
G1 X91.021 Y96.778 E.02326
G1 X103.222 Y108.979 E.58405
G1 X104.85 Y108.979 E.05512
; stop printing object 20mmbox-LF.stl id:0 copy 0
;LAYER_CHANGE
;Z:19
;HEIGHT:0.200001
G92 E0
;_SET_FAN_SPEED_CHANGING_LAYER
M204 S10000
G1 E-.8 F1800
G1 X104.85 Y113.611 Z19.4 F7200
G1 Z19
G1 E.8 F1800
M204 S500
;TYPE:Skirt
G1 F1473.913
G1 X90 Y113.611 E.50267
G1 X88.359 Y113.216 E.05713
G1 X87.077 Y112.119 E.05713
G1 X86.389 Y110 E.0754
G1 X86.389 Y90 E.67698
G1 X86.784 Y88.359 E.05713
G1 X87.881 Y87.077 E.05713
G1 X90 Y86.389 E.0754
G1 X110 Y86.389 E.67698
G1 X111.641 Y86.784 E.05713
G1 X112.923 Y87.881 E.05713
G1 X113.611 Y90 E.0754
G1 X113.611 Y110 E.67698
G1 X113.216 Y111.641 E.05713
G1 X112.119 Y112.923 E.05713
G1 X110 Y113.611 E.0754
G1 X104.89 Y113.611 E.17296
M204 S10000
G1 X104.89 Y113.611 F7200
G1 X90 Y113.611
G1 X104.89 Y113.204
M204 S500
G1 F1473.913
G1 X90 Y113.204 E.50402
G1 X88.461 Y112.81 E.05376
G1 X87.301 Y111.725 E.05376
G1 X86.796 Y110 E.06084
G1 X86.796 Y90 E.67698
G1 X87.19 Y88.461 E.05376
G1 X88.275 Y87.301 E.05376
G1 X90 Y86.796 E.06084
G1 X110 Y86.796 E.67698
G1 X111.539 Y87.19 E.05376
G1 X112.699 Y88.275 E.05376
G1 X113.204 Y90 E.06084
G1 X113.204 Y110 E.67698
G1 X112.81 Y111.539 E.05376
G1 X111.725 Y112.699 E.05376
G1 X110 Y113.204 E.06084
G1 X104.93 Y113.204 E.1716
; printing object 20mmbox-LF.stl id:0 copy 0
M204 S10000
G1 E-.8 F1800
G1 X109.325 Y109.325 Z19.4 F7200
G1 Z19
M73 P90 R4
G1 E.8 F1800
M204 S1500
;TYPE:Inner wall
G1 F1473.913
G1 X90.675 Y109.325 E.63128
G1 X90.675 Y90.675 E.63128
G1 X109.325 Y90.675 E.63128
G1 X109.325 Y109.285 E.62993
M204 S10000
G1 X109.775 Y109.775 F7200
M204 S500
;TYPE:Outer wall
G1 F1473.913
G1 X90.225 Y109.775 E.66174
G1 X90.225 Y90.225 E.66174
G1 X109.775 Y90.225 E.66174
G1 X109.775 Y109.735 E.66039
M204 S10000
G1 E-.8 F1800
G1 X104.85 Y108.979 Z19.4 F7200
G1 Z19
G1 E.8 F1800
M204 S500
;TYPE:Sparse infill
G1 F1473.913
G1 X103.222 Y108.979 E.05512
G1 X91.021 Y96.778 E.58405
G1 X91.021 Y97.465 E.02326
G1 X97.465 Y91.021 E.30847
G1 X96.778 Y91.021 E.02326
G1 X108.979 Y103.222 E.58405
G1 X108.979 Y102.535 E.02326
G1 X102.535 Y108.979 E.30847
G1 X97.465 Y108.979 E.17161
G1 X91.021 Y102.535 E.30847
G1 X91.021 Y103.222 E.02326
G1 X103.222 Y91.021 E.58405
G1 X102.535 Y91.021 E.02326
G1 X108.979 Y97.465 E.30847
G1 X108.979 Y96.778 E.02326
G1 X96.778 Y108.979 E.58405
G1 X91.708 Y108.979 E.17161
G1 X91.021 Y108.292 E.03289
G1 X91.021 Y108.979 E.02326
G1 X108.979 Y91.021 E.85964
G1 X108.292 Y91.021 E.02326
G1 X108.979 Y91.708 E.03289
G1 X108.979 Y93.336 E.05512
M204 S10000
G1 E-.8 F1800
G1 X101.429 Y92.219 Z19.4 F7200
G1 X93.336 Y91.021 Z19.4
G1 Z19
G1 E.8 F1800
M204 S500
G1 F1473.913
G1 X91.708 Y91.021 E.05512
G1 X91.021 Y91.708 E.03289
G1 X91.021 Y91.021 E.02326
G1 X108.979 Y108.979 E.85964
G1 X108.292 Y108.979 E.02326
G1 X108.979 Y108.292 E.03289
G1 X108.979 Y106.664 E.05512
; stop printing object 20mmbox-LF.stl id:0 copy 0
M106 S181
;LAYER_CHANGE
;Z:19.2
;HEIGHT:0.200001
G92 E0
;_SET_FAN_SPEED_CHANGING_LAYER
M204 S10000
G1 E-.8 F1800
G1 X113.611 Y106.664 Z19.6 F7200
G1 Z19.2
G1 E.8 F1800
M204 S500
;TYPE:Skirt
G1 F1473.913
G1 X113.611 Y110 E.11293
G1 X113.216 Y111.641 E.05713
G1 X112.119 Y112.923 E.05713
G1 X110 Y113.611 E.0754
G1 X90 Y113.611 E.67698
G1 X88.359 Y113.216 E.05713
G1 X87.077 Y112.119 E.05713
G1 X86.389 Y110 E.0754
G1 X86.389 Y90 E.67698
G1 X86.784 Y88.359 E.05713
G1 X87.881 Y87.077 E.05713
G1 X90 Y86.389 E.0754
G1 X110 Y86.389 E.67698
G1 X111.641 Y86.784 E.05713
G1 X112.923 Y87.881 E.05713
G1 X113.611 Y90 E.0754
G1 X113.611 Y106.624 E.56269
M204 S10000
G1 X113.611 Y106.624 F7200
G1 X113.611 Y110
G1 X113.216 Y111.641
G1 X113.204 Y106.624
M204 S500
G1 F1473.913
G1 X113.204 Y110 E.11429
G1 X112.81 Y111.539 E.05376
G1 X111.725 Y112.699 E.05376
G1 X110 Y113.204 E.06084
G1 X90 Y113.204 E.67698
G1 X88.461 Y112.81 E.05376
G1 X87.301 Y111.725 E.05376
G1 X86.796 Y110 E.06084
G1 X86.796 Y90 E.67698
G1 X87.19 Y88.461 E.05376
G1 X88.275 Y87.301 E.05376
G1 X90 Y86.796 E.06084
G1 X110 Y86.796 E.67698
G1 X111.539 Y87.19 E.05376
G1 X112.699 Y88.275 E.05376
G1 X113.204 Y90 E.06084
G1 X113.204 Y106.584 E.56134
; printing object 20mmbox-LF.stl id:0 copy 0
M204 S10000
G1 E-.8 F1800
G1 X109.325 Y109.325 Z19.6 F7200
G1 Z19.2
G1 E.8 F1800
M204 S1500
;TYPE:Inner wall
G1 F1473.913
G1 X90.675 Y109.325 E.63128
G1 X90.675 Y90.675 E.63128
M73 P90 R3
G1 X109.325 Y90.675 E.63128
G1 X109.325 Y109.285 E.62993
M73 P91 R3
M204 S10000
G1 X109.775 Y109.775 F7200
M204 S500
;TYPE:Outer wall
G1 F1473.913
G1 X90.225 Y109.775 E.66174
G1 X90.225 Y90.225 E.66174
G1 X109.775 Y90.225 E.66174
G1 X109.775 Y109.735 E.66039
M204 S10000
G1 E-.8 F1800
G1 X106.944 Y108.572 Z19.6 F7200
G1 Z19.2
G1 E.8 F1800
M204 S500
;TYPE:Sparse infill
G1 F1473.913
G1 X108.572 Y108.572 E.05512
G1 X91.428 Y91.428 E.82066
G1 X91.428 Y97.058 E.19056
G1 X97.058 Y91.428 E.2695
G1 X97.185 Y91.428 E.0043
G1 X108.572 Y102.815 E.54508
G1 X108.572 Y102.942 E.0043
G1 X102.942 Y108.572 E.2695
G1 X102.815 Y108.572 E.0043
G1 X91.428 Y97.185 E.54508
G1 X91.428 Y102.815 E.19056
G1 X102.815 Y91.428 E.54508
G1 X102.942 Y91.428 E.0043
G1 X108.572 Y97.058 E.2695
G1 X108.572 Y97.185 E.0043
G1 X97.185 Y108.572 E.54508
G1 X97.058 Y108.572 E.0043
G1 X91.428 Y102.942 E.2695
G1 X91.428 Y108.572 E.19056
G1 X108.572 Y91.428 E.82066
G1 X108.572 Y93.056 E.05512
M204 S10000
G1 E-.8 F1800
G1 X100.981 Y92.263 Z19.6 F7200
G1 X91.052 Y91.225 Z19.6
G1 Z19.2
G1 E.8 F1800
M204 S500
;TYPE:Internal solid infill
;WIDTH:0.388948
G1 F1733.964
G1 X91.052 Y108.775 E.50498
;WIDTH:0.40379
G1 F1662.648
G1 X91.066 Y108.847 E.0022
;WIDTH:0.42358
G1 F1576.212
G1 X91.081 Y108.919 E.00232
G1 X91.225 Y108.948 E.00463
;WIDTH:0.388948
G1 F1733.964
G1 X108.775 Y108.948 E.50498
;WIDTH:0.40379
G1 F1662.648
G1 X108.847 Y108.934 E.0022
;WIDTH:0.423579
G1 F1576.215
G1 X108.919 Y108.919 E.00232
G1 X108.948 Y108.775 E.00463
;WIDTH:0.388946
G1 F1733.974
G1 X108.948 Y91.225 E.50498
;WIDTH:0.403789
G1 F1662.655
G1 X108.934 Y91.153 E.0022
;WIDTH:0.42358
G1 F1576.213
G1 X108.919 Y91.081 E.00232
G1 X108.775 Y91.052 E.00463
;WIDTH:0.388948
G1 F1733.964
G1 X91.225 Y91.052 E.50498
;WIDTH:0.40379
G1 F1662.651
G1 X91.153 Y91.066 E.0022
;WIDTH:0.436216
G1 F1525.57
G1 X91.081 Y91.081 E.00239
G1 X91.06 Y91.185 E.00348
; stop printing object 20mmbox-LF.stl id:0 copy 0
M106 S0
;LAYER_CHANGE
;Z:19.4
;HEIGHT:0.199999
G92 E0
;_SET_FAN_SPEED_CHANGING_LAYER
M204 S10000
G1 E-.8 F1800
G1 X86.389 Y91.185 Z19.8 F7200
G1 Z19.4
G1 E.8 F1800
M204 S500
;TYPE:Skirt
;WIDTH:0.45
G1 F1473.913
G1 X86.389 Y90 E.04012
G1 X86.784 Y88.359 E.05713
G1 X87.881 Y87.077 E.05713
G1 X90 Y86.389 E.0754
G1 X110 Y86.389 E.67698
G1 X111.641 Y86.784 E.05713
G1 X112.923 Y87.881 E.05713
G1 X113.611 Y90 E.0754
G1 X113.611 Y110 E.67698
G1 X113.216 Y111.641 E.05713
G1 X112.119 Y112.923 E.05713
G1 X110 Y113.611 E.0754
G1 X90 Y113.611 E.67698
G1 X88.359 Y113.216 E.05713
G1 X87.077 Y112.119 E.05713
G1 X86.389 Y110 E.0754
G1 X86.389 Y91.225 E.6355
M204 S10000
G1 X86.389 Y91.225 F7200
G1 X86.389 Y90
G1 X86.784 Y88.359
G1 X87.881 Y87.077
G1 X86.796 Y91.225
M204 S500
G1 F1473.913
G1 X86.796 Y90 E.04148
G1 X87.19 Y88.461 E.05376
G1 X88.275 Y87.301 E.05376
G1 X90 Y86.796 E.06084
G1 X110 Y86.796 E.67698
G1 X111.539 Y87.19 E.05376
G1 X112.699 Y88.275 E.05376
G1 X113.204 Y90 E.06084
G1 X113.204 Y110 E.67698
G1 X112.81 Y111.539 E.05376
G1 X111.725 Y112.699 E.05376
G1 X110 Y113.204 E.06084
G1 X90 Y113.204 E.67698
G1 X88.461 Y112.81 E.05376
G1 X87.301 Y111.725 E.05376
G1 X86.796 Y110 E.06084
G1 X86.796 Y91.265 E.63414
; printing object 20mmbox-LF.stl id:0 copy 0
M204 S10000
G1 E-.8 F1800
G1 X92.752 Y96.039 Z19.8 F7200
G1 X109.325 Y109.325 Z19.8
G1 Z19.4
G1 E.8 F1800
M204 S1500
;TYPE:Inner wall
G1 F1473.913
G1 X90.675 Y109.325 E.63128
G1 X90.675 Y90.675 E.63128
G1 X109.325 Y90.675 E.63128
G1 X109.325 Y109.285 E.62993
M204 S10000
G1 X109.775 Y109.775 F7200
M73 P92 R3
M204 S500
;TYPE:Outer wall
G1 F1473.913
G1 X90.225 Y109.775 E.66174
G1 X90.225 Y90.225 E.66174
G1 X109.775 Y90.225 E.66174
G1 X109.775 Y109.735 E.66039
M204 S10000
G1 X109.16 Y108.341 F7200
M204 S250
;TYPE:Internal Bridge
;WIDTH:0.4
;HEIGHT:0.4
G1 F954.93
M106 S255
G1 X108.543 Y108.958 E.04557
G1 X107.907 Y108.958 E.03325
G1 X108.958 Y107.907 E.07763
G1 X108.958 Y107.271 E.03325
G1 X107.271 Y108.958 E.12465
G1 X106.634 Y108.958 E.03325
G1 X108.958 Y106.634 E.17167
G1 X108.958 Y105.998 E.03325
G1 X105.998 Y108.958 E.21869
G1 X105.361 Y108.958 E.03325
G1 X108.958 Y105.361 E.26571
G1 X108.958 Y104.725 E.03325
G1 X104.725 Y108.958 E.31273
G1 X104.089 Y108.958 E.03325
G1 X108.958 Y104.089 E.35975
G1 X108.958 Y103.452 E.03325
G1 X103.452 Y108.958 E.40677
G1 X102.816 Y108.958 E.03325
G1 X108.958 Y102.816 E.45379
G1 X108.958 Y102.179 E.03325
G1 X102.179 Y108.958 E.50081
G1 X101.543 Y108.958 E.03325
G1 X108.958 Y101.543 E.54783
G1 X108.958 Y100.907 E.03325
G1 X100.907 Y108.958 E.59485
G1 X100.27 Y108.958 E.03325
G1 X108.958 Y100.27 E.64187
G1 X108.958 Y99.634 E.03325
G1 X99.634 Y108.958 E.68889
G1 X98.997 Y108.958 E.03325
G1 X108.958 Y98.997 E.73591
G1 X108.958 Y98.361 E.03325
G1 X98.361 Y108.958 E.78293
G1 X97.725 Y108.958 E.03325
G1 X108.958 Y97.725 E.82995
G1 X108.958 Y97.088 E.03325
G1 X97.088 Y108.958 E.87697
G1 X96.452 Y108.958 E.03325
G1 X108.958 Y96.452 E.92399
G1 X108.958 Y95.815 E.03325
G1 X95.815 Y108.958 E.97101
G1 X95.179 Y108.958 E.03325
G1 X108.958 Y95.179 E1.01803
G1 X108.958 Y94.543 E.03325
G1 X94.543 Y108.958 E1.06505
G1 X93.906 Y108.958 E.03325
G1 X108.958 Y93.906 E1.11207
G1 X108.958 Y93.27 E.03325
G1 X93.27 Y108.958 E1.1591
G1 X92.633 Y108.958 E.03325
G1 X108.958 Y92.633 E1.20612
G1 X108.958 Y91.997 E.03325
G1 X91.997 Y108.958 E1.25314
G1 X91.361 Y108.958 E.03325
G1 X108.958 Y91.361 E1.30016
G1 X108.958 Y91.042 E.01662
M73 P93 R3
G1 X108.639 Y91.042 E.01663
G1 X91.042 Y108.639 E1.30015
G1 X91.042 Y108.003 E.03325
G1 X108.003 Y91.042 E1.25312
G1 X107.366 Y91.042 E.03325
G1 X91.042 Y107.366 E1.2061
G1 X91.042 Y106.73 E.03325
M73 P93 R2
G1 X106.73 Y91.042 E1.15908
G1 X106.094 Y91.042 E.03325
G1 X91.042 Y106.094 E1.11206
G1 X91.042 Y105.457 E.03325
G1 X105.457 Y91.042 E1.06504
G1 X104.821 Y91.042 E.03325
G1 X91.042 Y104.821 E1.01802
G1 X91.042 Y104.184 E.03325
G1 X104.184 Y91.042 E.971
G1 X103.548 Y91.042 E.03325
G1 X91.042 Y103.548 E.92398
G1 X91.042 Y102.912 E.03325
G1 X102.912 Y91.042 E.87696
G1 X102.275 Y91.042 E.03325
G1 X91.042 Y102.275 E.82994
G1 X91.042 Y101.639 E.03325
G1 X101.639 Y91.042 E.78292
G1 X101.002 Y91.042 E.03325
G1 X91.042 Y101.002 E.7359
G1 X91.042 Y100.366 E.03325
G1 X100.366 Y91.042 E.68888
G1 X99.73 Y91.042 E.03325
G1 X91.042 Y99.73 E.64186
G1 X91.042 Y99.093 E.03325
G1 X99.093 Y91.042 E.59484
G1 X98.457 Y91.042 E.03325
G1 X91.042 Y98.457 E.54782
G1 X91.042 Y97.821 E.03325
G1 X97.821 Y91.042 E.5008
G1 X97.184 Y91.042 E.03325
G1 X91.042 Y97.184 E.45378
G1 X91.042 Y96.548 E.03325
G1 X96.548 Y91.042 E.40676
G1 X95.911 Y91.042 E.03325
G1 X91.042 Y95.911 E.35974
G1 X91.042 Y95.275 E.03325
G1 X95.275 Y91.042 E.31272
G1 X94.639 Y91.042 E.03325
G1 X91.042 Y94.639 E.2657
G1 X91.042 Y94.002 E.03325
G1 X94.002 Y91.042 E.21868
G1 X93.366 Y91.042 E.03325
G1 X91.042 Y93.366 E.17166
G1 X91.042 Y92.729 E.03325
G1 X92.729 Y91.042 E.12464
G1 X92.093 Y91.042 E.03325
G1 X91.042 Y92.093 E.07761
G1 X91.042 Y91.457 E.03325
G1 X91.659 Y90.84 E.04556
; stop printing object 20mmbox-LF.stl id:0 copy 0
M106 S89
;LAYER_CHANGE
;Z:19.6
;HEIGHT:0.200001
G92 E0
;_SET_FAN_SPEED_CHANGING_LAYER
M204 S10000
G1 E-.8 F1800
G1 X91.659 Y86.389 Z20 F7200
G1 Z19.6
G1 E.8 F1800
M204 S500
;TYPE:Skirt
;WIDTH:0.45
G1 F1473.913
M106 S89
G1 X110 Y86.389 E.62082
G1 X111.641 Y86.784 E.05713
G1 X112.923 Y87.881 E.05713
G1 X113.611 Y90 E.0754
G1 X113.611 Y110 E.67698
M73 P94 R2
G1 X113.216 Y111.641 E.05713
G1 X112.119 Y112.923 E.05713
G1 X110 Y113.611 E.0754
G1 X90 Y113.611 E.67698
G1 X88.359 Y113.216 E.05713
G1 X87.077 Y112.119 E.05713
G1 X86.389 Y110 E.0754
G1 X86.389 Y90 E.67698
G1 X86.784 Y88.359 E.05713
G1 X87.881 Y87.077 E.05713
G1 X90 Y86.389 E.0754
G1 X91.619 Y86.389 E.0548
M204 S10000
G1 X91.619 Y86.389 F7200
G1 X110 Y86.389
G1 X91.619 Y86.796
M204 S500
G1 F1473.913
G1 X110 Y86.796 E.62217
G1 X111.539 Y87.19 E.05376
G1 X112.699 Y88.275 E.05376
G1 X113.204 Y90 E.06084
G1 X113.204 Y110 E.67698
G1 X112.81 Y111.539 E.05376
G1 X111.725 Y112.699 E.05376
G1 X110 Y113.204 E.06084
G1 X90 Y113.204 E.67698
G1 X88.461 Y112.81 E.05376
G1 X87.301 Y111.725 E.05376
G1 X86.796 Y110 E.06084
G1 X86.796 Y90 E.67698
G1 X87.19 Y88.461 E.05376
G1 X88.275 Y87.301 E.05376
G1 X90 Y86.796 E.06084
G1 X91.579 Y86.796 E.05345
; printing object 20mmbox-LF.stl id:0 copy 0
M204 S10000
G1 E-.8 F1800
G1 X96.302 Y92.792 Z20 F7200
G1 X109.325 Y109.325 Z20
G1 Z19.6
G1 E.8 F1800
M204 S1500
;TYPE:Inner wall
G1 F1473.913
G1 X90.675 Y109.325 E.63128
G1 X90.675 Y90.675 E.63128
G1 X109.325 Y90.675 E.63128
G1 X109.325 Y109.285 E.62993
M204 S10000
G1 X109.775 Y109.775 F7200
M204 S500
;TYPE:Outer wall
G1 F1473.913
G1 X90.225 Y109.775 E.66174
G1 X90.225 Y90.225 E.66174
G1 X109.775 Y90.225 E.66174
G1 X109.775 Y109.735 E.66039
M204 S10000
G1 E-.8 F1800
G1 X107.972 Y108.861 Z20 F7200
G1 Z19.6
G1 E.8 F1800
M204 S500
;TYPE:Internal solid infill
;WIDTH:0.563777
G1 F1151.948
G1 X108.861 Y108.861 E.03851
G1 X108.861 Y107.972 E.03851
G1 X108 Y108.833 E.05273
M204 S10000
G1 E-.8 F1800
G1 X109.162 Y107.071 Z20 F7200
G1 Z19.6
G1 E.8 F1800
M204 S500
;WIDTH:0.451379
G1 F1468.936
G1 X107.254 Y108.979 E.09164
G1 X106.677 Y108.979 E.01962
G1 X108.979 Y106.677 E.11058
G1 X108.979 Y106.099 E.01962
G1 X106.099 Y108.979 E.13833
G1 X105.521 Y108.979 E.01962
G1 X108.979 Y105.521 E.16608
G1 X108.979 Y104.944 E.01962
G1 X104.944 Y108.979 E.19382
G1 X104.366 Y108.979 E.01962
G1 X108.979 Y104.366 E.22157
G1 X108.979 Y103.788 E.01962
G1 X103.788 Y108.979 E.24931
G1 X103.211 Y108.979 E.01962
G1 X108.979 Y103.211 E.27706
G1 X108.979 Y102.633 E.01962
G1 X102.633 Y108.979 E.3048
G1 X102.055 Y108.979 E.01962
G1 X108.979 Y102.055 E.33255
G1 X108.979 Y101.478 E.01962
G1 X101.478 Y108.979 E.36029
G1 X100.9 Y108.979 E.01962
G1 X108.979 Y100.9 E.38804
G1 X108.979 Y100.323 E.01962
G1 X100.323 Y108.979 E.41578
G1 X99.745 Y108.979 E.01962
G1 X108.979 Y99.745 E.44353
G1 X108.979 Y99.167 E.01962
G1 X99.167 Y108.979 E.47127
G1 X98.59 Y108.979 E.01962
G1 X108.979 Y98.59 E.49902
G1 X108.979 Y98.012 E.01962
G1 X98.012 Y108.979 E.52677
G1 X97.434 Y108.979 E.01962
G1 X108.979 Y97.434 E.55451
G1 X108.979 Y96.857 E.01962
G1 X96.857 Y108.979 E.58226
G1 X96.279 Y108.979 E.01962
G1 X108.979 Y96.279 E.61
G1 X108.979 Y95.701 E.01962
G1 X95.701 Y108.979 E.63775
G1 X95.124 Y108.979 E.01962
G1 X108.979 Y95.124 E.66549
G1 X108.979 Y94.546 E.01962
G1 X94.546 Y108.979 E.69324
M73 P95 R2
G1 X93.968 Y108.979 E.01962
G1 X108.979 Y93.968 E.72098
G1 X108.979 Y93.391 E.01962
G1 X93.391 Y108.979 E.74873
G1 X92.813 Y108.979 E.01962
G1 X108.979 Y92.813 E.77647
G1 X108.979 Y92.235 E.01962
G1 X92.235 Y108.979 E.80422
G1 X91.658 Y108.979 E.01962
G1 X108.979 Y91.658 E.83196
G1 X108.979 Y91.08 E.01962
G1 X91.08 Y108.979 E.85971
G1 X91.021 Y108.979 E.00201
G1 X91.021 Y108.46 E.01761
G1 X108.46 Y91.021 E.83765
G1 X107.883 Y91.021 E.01962
G1 X91.021 Y107.883 E.8099
G1 X91.021 Y107.305 E.01962
G1 X107.305 Y91.021 E.78216
G1 X106.728 Y91.021 E.01962
G1 X91.021 Y106.728 E.75441
G1 X91.021 Y106.15 E.01962
G1 X106.15 Y91.021 E.72666
G1 X105.572 Y91.021 E.01962
G1 X91.021 Y105.572 E.69892
G1 X91.021 Y104.995 E.01962
M73 P95 R1
G1 X104.995 Y91.021 E.67117
G1 X104.417 Y91.021 E.01962
G1 X91.021 Y104.417 E.64343
G1 X91.021 Y103.839 E.01962
G1 X103.839 Y91.021 E.61568
G1 X103.262 Y91.021 E.01962
G1 X91.021 Y103.262 E.58794
G1 X91.021 Y102.684 E.01962
G1 X102.684 Y91.021 E.56019
G1 X102.106 Y91.021 E.01962
G1 X91.021 Y102.106 E.53245
G1 X91.021 Y101.529 E.01962
G1 X101.529 Y91.021 E.5047
G1 X100.951 Y91.021 E.01962
G1 X91.021 Y100.951 E.47696
G1 X91.021 Y100.373 E.01962
G1 X100.373 Y91.021 E.44921
G1 X99.796 Y91.021 E.01962
G1 X91.021 Y99.796 E.42147
G1 X91.021 Y99.218 E.01962
G1 X99.218 Y91.021 E.39372
G1 X98.64 Y91.021 E.01962
G1 X91.021 Y98.64 E.36597
G1 X91.021 Y98.063 E.01962
G1 X98.063 Y91.021 E.33823
G1 X97.485 Y91.021 E.01962
G1 X91.021 Y97.485 E.31048
G1 X91.021 Y96.908 E.01962
G1 X96.908 Y91.021 E.28274
G1 X96.33 Y91.021 E.01962
G1 X91.021 Y96.33 E.25499
G1 X91.021 Y95.752 E.01962
G1 X95.752 Y91.021 E.22725
G1 X95.175 Y91.021 E.01962
G1 X91.021 Y95.175 E.1995
G1 X91.021 Y94.597 E.01962
G1 X94.597 Y91.021 E.17176
G1 X94.019 Y91.021 E.01962
G1 X91.021 Y94.019 E.14401
G1 X91.021 Y93.442 E.01962
G1 X93.442 Y91.021 E.11627
G1 X92.864 Y91.021 E.01962
G1 X91.021 Y92.864 E.08852
G1 X91.021 Y92.286 E.01962
G1 X92.286 Y91.021 E.06077
G1 X91.709 Y91.021 E.01962
G1 X90.838 Y91.892 E.04183
M204 S10000
G1 X91.123 Y91.049 F7200
M204 S500
;WIDTH:0.477238
G1 F1381.476
G1 X91.069 Y91.049 E.00196
G1 X91.041 Y91.096 E.00196
G1 X91.069 Y91.143 E.00196
G1 X91.123 Y91.143 E.00196
G1 X91.13 Y91.13 E.00052
; stop printing object 20mmbox-LF.stl id:0 copy 0
;LAYER_CHANGE
;Z:19.8
;HEIGHT:0.199999
G92 E0
;_SET_FAN_SPEED_CHANGING_LAYER
M204 S10000
G1 E-.8 F1800
G1 X86.389 Y91.13 Z20.2 F7200
G1 Z19.8
G1 E.8 F1800
M204 S500
;TYPE:Skirt
;WIDTH:0.45
G1 F1473.913
G1 X86.389 Y90 E.03826
G1 X86.784 Y88.359 E.05713
G1 X87.881 Y87.077 E.05713
G1 X90 Y86.389 E.0754
G1 X110 Y86.389 E.67698
G1 X111.641 Y86.784 E.05713
G1 X112.923 Y87.881 E.05713
G1 X113.611 Y90 E.0754
G1 X113.611 Y110 E.67698
G1 X113.216 Y111.641 E.05713
M73 P96 R1
G1 X112.119 Y112.923 E.05713
G1 X110 Y113.611 E.0754
G1 X90 Y113.611 E.67698
G1 X88.359 Y113.216 E.05713
G1 X87.077 Y112.119 E.05713
G1 X86.389 Y110 E.0754
G1 X86.389 Y91.17 E.63736
M204 S10000
G1 X86.389 Y91.17 F7200
G1 X86.389 Y90
G1 X86.784 Y88.359
G1 X87.881 Y87.077
G1 X86.796 Y91.17
M204 S500
G1 F1473.913
G1 X86.796 Y90 E.03961
G1 X87.19 Y88.461 E.05376
G1 X88.275 Y87.301 E.05376
G1 X90 Y86.796 E.06084
G1 X110 Y86.796 E.67698
G1 X111.539 Y87.19 E.05376
G1 X112.699 Y88.275 E.05376
G1 X113.204 Y90 E.06084
G1 X113.204 Y110 E.67698
G1 X112.81 Y111.539 E.05376
G1 X111.725 Y112.699 E.05376
G1 X110 Y113.204 E.06084
G1 X90 Y113.204 E.67698
G1 X88.461 Y112.81 E.05376
G1 X87.301 Y111.725 E.05376
G1 X86.796 Y110 E.06084
G1 X86.796 Y91.21 E.63601
; printing object 20mmbox-LF.stl id:0 copy 0
M204 S10000
G1 E-.8 F1800
G1 X92.745 Y95.993 Z20.2 F7200
G1 X109.325 Y109.325 Z20.2
G1 Z19.8
G1 E.8 F1800
M204 S1500
;TYPE:Inner wall
G1 F1473.913
G1 X90.675 Y109.325 E.63128
G1 X90.675 Y90.675 E.63128
G1 X109.325 Y90.675 E.63128
G1 X109.325 Y109.285 E.62993
M204 S10000
G1 X109.775 Y109.775 F7200
M204 S500
;TYPE:Outer wall
G1 F1473.913
G1 X90.225 Y109.775 E.66174
G1 X90.225 Y90.225 E.66174
G1 X109.775 Y90.225 E.66174
G1 X109.775 Y109.735 E.66039
M204 S10000
G1 E-.8 F1800
G1 X109.382 Y102.113 Z20.2 F7200
G1 X108.861 Y92.028 Z20.2
G1 Z19.8
G1 E.8 F1800
M204 S500
;TYPE:Internal solid infill
;WIDTH:0.563778
G1 F1151.945
G1 X108.861 Y91.139 E.03851
G1 X107.972 Y91.139 E.03851
G1 X108.833 Y92 E.05273
M204 S10000
G1 E-.8 F1800
G1 X107.071 Y90.838 Z20.2 F7200
G1 Z19.8
G1 E.8 F1800
M204 S500
;WIDTH:0.451379
G1 F1468.936
G1 X108.979 Y92.746 E.09164
G1 X108.979 Y93.323 E.01962
G1 X106.677 Y91.021 E.11058
G1 X106.099 Y91.021 E.01962
G1 X108.979 Y93.901 E.13833
G1 X108.979 Y94.479 E.01962
G1 X105.521 Y91.021 E.16608
G1 X104.944 Y91.021 E.01962
G1 X108.979 Y95.056 E.19382
G1 X108.979 Y95.634 E.01962
G1 X104.366 Y91.021 E.22157
G1 X103.788 Y91.021 E.01962
G1 X108.979 Y96.212 E.24931
G1 X108.979 Y96.789 E.01962
G1 X103.211 Y91.021 E.27706
G1 X102.633 Y91.021 E.01962
G1 X108.979 Y97.367 E.3048
G1 X108.979 Y97.945 E.01962
G1 X102.055 Y91.021 E.33255
G1 X101.478 Y91.021 E.01962
G1 X108.979 Y98.522 E.36029
G1 X108.979 Y99.1 E.01962
G1 X100.9 Y91.021 E.38804
G1 X100.323 Y91.021 E.01962
G1 X108.979 Y99.677 E.41578
G1 X108.979 Y100.255 E.01962
G1 X99.745 Y91.021 E.44353
G1 X99.167 Y91.021 E.01962
G1 X108.979 Y100.833 E.47127
G1 X108.979 Y101.41 E.01962
G1 X98.59 Y91.021 E.49902
G1 X98.012 Y91.021 E.01962
G1 X108.979 Y101.988 E.52677
G1 X108.979 Y102.566 E.01962
G1 X97.434 Y91.021 E.55451
G1 X96.857 Y91.021 E.01962
G1 X108.979 Y103.143 E.58226
G1 X108.979 Y103.721 E.01962
G1 X96.279 Y91.021 E.61
G1 X95.701 Y91.021 E.01962
G1 X108.979 Y104.299 E.63775
G1 X108.979 Y104.876 E.01962
G1 X95.124 Y91.021 E.66549
G1 X94.546 Y91.021 E.01962
G1 X108.979 Y105.454 E.69324
G1 X108.979 Y106.032 E.01962
G1 X93.968 Y91.021 E.72098
G1 X93.391 Y91.021 E.01962
M73 P97 R1
G1 X108.979 Y106.609 E.74873
G1 X108.979 Y107.187 E.01962
G1 X92.813 Y91.021 E.77647
G1 X92.235 Y91.021 E.01962
G1 X108.979 Y107.765 E.80422
G1 X108.979 Y108.342 E.01962
G1 X91.658 Y91.021 E.83196
G1 X91.08 Y91.021 E.01962
G1 X108.979 Y108.92 E.85971
G1 X108.979 Y108.979 E.00201
G1 X108.46 Y108.979 E.01761
G1 X91.021 Y91.54 E.83765
G1 X91.021 Y92.117 E.01962
G1 X107.883 Y108.979 E.8099
G1 X107.305 Y108.979 E.01962
G1 X91.021 Y92.695 E.78216
G1 X91.021 Y93.272 E.01962
G1 X106.728 Y108.979 E.75441
G1 X106.15 Y108.979 E.01962
G1 X91.021 Y93.85 E.72666
G1 X91.021 Y94.428 E.01962
G1 X105.572 Y108.979 E.69892
G1 X104.995 Y108.979 E.01962
G1 X91.021 Y95.005 E.67117
G1 X91.021 Y95.583 E.01962
G1 X104.417 Y108.979 E.64343
G1 X103.839 Y108.979 E.01962
G1 X91.021 Y96.161 E.61568
G1 X91.021 Y96.738 E.01962
G1 X103.262 Y108.979 E.58794
G1 X102.684 Y108.979 E.01962
G1 X91.021 Y97.316 E.56019
G1 X91.021 Y97.894 E.01962
G1 X102.106 Y108.979 E.53245
G1 X101.529 Y108.979 E.01962
G1 X91.021 Y98.471 E.5047
G1 X91.021 Y99.049 E.01962
G1 X100.951 Y108.979 E.47696
G1 X100.373 Y108.979 E.01962
G1 X91.021 Y99.627 E.44921
G1 X91.021 Y100.204 E.01962
G1 X99.796 Y108.979 E.42147
G1 X99.218 Y108.979 E.01962
G1 X91.021 Y100.782 E.39372
G1 X91.021 Y101.36 E.01962
G1 X98.64 Y108.979 E.36597
G1 X98.063 Y108.979 E.01962
G1 X91.021 Y101.937 E.33823
M73 P97 R0
G1 X91.021 Y102.515 E.01962
G1 X97.485 Y108.979 E.31048
G1 X96.908 Y108.979 E.01962
G1 X91.021 Y103.092 E.28274
G1 X91.021 Y103.67 E.01962
G1 X96.33 Y108.979 E.25499
G1 X95.752 Y108.979 E.01962
G1 X91.021 Y104.248 E.22725
G1 X91.021 Y104.825 E.01962
G1 X95.175 Y108.979 E.1995
G1 X94.597 Y108.979 E.01962
G1 X91.021 Y105.403 E.17176
G1 X91.021 Y105.981 E.01962
G1 X94.019 Y108.979 E.14401
G1 X93.442 Y108.979 E.01962
G1 X91.021 Y106.558 E.11627
G1 X91.021 Y107.136 E.01962
G1 X92.864 Y108.979 E.08852
G1 X92.286 Y108.979 E.01962
G1 X91.021 Y107.714 E.06077
G1 X91.021 Y108.291 E.01962
G1 X91.892 Y109.162 E.04183
M204 S10000
G1 X91.123 Y108.857 F7200
M204 S500
;WIDTH:0.477236
G1 F1381.483
G1 X91.069 Y108.857 E.00196
G1 X91.041 Y108.904 E.00196
G1 X91.069 Y108.951 E.00196
G1 X91.123 Y108.951 E.00196
G1 X91.13 Y108.939 E.00052
; stop printing object 20mmbox-LF.stl id:0 copy 0
M106 S86
;LAYER_CHANGE
;Z:20
;HEIGHT:0.200001
G92 E0
;_SET_FAN_SPEED_CHANGING_LAYER
M204 S10000
G1 E-.8 F1800
G1 X91.13 Y113.611 Z20.4 F7200
G1 Z20
G1 E.8 F1800
M204 S500
;TYPE:Skirt
;WIDTH:0.45
G1 F1473.913
G1 X90 Y113.611 E.03825
G1 X88.359 Y113.216 E.05713
G1 X87.077 Y112.119 E.05713
G1 X86.389 Y110 E.0754
G1 X86.389 Y90 E.67698
G1 X86.784 Y88.359 E.05713
G1 X87.881 Y87.077 E.05713
G1 X90 Y86.389 E.0754
G1 X110 Y86.389 E.67698
G1 X111.641 Y86.784 E.05713
G1 X112.923 Y87.881 E.05713
G1 X113.611 Y90 E.0754
G1 X113.611 Y110 E.67698
G1 X113.216 Y111.641 E.05713
M73 P98 R0
G1 X112.119 Y112.923 E.05713
G1 X110 Y113.611 E.0754
G1 X91.17 Y113.611 E.63737
M204 S10000
G1 X91.17 Y113.611 F7200
G1 X90 Y113.611
G1 X88.359 Y113.216
G1 X87.077 Y112.119
G1 X91.17 Y113.204
M204 S500
G1 F1473.913
G1 X90 Y113.204 E.0396
G1 X88.461 Y112.81 E.05376
G1 X87.301 Y111.725 E.05376
G1 X86.796 Y110 E.06084
G1 X86.796 Y90 E.67698
G1 X87.19 Y88.461 E.05376
G1 X88.275 Y87.301 E.05376
G1 X90 Y86.796 E.06084
G1 X110 Y86.796 E.67698
G1 X111.539 Y87.19 E.05376
G1 X112.699 Y88.275 E.05376
G1 X113.204 Y90 E.06084
G1 X113.204 Y110 E.67698
G1 X112.81 Y111.539 E.05376
G1 X111.725 Y112.699 E.05376
G1 X110 Y113.204 E.06084
G1 X91.21 Y113.204 E.63602
; printing object 20mmbox-LF.stl id:0 copy 0
M204 S10000
G1 E-.8 F1800
G1 X98.673 Y111.606 Z20.4 F7200
G1 X109.325 Y109.325 Z20.4
G1 Z20
G1 E.8 F1800
M204 S1500
;TYPE:Inner wall
G1 F1473.913
G1 X90.675 Y109.325 E.63128
G1 X90.675 Y90.675 E.63128
G1 X109.325 Y90.675 E.63128
G1 X109.325 Y109.285 E.62993
M204 S10000
G1 X109.775 Y109.775 F7200
M204 S500
;TYPE:Outer wall
G1 F1473.913
G1 X90.225 Y109.775 E.66174
G1 X90.225 Y90.225 E.66174
G1 X109.775 Y90.225 E.66174
G1 X109.775 Y109.735 E.66039
M204 S10000
G1 X109.205 Y108.483 F7200
M204 S500
;TYPE:Top surface
;WIDTH:0.400279
G1 F1678.984
G1 X108.483 Y109.205 E.03036
M204 S10000
G1 X107.978 Y109.205 F7200
M204 S500
G1 F1678.984
G1 X109.205 Y107.978 E.0516
M204 S10000
G1 X109.205 Y107.472 F7200
M204 S500
G1 F1678.984
G1 X107.472 Y109.205 E.07283
M204 S10000
G1 X106.967 Y109.205 F7200
M204 S500
G1 F1678.984
G1 X109.205 Y106.967 E.09407
M204 S10000
G1 X109.205 Y106.461 F7200
M204 S500
G1 F1678.984
G1 X106.461 Y109.205 E.11531
M204 S10000
G1 X105.956 Y109.205 F7200
M204 S500
G1 F1678.984
G1 X109.205 Y105.956 E.13655
M204 S10000
G1 X109.205 Y105.451 F7200
M204 S500
G1 F1678.984
G1 X105.451 Y109.205 E.15778
M204 S10000
G1 X104.945 Y109.205 F7200
M204 S500
G1 F1678.984
G1 X109.205 Y104.945 E.17902
M204 S10000
G1 X109.205 Y104.44 F7200
M204 S500
G1 F1678.984
G1 X104.44 Y109.205 E.20026
M204 S10000
G1 X103.935 Y109.205 F7200
M204 S500
G1 F1678.984
G1 X109.205 Y103.935 E.2215
M204 S10000
G1 X109.205 Y103.429 F7200
M204 S500
G1 F1678.984
G1 X103.429 Y109.205 E.24273
M204 S10000
G1 X102.924 Y109.205 F7200
M204 S500
G1 F1678.984
G1 X109.205 Y102.924 E.26397
M204 S10000
G1 X109.205 Y102.418 F7200
M204 S500
G1 F1678.984
G1 X102.418 Y109.205 E.28521
M204 S10000
G1 X101.913 Y109.205 F7200
M204 S500
G1 F1678.984
G1 X109.205 Y101.913 E.30645
M204 S10000
G1 X109.205 Y101.408 F7200
M204 S500
G1 F1678.984
G1 X101.408 Y109.205 E.32768
M204 S10000
G1 X100.902 Y109.205 F7200
M204 S500
G1 F1678.984
G1 X109.205 Y100.902 E.34892
M204 S10000
G1 X109.205 Y100.397 F7200
M204 S500
G1 F1678.984
G1 X100.397 Y109.205 E.37016
M204 S10000
G1 X99.891 Y109.205 F7200
M204 S500
G1 F1678.984
G1 X109.205 Y99.891 E.3914
M204 S10000
G1 X109.205 Y99.386 F7200
M204 S500
G1 F1678.984
G1 X99.386 Y109.205 E.41263
M204 S10000
G1 X98.881 Y109.205 F7200
M204 S500
G1 F1678.984
G1 X109.205 Y98.881 E.43387
M204 S10000
G1 X109.205 Y98.375 F7200
M204 S500
G1 F1678.984
G1 X98.375 Y109.205 E.45511
M204 S10000
G1 X97.87 Y109.205 F7200
M204 S500
G1 F1678.984
G1 X109.205 Y97.87 E.47635
M204 S10000
G1 X109.205 Y97.365 F7200
M204 S500
G1 F1678.984
G1 X97.365 Y109.205 E.49758
M204 S10000
G1 X96.859 Y109.205 F7200
M204 S500
G1 F1678.984
G1 X109.205 Y96.859 E.51882
M204 S10000
G1 X109.205 Y96.354 F7200
M204 S500
G1 F1678.984
G1 X96.354 Y109.205 E.54006
M204 S10000
G1 X95.848 Y109.205 F7200
M204 S500
G1 F1678.984
G1 X109.205 Y95.848 E.5613
M204 S10000
G1 X109.205 Y95.343 F7200
M204 S500
G1 F1678.984
G1 X95.343 Y109.205 E.58253
M204 S10000
G1 X94.838 Y109.205 F7200
M204 S500
G1 F1678.984
G1 X109.205 Y94.838 E.60377
M204 S10000
G1 X109.205 Y94.332 F7200
M204 S500
G1 F1678.984
G1 X94.332 Y109.205 E.62501
M204 S10000
G1 X93.827 Y109.205 F7200
M204 S500
G1 F1678.984
G1 X109.205 Y93.827 E.64625
M204 S10000
G1 X109.205 Y93.321 F7200
M204 S500
G1 F1678.984
G1 X93.321 Y109.205 E.66748
M204 S10000
G1 X92.816 Y109.205 F7200
M73 P99 R0
M204 S500
G1 F1678.984
G1 X109.205 Y92.816 E.68872
M204 S10000
G1 X109.205 Y92.311 F7200
M204 S500
G1 F1678.984
G1 X92.311 Y109.205 E.70996
M204 S10000
G1 X91.805 Y109.205 F7200
M204 S500
G1 F1678.984
G1 X109.205 Y91.805 E.7312
M204 S10000
G1 X109.205 Y91.3 F7200
M204 S500
G1 F1678.984
G1 X91.3 Y109.205 E.75243
M204 S10000
G1 X90.795 Y109.205 F7200
M204 S500
G1 F1678.984
G1 X109.205 Y90.795 E.77367
M204 S10000
G1 X108.7 Y90.795 F7200
M204 S500
G1 F1678.984
G1 X90.795 Y108.7 E.75243
M204 S10000
G1 X90.795 Y108.195 F7200
M204 S500
G1 F1678.984
G1 X108.195 Y90.795 E.73119
M204 S10000
G1 X107.689 Y90.795 F7200
M204 S500
G1 F1678.984
G1 X90.795 Y107.689 E.70995
M204 S10000
G1 X90.795 Y107.184 F7200
M204 S500
G1 F1678.984
G1 X107.184 Y90.795 E.68872
M204 S10000
G1 X106.678 Y90.795 F7200
M204 S500
G1 F1678.984
G1 X90.795 Y106.678 E.66748
M204 S10000
G1 X90.795 Y106.173 F7200
M204 S500
G1 F1678.984
G1 X106.173 Y90.795 E.64624
M204 S10000
G1 X105.668 Y90.795 F7200
M204 S500
G1 F1678.984
G1 X90.795 Y105.668 E.625
M204 S10000
G1 X90.795 Y105.162 F7200
M204 S500
G1 F1678.984
G1 X105.162 Y90.795 E.60377
M204 S10000
G1 X104.657 Y90.795 F7200
M204 S500
G1 F1678.984
G1 X90.795 Y104.657 E.58253
M204 S10000
G1 X90.795 Y104.152 F7200
M204 S500
G1 F1678.984
G1 X104.152 Y90.795 E.56129
M204 S10000
G1 X103.646 Y90.795 F7200
M204 S500
G1 F1678.984
G1 X90.795 Y103.646 E.54005
M204 S10000
G1 X90.795 Y103.141 F7200
M204 S500
G1 F1678.984
G1 X103.141 Y90.795 E.51882
M204 S10000
G1 X102.635 Y90.795 F7200
M204 S500
G1 F1678.984
G1 X90.795 Y102.635 E.49758
M204 S10000
G1 X90.795 Y102.13 F7200
M204 S500
G1 F1678.984
G1 X102.13 Y90.795 E.47634
M204 S10000
G1 X101.625 Y90.795 F7200
M204 S500
G1 F1678.984
G1 X90.795 Y101.625 E.4551
M204 S10000
G1 X90.795 Y101.119 F7200
M204 S500
G1 F1678.984
G1 X101.119 Y90.795 E.43387
M204 S10000
G1 X100.614 Y90.795 F7200
M204 S500
G1 F1678.984
G1 X90.795 Y100.614 E.41263
M204 S10000
G1 X90.795 Y100.108 F7200
M204 S500
G1 F1678.984
G1 X100.108 Y90.795 E.39139
M204 S10000
G1 X99.603 Y90.795 F7200
M204 S500
G1 F1678.984
G1 X90.795 Y99.603 E.37015
M204 S10000
G1 X90.795 Y99.098 F7200
M204 S500
G1 F1678.984
G1 X99.098 Y90.795 E.34892
M204 S10000
G1 X98.592 Y90.795 F7200
M204 S500
G1 F1678.984
G1 X90.795 Y98.592 E.32768
M204 S10000
G1 X90.795 Y98.087 F7200
M204 S500
G1 F1678.984
G1 X98.087 Y90.795 E.30644
M204 S10000
G1 X97.582 Y90.795 F7200
M204 S500
G1 F1678.984
G1 X90.795 Y97.582 E.2852
M204 S10000
G1 X90.795 Y97.076 F7200
M204 S500
G1 F1678.984
G1 X97.076 Y90.795 E.26397
M204 S10000
G1 X96.571 Y90.795 F7200
M204 S500
G1 F1678.984
G1 X90.795 Y96.571 E.24273
M204 S10000
G1 X90.795 Y96.065 F7200
M204 S500
G1 F1678.984
G1 X96.065 Y90.795 E.22149
M204 S10000
G1 X95.56 Y90.795 F7200
M204 S500
G1 F1678.984
G1 X90.795 Y95.56 E.20025
M204 S10000
G1 X90.795 Y95.055 F7200
M204 S500
G1 F1678.984
G1 X95.055 Y90.795 E.17902
M204 S10000
G1 X94.549 Y90.795 F7200
M204 S500
G1 F1678.984
G1 X90.795 Y94.549 E.15778
M204 S10000
G1 X90.795 Y94.044 F7200
M204 S500
G1 F1678.984
G1 X94.044 Y90.795 E.13654
M204 S10000
G1 X93.538 Y90.795 F7200
M204 S500
G1 F1678.984
G1 X90.795 Y93.538 E.1153
M204 S10000
G1 X90.795 Y93.033 F7200
M204 S500
G1 F1678.984
G1 X93.033 Y90.795 E.09407
M204 S10000
G1 X92.528 Y90.795 F7200
M204 S500
G1 F1678.984
G1 X90.795 Y92.528 E.07283
M204 S10000
G1 X90.795 Y92.022 F7200
M204 S500
G1 F1678.984
G1 X92.022 Y90.795 E.05159
M204 S10000
G1 X91.517 Y90.795 F7200
M204 S500
G1 F1678.984
G1 X90.795 Y91.517 E.03035
; stop printing object 20mmbox-LF.stl id:0 copy 0
G1 E-.8 F1800
M106 S0
;TYPE:Custom
M104 S0 ; turn off temperature
G28 X0  ; home X axis
M84     ; disable motors
M73 P100 R0
; EXECUTABLE_BLOCK_END

; filament used [mm] = 1987.76
; filament used [cm3] = 4.78
; total filament used [g] = 0.00
; total filament cost = 0.00
; total layers count = 100
; estimated printing time (normal mode) = 44m 0s
; estimated first layer printing time (normal mode) = 2s

; CONFIG_BLOCK_START
; accel_to_decel_enable = 1
; accel_to_decel_factor = 50%
; activate_air_filtration = 0
; activate_chamber_temp_control = 0
; adaptive_bed_mesh_margin = 0
; adaptive_pressure_advance = 0
; adaptive_pressure_advance_bridges = 0
; adaptive_pressure_advance_model = "0,0,0\n0,0,0"
; adaptive_pressure_advance_overhangs = 0
; additional_cooling_fan_speed = 0
; align_infill_direction_to_model = 0
; alternate_extra_wall = 0
; auxiliary_fan = 0
; bbl_calib_mark_logo = 1
; bed_custom_model = 
; bed_custom_texture = 
; bed_exclude_area = 0x0
; bed_mesh_max = 99999,99999
; bed_mesh_min = -99999,-99999
; bed_mesh_probe_distance = 50,50
; before_layer_change_gcode = 
; best_object_pos = 0.5,0.5
; bottom_shell_layers = 3
; bottom_shell_thickness = 0
; bottom_solid_infill_flow_ratio = 1
; bottom_surface_density = 100%
; bottom_surface_pattern = monotonic
; bridge_acceleration = 50%
; bridge_angle = 0
; bridge_density = 100%
; bridge_flow = 1
; bridge_no_support = 0
; bridge_speed = 25
; brim_ears_detection_length = 1
; brim_ears_max_angle = 125
; brim_object_gap = 0
; brim_type = auto_brim
; brim_width = 0
; calib_flowrate_topinfill_special_order = 0
; chamber_temperature = 0
; change_extrusion_role_gcode = 
; change_filament_gcode = 
; close_fan_the_first_x_layers = 1
; complete_print_exhaust_fan_speed = 80
; cool_plate_temp = 35
; cool_plate_temp_initial_layer = 35
; cooling_tube_length = 5
; cooling_tube_retraction = 91.5
; counterbore_hole_bridging = none
; curr_bed_type = Cool Plate
; default_acceleration = 500
; default_filament_colour = ""
; default_jerk = 0
; default_junction_deviation = 0
; default_print_profile = 0.16 Optimal @Snapmaker (0.4 nozzle)
; delta_temperature = 0
; deretraction_speed = 0
; detect_narrow_internal_solid_infill = 1
; detect_overhang_wall = 1
; detect_thin_wall = 0
; different_settings_to_system = ;
; disable_m73 = 0
; dithering_local_z_direct_multicolor = 0
; dithering_local_z_infill = 0
; dithering_local_z_mode = 0
; dithering_local_z_whole_objects = 0
; dithering_step_painted_zones_only = 1
; dithering_z_step_size = 0
; dont_filter_internal_bridges = disabled
; dont_slow_down_outer_wall = 0
; draft_shield = disabled
; during_print_exhaust_fan_speed = 60
; elefant_foot_compensation = 0.15
; elefant_foot_compensation_layers = 1
; emit_machine_limits_to_gcode = 1
; enable_arc_fitting = 0
; enable_change_pressure_when_wiping = 1
; enable_extra_bridge_layer = disabled
; enable_filament_ramming = 1
; enable_long_retraction_when_cut = 0
; enable_overhang_bridge_fan = 1
; enable_overhang_speed = 1
; enable_pressure_advance = 0
; enable_prime_tower = 0
; enable_support = 0
; enforce_support_layers = 0
; eng_plate_temp = 45
; eng_plate_temp_initial_layer = 45
; ensure_vertical_shell_thickness = ensure_all
; exclude_object = 0
; extra_loading_move = -2
; extra_perimeters_on_overhangs = 0
; extra_solid_infills = 
; extruder_clearance_height_to_lid = 120
; extruder_clearance_height_to_rod = 40
; extruder_clearance_radius = 40
; extruder_colour = #F2754E
; extruder_offset = 0x0
; extrusion_rate_smoothing_external_perimeter_only = 0
; fan_cooling_layer_time = 60
; fan_kickstart = 0
; fan_max_speed = 100
; fan_min_speed = 20
; fan_speedup_overhangs = 1
; fan_speedup_time = 0
; filament_colour = #F2754E
; filament_colour_mode = 0
; filament_cooling_final_speed = 3.4
; filament_cooling_initial_speed = 2.2
; filament_cooling_moves = 4
; filament_cost = 0
; filament_density = 0
; filament_diameter = 1.75
; filament_end_gcode = " "
; filament_flow_ratio = 1
; filament_is_high_temperature = 0
; filament_is_support = 0
; filament_loading_speed = 28
; filament_loading_speed_start = 3
; filament_max_volumetric_speed = 2
; filament_minimal_purge_on_wipe_tower = 15
; filament_multi_colors = ""
; filament_multitool_ramming = 0
; filament_multitool_ramming_flow = 10
; filament_multitool_ramming_volume = 10
; filament_notes = ""
; filament_ramming_parameters = "120 100 6.6 6.8 7.2 7.6 7.9 8.2 8.7 9.4 9.9 10.0| 0.05 6.6 0.45 6.8 0.95 7.8 1.45 8.3 1.95 9.7 2.45 10 2.95 7.6 3.45 7.6 3.95 7.6 4.45 7.6 4.95 7.6"
; filament_settings_id = ""
; filament_shrink = 100%
; filament_shrinkage_compensation_z = 100%
; filament_soluble = 0
; filament_stamping_distance = 0
; filament_stamping_loading_speed = 0
; filament_start_gcode = " "
; filament_toolchange_delay = 0
; filament_tower_ironing_area = 4
; filament_type = TPU
; filament_unloading_speed = 90
; filament_unloading_speed_start = 100
; filename_format = {input_filename_base}_{filament_type[initial_tool]}_{print_time}.gcode
; fill_multiline = 1
; filter_out_gap_fill = 0
; first_layer_print_sequence = 0
; flush_into_infill = 0
; flush_into_objects = 0
; flush_into_support = 1
; flush_multiplier = 0.3
; flush_volumes_matrix = 0,280,280,280,280,0,280,280,280,280,0,280,280,280,280,0
; flush_volumes_vector = 140,140,140,140,140,140,140,140
; full_fan_speed_layer = 0
; fuzzy_skin = none
; fuzzy_skin_first_layer = 0
; fuzzy_skin_mode = displacement
; fuzzy_skin_noise_type = classic
; fuzzy_skin_octaves = 4
; fuzzy_skin_persistence = 0.5
; fuzzy_skin_point_distance = 0.3
; fuzzy_skin_scale = 1
; fuzzy_skin_thickness = 0.2
; gap_fill_target = nowhere
; gap_infill_speed = 85
; gcode_add_line_number = 0
; gcode_comments = 0
; gcode_flavor = marlin
; gcode_label_objects = 1
; graphic_effect_plate_temp = 0
; graphic_effect_plate_temp_initial_layer = 0
; has_scarf_joint_seam = 0
; head_wrap_detect_zone = 
; high_current_on_filament_swap = 0
; hole_to_polyhole = 0
; hole_to_polyhole_threshold = 0.01
; hole_to_polyhole_twisted = 1
; hot_plate_temp = 45
; hot_plate_temp_initial_layer = 45
; idle_temperature = 0
; independent_support_layer_height = 0
; infill_anchor = 400%
; infill_anchor_max = 20
; infill_combination = 0
; infill_combination_max_layer_height = 100%
; infill_direction = 45
; infill_jerk = 9
; infill_lock_depth = 1
; infill_overhang_angle = 60
; infill_shift_step = 0.4
; infill_wall_overlap = 15%
; inherits_group = fdm_process_common;
; initial_layer_acceleration = 300
; initial_layer_infill_speed = 60
; initial_layer_jerk = 9
; initial_layer_line_width = 0
; initial_layer_min_bead_width = 85%
; initial_layer_print_height = 0.2
; initial_layer_speed = 30
; initial_layer_travel_speed = 100%
; inner_wall_acceleration = 10000
; inner_wall_jerk = 9
; inner_wall_line_width = 0
; inner_wall_speed = 90
; interface_shells = 0
; interlocking_beam = 0
; interlocking_beam_layer_count = 2
; interlocking_beam_width = 0.8
; interlocking_boundary_avoidance = 2
; interlocking_depth = 2
; interlocking_orientation = 22.5
; internal_bridge_angle = 0
; internal_bridge_density = 100%
; internal_bridge_fan_speed = -1
; internal_bridge_flow = 1
; internal_bridge_speed = 150%
; internal_solid_infill_acceleration = 100%
; internal_solid_infill_line_width = 0
; internal_solid_infill_pattern = monotonic
; internal_solid_infill_speed = 100
; ironing_angle = -1
; ironing_fan_speed = -1
; ironing_flow = 10%
; ironing_inset = 0
; ironing_pattern = rectilinear
; ironing_spacing = 0.1
; ironing_speed = 30
; ironing_type = no ironing
; is_infill_first = 0
; lateral_lattice_angle_1 = -45
; lateral_lattice_angle_2 = 45
; layer_change_gcode = G92 E0
; layer_height = 0.2
; line_width = 0
; local_z_wipe_tower_purge_lines = 3
; long_retractions_when_cut = 0
; machine_end_gcode = M104 S0 ; turn off temperature\nG28 X0  ; home X axis\nM84     ; disable motors\n
; machine_load_filament_time = 0
; machine_max_acceleration_e = 5000,5000
; machine_max_acceleration_extruding = 1500,1250
; machine_max_acceleration_retracting = 1500,1250
; machine_max_acceleration_travel = 0,0
; machine_max_acceleration_x = 1000,1000
; machine_max_acceleration_y = 1000,1000
; machine_max_acceleration_z = 500,200
; machine_max_jerk_e = 2.5,2.5
; machine_max_jerk_x = 10,10
; machine_max_jerk_y = 10,10
; machine_max_jerk_z = 0.2,0.4
; machine_max_junction_deviation = 0,0
; machine_max_speed_e = 120,120
; machine_max_speed_x = 500,200
; machine_max_speed_y = 500,200
; machine_max_speed_z = 12,12
; machine_min_extruding_rate = 0,0
; machine_min_travel_rate = 0,0
; machine_pause_gcode = 
; machine_start_gcode = G28 ; home all axes\nG1 Z5 F5000 ; lift nozzle\n
; machine_tool_change_time = 0
; machine_unload_filament_time = 0
; make_overhang_printable = 0
; make_overhang_printable_angle = 55
; make_overhang_printable_hole_size = 0
; manual_filament_change = 0
; max_bridge_length = 10
; max_layer_height = 0.28
; max_resonance_avoidance_speed = 120
; max_travel_detour_distance = 0
; max_volumetric_extrusion_rate_slope = 0
; max_volumetric_extrusion_rate_slope_segment_length = 3
; min_bead_width = 85%
; min_feature_size = 25%
; min_layer_height = 0.08
; min_length_factor = 0.5
; min_resonance_avoidance_speed = 70
; min_skirt_length = 0
; min_width_top_surface = 300%
; minimum_sparse_infill_area = 15
; mixed_color_layer_height_a = 0
; mixed_color_layer_height_b = 0
; mixed_filament_advanced_dithering = 0
; mixed_filament_component_bias_enabled = 0
; mixed_filament_definitions = 
; mixed_filament_gradient_mode = 0
; mixed_filament_height_lower_bound = 0.04
; mixed_filament_height_upper_bound = 0.16
; mixed_filament_pointillism_line_gap = 0
; mixed_filament_pointillism_pixel_size = 0
; mixed_filament_region_collapse = 1
; mixed_filament_surface_indentation = 0
; mmu_segmented_region_interlocking_depth = 0
; mmu_segmented_region_max_width = 0
; notes = 
; nozzle_diameter = 0.4
; nozzle_height = 2.5
; nozzle_hrc = 0
; nozzle_temperature = 200
; nozzle_temperature_initial_layer = 200
; nozzle_temperature_range_high = 240
; nozzle_temperature_range_low = 190
; nozzle_type = undefine
; nozzle_volume = 0
; nozzle_wipe_shield = 1
; nozzle_wipe_shield_filament = 1
; only_one_wall_first_layer = 0
; only_one_wall_top = 0
; ooze_prevention = 0
; other_layers_print_sequence = 0
; other_layers_print_sequence_nums = 0
; outer_wall_acceleration = 500
; outer_wall_jerk = 9
; outer_wall_line_width = 0
; outer_wall_speed = 60
; overhang_1_4_speed = 40
; overhang_2_4_speed = 20
; overhang_3_4_speed = 10
; overhang_4_4_speed = 0
; overhang_fan_speed = 100
; overhang_fan_threshold = 95%
; overhang_reverse = 0
; overhang_reverse_internal_only = 0
; overhang_reverse_threshold = 50%
; parking_pos_retraction = 92
; post_process = 
; precise_outer_wall = 1
; precise_z_height = 0
; preferred_orientation = 0
; preheat_steps = 1
; preheat_time = 30
; pressure_advance = 0.02
; prime_tower_brim_chamfer = 1
; prime_tower_brim_chamfer_max_width = 4
; prime_tower_brim_width = 3
; prime_tower_width = 60
; prime_volume = 45
; print_compatible_printers = "Snapmaker A250 (0.4 nozzle)";"Snapmaker A350 (0.4 nozzle)";"Snapmaker A250 Dual (0.4 nozzle)";"Snapmaker A350 Dual (0.4 nozzle)";"Snapmaker A250 QSKit (0.4 nozzle)";"Snapmaker A350 QSKit (0.4 nozzle)";"Snapmaker A250 BKit (0.4 nozzle)";"Snapmaker A350 BKit (0.4 nozzle)";"Snapmaker A250 QS+B Kit (0.4 nozzle)";"Snapmaker A350 QS+B Kit (0.4 nozzle)";"Snapmaker A250 Dual QSKit (0.4 nozzle)";"Snapmaker A350 Dual QSKit (0.4 nozzle)";"Snapmaker A250 Dual BKit (0.4 nozzle)";"Snapmaker A350 Dual BKit (0.4 nozzle)";"Snapmaker A250 Dual QS+B Kit (0.4 nozzle)";"Snapmaker A350 Dual QS+B Kit (0.4 nozzle)"
; print_flow_ratio = 1
; print_order = default
; print_sequence = by layer
; print_settings_id = wipe_shield_spike
; printable_area = 0x0,200x0,200x200,0x200
; printable_height = 100
; printer_model = Snapmaker A250
; printer_notes = 
; printer_settings_id = Snapmaker A250 (0.4 nozzle)
; printer_structure = undefine
; printer_technology = FFF
; printer_variant = 0.4
; printing_by_object_gcode = 
; purge_in_prime_tower = 1
; raft_contact_distance = 0.1
; raft_expansion = 1.5
; raft_first_layer_density = 90%
; raft_first_layer_expansion = 2
; raft_layers = 0
; ramming_line_width_ratio = 2
; ramming_pressure_advance_value = 0
; reduce_crossing_wall = 0
; reduce_fan_stop_start_freq = 0
; reduce_infill_retraction = 0
; required_nozzle_HRC = 0
; resolution = 0.01
; resonance_avoidance = 0
; retract_before_wipe = 100%
; retract_length_toolchange = 10
; retract_lift_above = 0
; retract_lift_below = 0
; retract_lift_enforce = All Surfaces
; retract_restart_extra = 0
; retract_restart_extra_toolchange = 0
; retract_when_changing_layer = 0
; retraction_distances_when_cut = 18
; retraction_length = 0.8
; retraction_minimum_travel = 2
; retraction_speed = 30
; role_based_wipe_speed = 1
; scan_first_layer = 0
; scarf_angle_threshold = 155
; scarf_joint_flow_ratio = 1
; scarf_joint_speed = 100%
; scarf_overhang_threshold = 40%
; seam_gap = 10%
; seam_position = aligned
; seam_slope_conditional = 0
; seam_slope_entire_loop = 0
; seam_slope_inner_walls = 0
; seam_slope_min_length = 20
; seam_slope_start_height = 0
; seam_slope_steps = 10
; seam_slope_type = none
; silent_mode = 0
; single_extruder_multi_material = 1
; single_extruder_multi_material_priming = 0
; single_loop_draft_shield = 0
; skeleton_infill_density = 25%
; skeleton_infill_line_width = 100%
; skin_infill_density = 25%
; skin_infill_depth = 2
; skin_infill_line_width = 100%
; skirt_distance = 3
; skirt_height = 1
; skirt_loops = 2
; skirt_speed = 50
; skirt_start_angle = -135
; skirt_type = combined
; slice_closing_radius = 0.049
; slicing_mode = regular
; slow_down_for_layer_cooling = 1
; slow_down_layer_time = 5
; slow_down_layers = 0
; slow_down_min_speed = 10
; slowdown_for_curled_perimeters = 0
; small_area_infill_flow_compensation = 0
; small_area_infill_flow_compensation_model = 0,0;"\n0.2,0.4444";"\n0.4,0.6145";"\n0.6,0.7059";"\n0.8,0.7619";"\n1.5,0.8571";"\n2,0.8889";"\n3,0.9231";"\n5,0.9520";"\n10,1"
; small_perimeter_speed = 50%
; small_perimeter_threshold = 0
; solid_infill_direction = 45
; solid_infill_filament = 1
; solid_infill_rotate_template = 
; sparse_infill_acceleration = 100%
; sparse_infill_density = 20%
; sparse_infill_filament = 1
; sparse_infill_line_width = 0
; sparse_infill_pattern = grid
; sparse_infill_rotate_template = 
; sparse_infill_speed = 95
; spiral_finishing_flow_ratio = 0
; spiral_mode = 0
; spiral_mode_max_xy_smoothing = 200%
; spiral_mode_smooth = 0
; spiral_starting_flow_ratio = 0
; staggered_inner_seams = 0
; standby_temperature_delta = -5
; start_end_points = 30x-3,54x245
; supertack_plate_temp = 35
; supertack_plate_temp_initial_layer = 35
; support_air_filtration = 1
; support_angle = 0
; support_base_pattern = default
; support_base_pattern_spacing = 2.5
; support_bottom_interface_spacing = 0.5
; support_bottom_z_distance = 0.2
; support_chamber_temp_control = 1
; support_critical_regions_only = 0
; support_expansion = 0
; support_filament = 0
; support_interface_bottom_layers = 0
; support_interface_filament = 0
; support_interface_loop_pattern = 0
; support_interface_not_for_body = 1
; support_interface_pattern = auto
; support_interface_spacing = 0.5
; support_interface_speed = 80
; support_interface_top_layers = 3
; support_ironing = 0
; support_ironing_flow = 10%
; support_ironing_pattern = rectilinear
; support_ironing_spacing = 0.1
; support_line_width = 0
; support_material_interface_fan_speed = -1
; support_multi_bed_types = 0
; support_object_first_layer_gap = 0.2
; support_object_xy_distance = 0.35
; support_on_build_plate_only = 0
; support_remove_small_overhang = 1
; support_speed = 100
; support_style = default
; support_threshold_angle = 30
; support_threshold_overlap = 50%
; support_top_z_distance = 0.2
; support_type = normal(auto)
; symmetric_infill_y_axis = 0
; temperature_vitrification = 100
; template_custom_gcode = 
; textured_cool_plate_temp = 40
; textured_cool_plate_temp_initial_layer = 40
; textured_plate_temp = 45
; textured_plate_temp_initial_layer = 45
; thick_bridges = 0
; thick_internal_bridges = 1
; thumbnails = 48x48/PNG,300x300/PNG
; time_cost = 0
; time_lapse_gcode = 
; timelapse_type = 0
; tool_change_temprature_wait = 1
; top_bottom_infill_wall_overlap = 25%
; top_shell_layers = 4
; top_shell_thickness = 0.6
; top_solid_infill_flow_ratio = 1
; top_surface_acceleration = 500
; top_surface_density = 100%
; top_surface_jerk = 9
; top_surface_line_width = 0
; top_surface_pattern = monotonicline
; top_surface_speed = 70
; travel_acceleration = 10000
; travel_jerk = 12
; travel_slope = 3
; travel_speed = 120
; travel_speed_z = 0
; tree_support_adaptive_layer_height = 1
; tree_support_angle_slow = 25
; tree_support_auto_brim = 1
; tree_support_branch_angle = 40
; tree_support_branch_angle_organic = 40
; tree_support_branch_diameter = 5
; tree_support_branch_diameter_angle = 5
; tree_support_branch_diameter_organic = 2
; tree_support_branch_distance = 5
; tree_support_branch_distance_organic = 1
; tree_support_brim_width = 3
; tree_support_tip_diameter = 0.8
; tree_support_top_rate = 30%
; tree_support_wall_count = 0
; use_firmware_retraction = 0
; use_relative_e_distances = 1
; wall_direction = auto
; wall_distribution_count = 1
; wall_filament = 1
; wall_generator = classic
; wall_loops = 2
; wall_sequence = inner wall/outer wall
; wall_transition_angle = 10
; wall_transition_filter_deviation = 25%
; wall_transition_length = 100%
; wipe = 0
; wipe_before_external_loop = 0
; wipe_distance = 1
; wipe_on_loops = 0
; wipe_speed = 80%
; wipe_tower_bridging = 10
; wipe_tower_cone_angle = 30
; wipe_tower_extra_flow = 100%
; wipe_tower_extra_rib_length = 0
; wipe_tower_extra_spacing = 100%
; wipe_tower_filament = 0
; wipe_tower_fillet_wall = 1
; wipe_tower_max_purge_speed = 90
; wipe_tower_no_sparse_layers = 0
; wipe_tower_rib_width = 8
; wipe_tower_rotation_angle = 0
; wipe_tower_wall_gap = 1
; wipe_tower_wall_type = rectangle
; wipe_tower_x = 15.000
; wipe_tower_x = 15
; wipe_tower_y = 220.000
; wipe_tower_y = 220
; wiping_volumes_extruders = 70,70,70,70,70,70,70,70,70,70
; xy_contour_compensation = 0
; xy_hole_compensation = 0
; z_hop = 0.4
; z_hop_types = Slope Lift
; z_hop_when_prime = 1
; z_offset = 0
; first_layer_bed_temperature = 35
; bed_shape = 0x0,200x0,200x200,0x200
; first_layer_temperature = 200
; first_layer_height = 0.200
; CONFIG_BLOCK_END


